[0m22:50:31.197585 [debug] [MainThread]: Sending event: {'category': 'dbt', 'action': 'invocation', 'label': 'start', 'context': [<snowplow_tracker.self_describing_json.SelfDescribingJson object at 0x7f8f1bcc96a0>, <snowplow_tracker.self_describing_json.SelfDescribingJson object at 0x7f8f1e914f50>, <snowplow_tracker.self_describing_json.SelfDescribingJson object at 0x7f8f1a8afd90>]}


============================== 22:50:31.204168 | a1d03a3e-32e5-49e9-9062-082a6cbae793 ==============================
[0m22:50:31.204168 [info ] [MainThread]: Running with dbt=1.12.4
[0m22:50:31.205346 [debug] [MainThread]: running dbt with arguments {'empty': 'None', 'send_anonymous_usage_stats': 'True', 'debug': 'False', 'no_print': 'None', 'use_experimental_parser': 'False', 'printer_width': '80', 'profiles_dir': './configs/dbt', 'cache_selected_only': 'False', 'introspect': 'True', 'indirect_selection': 'eager', 'invocation_command': 'dbt debug --project-dir ./dbt --profiles-dir ./configs/dbt', 'quiet': 'False', 'warn_error': 'None', 'log_format': 'default', 'partial_parse': 'True', 'log_cache_events': 'False', 'use_colors': 'True', 'write_json': 'True', 'static_parser': 'True', 'fail_fast': 'False', 'maximum_seed_size_mib': '1', 'target_path': 'None', 'hints_enabled': 'True', 'log_path': 'dbt/logs', 'version_check': 'True', 'warn_error_options': 'WarnErrorOptionsV2(error=[], warn=[], silence=[])'}
[0m22:50:31.223091 [info ] [MainThread]: dbt version: 1.12.4
[0m22:50:31.223843 [info ] [MainThread]: python version: 3.13.15
[0m22:50:31.224353 [info ] [MainThread]: python path: /var/home/tarus/projects/f1-lakehouse/.venv-dbt/bin/python3.13
[0m22:50:31.224797 [info ] [MainThread]: os info: Linux-7.2.1-ogc4.1.fc44.x86_64-x86_64-with-glibc2.43
[0m22:50:31.357472 [info ] [MainThread]: Using profiles dir at ./configs/dbt
[0m22:50:31.358157 [info ] [MainThread]: Using profiles.yml file at ./configs/dbt/profiles.yml
[0m22:50:31.358570 [info ] [MainThread]: Using dbt_project.yml file at dbt/dbt_project.yml
[0m22:50:31.358948 [info ] [MainThread]: adapter type: trino
[0m22:50:31.359306 [info ] [MainThread]: adapter version: 1.10.3
[0m22:50:31.555495 [info ] [MainThread]: Configuration:
[0m22:50:31.556161 [info ] [MainThread]:   profiles.yml file [[32mOK found and valid[0m]
[0m22:50:31.556572 [info ] [MainThread]:   dbt_project.yml file [[32mOK found and valid[0m]
[0m22:50:31.556960 [info ] [MainThread]: Required dependencies:
[0m22:50:31.557374 [debug] [MainThread]: Executing "git --help"
[0m22:50:31.560463 [debug] [MainThread]: STDOUT: "b"usage: git [-v | --version] [-h | --help] [-C <path>] [-c <name>=<value>]\n           [--exec-path[=<path>]] [--html-path] [--man-path] [--info-path]\n           [-p | --paginate | -P | --no-pager] [--no-replace-objects] [--no-lazy-fetch]\n           [--no-optional-locks] [--no-advice] [--bare] [--git-dir=<path>]\n           [--work-tree=<path>] [--namespace=<name>] [--config-env=<name>=<envvar>]\n           <command> [<args>]\n\nThese are common Git commands used in various situations:\n\nstart a working area (see also: git help tutorial)\n   clone      Clone a repository into a new directory\n   init       Create an empty Git repository or reinitialize an existing one\n\nwork on the current change (see also: git help everyday)\n   add        Add file contents to the index\n   mv         Move or rename a file, a directory, or a symlink\n   restore    Restore working tree files\n   rm         Remove files from the working tree and from the index\n\nexamine the history and state (see also: git help revisions)\n   bisect     Use binary search to find the commit that introduced a bug\n   diff       Show changes between commits, commit and working tree, etc\n   grep       Print lines matching a pattern\n   log        Show commit logs\n   show       Show various types of objects\n   status     Show the working tree status\n\ngrow, mark and tweak your common history\n   backfill   Download missing objects in a partial clone\n   branch     List, create, or delete branches\n   commit     Record changes to the repository\n   history    EXPERIMENTAL: Rewrite history\n   merge      Join two or more development histories together\n   rebase     Reapply commits on top of another base tip\n   reset      Set `HEAD` or the index to a known state\n   switch     Switch branches\n   tag        Create, list, delete or verify tags\n\ncollaborate (see also: git help workflows)\n   fetch      Download objects and refs from another repository\n   pull       Fetch from and integrate with another repository or a local branch\n   push       Update remote refs along with associated objects\n\n'git help -a' and 'git help -g' list available subcommands and some\nconcept guides. See 'git help <command>' or 'git help <concept>'\nto read about a specific subcommand or concept.\nSee 'git help git' for an overview of the system.\n""
[0m22:50:31.561366 [debug] [MainThread]: STDERR: "b''"
[0m22:50:31.562008 [info ] [MainThread]:  - git [[32mOK found[0m]

[0m22:50:31.562628 [info ] [MainThread]: Connection:
[0m22:50:31.563255 [info ] [MainThread]:   host: localhost
[0m22:50:31.563827 [info ] [MainThread]:   port: 8081
[0m22:50:31.564397 [info ] [MainThread]:   user: f1_dbt
[0m22:50:31.564964 [info ] [MainThread]:   database: iceberg
[0m22:50:31.565513 [info ] [MainThread]:   schema: silver
[0m22:50:31.566074 [info ] [MainThread]:   cert: None
[0m22:50:31.566630 [info ] [MainThread]:   prepared_statements_enabled: True
[0m22:50:31.567213 [info ] [MainThread]:   starburst_url: None
[0m22:50:31.567762 [info ] [MainThread]:   starburst_metadata_failure_strategy: continue_on_error
[0m22:50:31.568330 [info ] [MainThread]:   starburst_max_column_batch_size: 100
[0m22:50:31.569197 [info ] [MainThread]: Registered adapter: trino=1.10.3
[0m22:50:31.672116 [debug] [MainThread]: Acquiring new trino connection 'debug'
[0m22:50:31.710691 [debug] [MainThread]: Using trino connection "debug"
[0m22:50:31.711300 [debug] [MainThread]: On debug: select 1 as id
[0m22:50:31.711702 [debug] [MainThread]: Opening a new connection, currently in state init
[0m22:50:31.712052 [warn ] [MainThread]: [[33mWARNING[0m]: SSL certificate validation is disabled by default. It is legacy behavior which will be changed in future releases. It is strongly advised to enable `require_certificate_validation` flag or explicitly set `cert` configuration to `True` for security reasons. You may receive an error after that if your SSL setup is incorrect.
You may opt into the new behavior sooner by setting `flags.require_certificate_validation` to `True` in `dbt_project.yml`.
Visit https://docs.getdbt.com/reference/global-configs/behavior-changes for more information.
[0m22:50:31.712658 [debug] [MainThread]: Sending event: {'category': 'dbt', 'action': 'BehaviorChangeEvent', 'label': 'a1d03a3e-32e5-49e9-9062-082a6cbae793', 'context': [<snowplow_tracker.self_describing_json.SelfDescribingJson object at 0x7f8f1a8e10f0>]}
[0m22:50:31.796630 [debug] [MainThread]: SQL status: SUCCESS in 0.085 seconds
[0m22:50:31.799552 [debug] [MainThread]: On debug: Close
[0m22:50:31.800916 [info ] [MainThread]:   Connection test: [[32mOK connection ok[0m]

[0m22:50:31.802084 [info ] [MainThread]: [32mAll checks passed![0m
[0m22:50:31.804865 [debug] [MainThread]: Resource report: {"command_name": "debug", "command_success": true, "command_wall_clock_time": 0.7597814, "process_in_blocks": "56", "process_kernel_time": 0.173682, "process_mem_max_rss": "123776", "process_out_blocks": "120", "process_user_time": 2.518367}
[0m22:50:31.806363 [debug] [MainThread]: Command `dbt debug` succeeded at 22:50:31.806135 after 0.76 seconds
[0m22:50:31.807045 [debug] [MainThread]: Connection 'debug' was properly closed.
[0m22:50:31.807725 [debug] [MainThread]: Sending event: {'category': 'dbt', 'action': 'invocation', 'label': 'end', 'context': [<snowplow_tracker.self_describing_json.SelfDescribingJson object at 0x7f8f1a4c0270>, <snowplow_tracker.self_describing_json.SelfDescribingJson object at 0x7f8f1a4c1f20>, <snowplow_tracker.self_describing_json.SelfDescribingJson object at 0x7f8f19fac450>]}
[0m22:50:31.808533 [debug] [MainThread]: Flushing usage events
[0m22:50:32.108346 [debug] [MainThread]: An error was encountered while trying to flush usage events
[0m22:51:58.566863 [debug] [MainThread]: Sending event: {'category': 'dbt', 'action': 'invocation', 'label': 'start', 'context': [<snowplow_tracker.self_describing_json.SelfDescribingJson object at 0x7f56652a96a0>, <snowplow_tracker.self_describing_json.SelfDescribingJson object at 0x7f5667edcf50>, <snowplow_tracker.self_describing_json.SelfDescribingJson object at 0x7f5663e93d90>]}


============================== 22:51:58.573154 | d503cac3-37ba-4641-ae69-b64303487bb1 ==============================
[0m22:51:58.573154 [info ] [MainThread]: Running with dbt=1.12.4
[0m22:51:58.574297 [debug] [MainThread]: running dbt with arguments {'invocation_command': 'dbt ls --project-dir ./dbt --profiles-dir ./configs/dbt', 'static_parser': 'True', 'empty': 'None', 'no_print': 'None', 'cache_selected_only': 'False', 'use_colors': 'True', 'printer_width': '80', 'introspect': 'True', 'send_anonymous_usage_stats': 'True', 'fail_fast': 'False', 'maximum_seed_size_mib': '1', 'partial_parse': 'True', 'quiet': 'False', 'indirect_selection': 'eager', 'warn_error': 'None', 'log_cache_events': 'False', 'warn_error_options': 'WarnErrorOptionsV2(error=[], warn=[], silence=[])', 'hints_enabled': 'True', 'log_format': 'default', 'log_path': 'dbt/logs', 'target_path': 'None', 'write_json': 'True', 'debug': 'False', 'profiles_dir': './configs/dbt', 'use_experimental_parser': 'False', 'version_check': 'True'}
[0m22:51:58.906894 [debug] [MainThread]: Sending event: {'category': 'dbt', 'action': 'project_id', 'label': 'd503cac3-37ba-4641-ae69-b64303487bb1', 'context': [<snowplow_tracker.self_describing_json.SelfDescribingJson object at 0x7f5664fe5a70>]}
[0m22:51:59.038369 [debug] [MainThread]: Sending event: {'category': 'dbt', 'action': 'adapter_info', 'label': 'd503cac3-37ba-4641-ae69-b64303487bb1', 'context': [<snowplow_tracker.self_describing_json.SelfDescribingJson object at 0x7f56649d1480>]}
[0m22:51:59.039552 [info ] [MainThread]: Registered adapter: trino=1.10.3
[0m22:51:59.146458 [debug] [MainThread]: checksum: 6feb0373bf5e249bcfe93c2d0c493de2a05a899ef7ebdf18543bed5cf777135b, vars: {}, profile: f1_lakehouse, target: dev, version: 1.12.4
[0m22:51:59.147314 [info ] [MainThread]: Unable to do partial parsing because saved manifest not found. Starting full parse.
[0m22:51:59.147815 [debug] [MainThread]: Sending event: {'category': 'dbt', 'action': 'partial_parser', 'label': 'd503cac3-37ba-4641-ae69-b64303487bb1', 'context': [<snowplow_tracker.self_describing_json.SelfDescribingJson object at 0x7f5663c3d650>]}
[0m22:52:00.805736 [warn ] [MainThread]: [[33mWARNING[0m]: Configuration paths exist in your dbt_project.yml file which do not apply to any resources.
There are 2 unused configuration paths:
- models.f1_lakehouse.silver
- models.f1_lakehouse.gold
[0m22:52:00.811149 [debug] [MainThread]: Sending event: {'category': 'dbt', 'action': 'load_project', 'label': 'd503cac3-37ba-4641-ae69-b64303487bb1', 'context': [<snowplow_tracker.self_describing_json.SelfDescribingJson object at 0x7f56636586e0>]}
[0m22:52:00.940259 [debug] [MainThread]: Wrote artifact WritableManifest to dbt/target/manifest.json
[0m22:52:00.943874 [debug] [MainThread]: Wrote artifact SemanticManifest to dbt/target/semantic_manifest.json
[0m22:52:00.959927 [debug] [MainThread]: Wrote artifact OsiDocument to dbt/target/osi_document.json
[0m22:52:00.977923 [debug] [MainThread]: Sending event: {'category': 'dbt', 'action': 'resource_counts', 'label': 'd503cac3-37ba-4641-ae69-b64303487bb1', 'context': [<snowplow_tracker.self_describing_json.SelfDescribingJson object at 0x7f56632a51d0>]}
[0m22:52:00.978615 [info ] [MainThread]: Found 10 data tests, 3 sources, 497 macros
[0m22:52:00.979086 [debug] [MainThread]: Sending event: {'category': 'dbt', 'action': 'runnable_timing', 'label': 'd503cac3-37ba-4641-ae69-b64303487bb1', 'context': [<snowplow_tracker.self_describing_json.SelfDescribingJson object at 0x7f5663656b60>]}
[0m22:52:00.980349 [info ] [MainThread]: source:f1_lakehouse.bronze.laps
[0m22:52:00.980860 [info ] [MainThread]: source:f1_lakehouse.bronze.results
[0m22:52:00.981217 [info ] [MainThread]: source:f1_lakehouse.bronze.weather
[0m22:52:00.981561 [info ] [MainThread]: f1_lakehouse.bronze.source_not_null_bronze_laps_driver_code
[0m22:52:00.981899 [info ] [MainThread]: f1_lakehouse.bronze.source_not_null_bronze_laps_event_slug
[0m22:52:00.982215 [info ] [MainThread]: f1_lakehouse.bronze.source_not_null_bronze_laps_lap_number
[0m22:52:00.982527 [info ] [MainThread]: f1_lakehouse.bronze.source_not_null_bronze_laps_season
[0m22:52:00.982839 [info ] [MainThread]: f1_lakehouse.bronze.source_not_null_bronze_laps_session_type
[0m22:52:00.983151 [info ] [MainThread]: f1_lakehouse.bronze.source_not_null_bronze_results_driver_code
[0m22:52:00.983459 [info ] [MainThread]: f1_lakehouse.bronze.source_not_null_bronze_results_event_slug
[0m22:52:00.983771 [info ] [MainThread]: f1_lakehouse.bronze.source_not_null_bronze_results_season
[0m22:52:00.984079 [info ] [MainThread]: f1_lakehouse.bronze.source_not_null_bronze_weather_event_slug
[0m22:52:00.984387 [info ] [MainThread]: f1_lakehouse.bronze.source_not_null_bronze_weather_season
[0m22:52:00.985551 [debug] [MainThread]: Resource report: {"command_name": "list", "command_success": true, "command_wall_clock_time": 2.584565, "process_in_blocks": "0", "process_kernel_time": 0.173702, "process_mem_max_rss": "131744", "process_out_blocks": "2552", "process_user_time": 4.414669}
[0m22:52:00.986230 [debug] [MainThread]: Command `dbt ls` succeeded at 22:52:00.986092 after 2.59 seconds
[0m22:52:00.986721 [debug] [MainThread]: Sending event: {'category': 'dbt', 'action': 'invocation', 'label': 'end', 'context': [<snowplow_tracker.self_describing_json.SelfDescribingJson object at 0x7f5663f1d190>, <snowplow_tracker.self_describing_json.SelfDescribingJson object at 0x7f56633e1e90>, <snowplow_tracker.self_describing_json.SelfDescribingJson object at 0x7f56633e1de0>]}
[0m22:52:00.987222 [debug] [MainThread]: Flushing usage events
[0m22:52:01.363224 [debug] [MainThread]: An error was encountered while trying to flush usage events
[0m22:52:19.543907 [debug] [MainThread]: Sending event: {'category': 'dbt', 'action': 'invocation', 'label': 'start', 'context': [<snowplow_tracker.self_describing_json.SelfDescribingJson object at 0x7f60e92cd6a0>, <snowplow_tracker.self_describing_json.SelfDescribingJson object at 0x7f60e7d77ed0>, <snowplow_tracker.self_describing_json.SelfDescribingJson object at 0x7f60e7d77b10>]}


============================== 22:52:19.548297 | 8849921b-72fc-4363-a587-644e1a2ff847 ==============================
[0m22:52:19.548297 [info ] [MainThread]: Running with dbt=1.12.4
[0m22:52:19.549029 [debug] [MainThread]: running dbt with arguments {'log_format': 'default', 'printer_width': '80', 'no_print': 'None', 'send_anonymous_usage_stats': 'True', 'hints_enabled': 'True', 'warn_error_options': 'WarnErrorOptionsV2(error=[], warn=[], silence=[])', 'warn_error': 'None', 'log_cache_events': 'False', 'version_check': 'True', 'use_colors': 'True', 'cache_selected_only': 'False', 'fail_fast': 'False', 'static_parser': 'True', 'partial_parse': 'True', 'introspect': 'True', 'empty': 'None', 'maximum_seed_size_mib': '1', 'profiles_dir': './configs/dbt', 'indirect_selection': 'eager', 'quiet': 'False', 'invocation_command': 'dbt test --select source:bronze --project-dir ./dbt --profiles-dir ./configs/dbt', 'debug': 'False', 'use_experimental_parser': 'False', 'log_path': 'dbt/logs', 'target_path': 'None', 'write_json': 'True'}
[0m22:52:19.863877 [debug] [MainThread]: Sending event: {'category': 'dbt', 'action': 'project_id', 'label': '8849921b-72fc-4363-a587-644e1a2ff847', 'context': [<snowplow_tracker.self_describing_json.SelfDescribingJson object at 0x7f60e9009a70>]}
[0m22:52:19.997605 [debug] [MainThread]: Sending event: {'category': 'dbt', 'action': 'adapter_info', 'label': '8849921b-72fc-4363-a587-644e1a2ff847', 'context': [<snowplow_tracker.self_describing_json.SelfDescribingJson object at 0x7f60e7f0d8c0>]}
[0m22:52:19.998788 [info ] [MainThread]: Registered adapter: trino=1.10.3
[0m22:52:20.105536 [debug] [MainThread]: checksum: 6feb0373bf5e249bcfe93c2d0c493de2a05a899ef7ebdf18543bed5cf777135b, vars: {}, profile: f1_lakehouse, target: dev, version: 1.12.4
[0m22:52:20.350912 [debug] [MainThread]: Partial parsing enabled: 0 files deleted, 0 files added, 0 files changed.
[0m22:52:20.351510 [debug] [MainThread]: Nothing changed, skipping partial parsing.
[0m22:52:20.351925 [debug] [MainThread]: Partial parsing enabled, no changes found, skipping parsing
[0m22:52:20.352611 [warn ] [MainThread]: [[33mWARNING[0m]: Configuration paths exist in your dbt_project.yml file which do not apply to any resources.
There are 2 unused configuration paths:
- models.f1_lakehouse.silver
- models.f1_lakehouse.gold
[0m22:52:20.358478 [debug] [MainThread]: Sending event: {'category': 'dbt', 'action': 'load_project', 'label': '8849921b-72fc-4363-a587-644e1a2ff847', 'context': [<snowplow_tracker.self_describing_json.SelfDescribingJson object at 0x7f60e756a650>]}
[0m22:52:20.515861 [debug] [MainThread]: Wrote artifact WritableManifest to dbt/target/manifest.json
[0m22:52:20.519720 [debug] [MainThread]: Wrote artifact SemanticManifest to dbt/target/semantic_manifest.json
[0m22:52:20.537150 [debug] [MainThread]: Wrote artifact OsiDocument to dbt/target/osi_document.json
[0m22:52:20.562005 [debug] [MainThread]: Sending event: {'category': 'dbt', 'action': 'resource_counts', 'label': '8849921b-72fc-4363-a587-644e1a2ff847', 'context': [<snowplow_tracker.self_describing_json.SelfDescribingJson object at 0x7f60e7486300>]}
[0m22:52:20.562725 [info ] [MainThread]: Found 10 data tests, 3 sources, 497 macros
[0m22:52:20.563206 [debug] [MainThread]: Sending event: {'category': 'dbt', 'action': 'runnable_timing', 'label': '8849921b-72fc-4363-a587-644e1a2ff847', 'context': [<snowplow_tracker.self_describing_json.SelfDescribingJson object at 0x7f60e74e4750>]}
[0m22:52:20.565941 [info ] [MainThread]: 
[0m22:52:20.566454 [info ] [MainThread]: Concurrency: 4 threads (target='dev')
[0m22:52:20.566872 [info ] [MainThread]: 
[0m22:52:20.567581 [debug] [MainThread]: Acquiring new trino connection 'master'
[0m22:52:20.568234 [debug] [MainThread]: Sending event: {'category': 'dbt', 'action': 'runnable_timing', 'label': '8849921b-72fc-4363-a587-644e1a2ff847', 'context': [<snowplow_tracker.self_describing_json.SelfDescribingJson object at 0x7f60e74c21a0>]}
[0m22:52:20.568744 [debug] [MainThread]: On master: COMMIT
[0m22:52:20.575669 [debug] [Thread-1 (]: Began running node test.f1_lakehouse.source_not_null_bronze_laps_driver_code.56bd742ed7
[0m22:52:20.576274 [info ] [Thread-1 (]: 1 of 10 START test source_not_null_bronze_laps_driver_code ..................... [RUN]
[0m22:52:20.576997 [debug] [Thread-1 (]: Acquiring new trino connection 'test.f1_lakehouse.source_not_null_bronze_laps_driver_code.56bd742ed7'
[0m22:52:20.577451 [debug] [Thread-1 (]: Began compiling node test.f1_lakehouse.source_not_null_bronze_laps_driver_code.56bd742ed7
[0m22:52:20.578130 [debug] [Thread-3 (]: Began running node test.f1_lakehouse.source_not_null_bronze_laps_lap_number.82b2201cba
[0m22:52:20.579073 [debug] [Thread-4 (]: Began running node test.f1_lakehouse.source_not_null_bronze_laps_season.a9a8566ca5
[0m22:52:20.579957 [debug] [Thread-2 (]: Began running node test.f1_lakehouse.source_not_null_bronze_laps_event_slug.07baad0280
[0m22:52:20.586234 [info ] [Thread-3 (]: 3 of 10 START test source_not_null_bronze_laps_lap_number ...................... [RUN]
[0m22:52:20.587346 [info ] [Thread-4 (]: 4 of 10 START test source_not_null_bronze_laps_season .......................... [RUN]
[0m22:52:20.588268 [info ] [Thread-2 (]: 2 of 10 START test source_not_null_bronze_laps_event_slug ...................... [RUN]
[0m22:52:20.605219 [debug] [Thread-3 (]: Acquiring new trino connection 'test.f1_lakehouse.source_not_null_bronze_laps_lap_number.82b2201cba'
[0m22:52:20.616494 [debug] [Thread-4 (]: Acquiring new trino connection 'test.f1_lakehouse.source_not_null_bronze_laps_season.a9a8566ca5'
[0m22:52:20.629662 [debug] [Thread-1 (]: Writing injected SQL for node "test.f1_lakehouse.source_not_null_bronze_laps_driver_code.56bd742ed7"
[0m22:52:20.631269 [debug] [Thread-2 (]: Acquiring new trino connection 'test.f1_lakehouse.source_not_null_bronze_laps_event_slug.07baad0280'
[0m22:52:20.632552 [debug] [Thread-3 (]: Began compiling node test.f1_lakehouse.source_not_null_bronze_laps_lap_number.82b2201cba
[0m22:52:20.633680 [debug] [Thread-4 (]: Began compiling node test.f1_lakehouse.source_not_null_bronze_laps_season.a9a8566ca5
[0m22:52:20.635164 [debug] [Thread-2 (]: Began compiling node test.f1_lakehouse.source_not_null_bronze_laps_event_slug.07baad0280
[0m22:52:20.665142 [debug] [Thread-4 (]: Writing injected SQL for node "test.f1_lakehouse.source_not_null_bronze_laps_season.a9a8566ca5"
[0m22:52:20.678599 [debug] [Thread-2 (]: Writing injected SQL for node "test.f1_lakehouse.source_not_null_bronze_laps_event_slug.07baad0280"
[0m22:52:20.681034 [debug] [Thread-3 (]: Writing injected SQL for node "test.f1_lakehouse.source_not_null_bronze_laps_lap_number.82b2201cba"
[0m22:52:20.682237 [debug] [Thread-2 (]: Began executing node test.f1_lakehouse.source_not_null_bronze_laps_event_slug.07baad0280
[0m22:52:20.692655 [debug] [Thread-1 (]: Began executing node test.f1_lakehouse.source_not_null_bronze_laps_driver_code.56bd742ed7
[0m22:52:20.724002 [debug] [Thread-4 (]: Began executing node test.f1_lakehouse.source_not_null_bronze_laps_season.a9a8566ca5
[0m22:52:20.745698 [debug] [Thread-3 (]: Began executing node test.f1_lakehouse.source_not_null_bronze_laps_lap_number.82b2201cba
[0m22:52:20.754345 [debug] [Thread-4 (]: Writing runtime sql for node "test.f1_lakehouse.source_not_null_bronze_laps_season.a9a8566ca5"
[0m22:52:20.756717 [debug] [Thread-2 (]: Writing runtime sql for node "test.f1_lakehouse.source_not_null_bronze_laps_event_slug.07baad0280"
[0m22:52:20.757692 [debug] [Thread-3 (]: Writing runtime sql for node "test.f1_lakehouse.source_not_null_bronze_laps_lap_number.82b2201cba"
[0m22:52:20.760071 [debug] [Thread-1 (]: Writing runtime sql for node "test.f1_lakehouse.source_not_null_bronze_laps_driver_code.56bd742ed7"
[0m22:52:20.792942 [debug] [Thread-4 (]: Using trino connection "test.f1_lakehouse.source_not_null_bronze_laps_season.a9a8566ca5"
[0m22:52:20.793655 [debug] [Thread-4 (]: On test.f1_lakehouse.source_not_null_bronze_laps_season.a9a8566ca5: /* {"app": "dbt", "dbt_version": "1.12.4", "profile_name": "f1_lakehouse", "target_name": "dev", "node_id": "test.f1_lakehouse.source_not_null_bronze_laps_season.a9a8566ca5"} */

    
    select
      count(*) as failures,
      count(*) != 0 as should_warn,
      count(*) != 0 as should_error
    from (
      
    
  
    
    



select season
from "iceberg"."bronze"."laps"
where season is null



  
  
      
    ) dbt_internal_test
[0m22:52:20.794200 [debug] [Thread-4 (]: Opening a new connection, currently in state init
[0m22:52:20.794594 [warn ] [Thread-4 (]: [[33mWARNING[0m]: SSL certificate validation is disabled by default. It is legacy behavior which will be changed in future releases. It is strongly advised to enable `require_certificate_validation` flag or explicitly set `cert` configuration to `True` for security reasons. You may receive an error after that if your SSL setup is incorrect.
You may opt into the new behavior sooner by setting `flags.require_certificate_validation` to `True` in `dbt_project.yml`.
Visit https://docs.getdbt.com/reference/global-configs/behavior-changes for more information.
[0m22:52:20.795244 [debug] [Thread-4 (]: Sending event: {'category': 'dbt', 'action': 'BehaviorChangeEvent', 'label': '8849921b-72fc-4363-a587-644e1a2ff847', 'context': [<snowplow_tracker.self_describing_json.SelfDescribingJson object at 0x7f60e7617a10>]}
[0m22:52:20.797306 [debug] [Thread-3 (]: Using trino connection "test.f1_lakehouse.source_not_null_bronze_laps_lap_number.82b2201cba"
[0m22:52:20.797889 [debug] [Thread-3 (]: On test.f1_lakehouse.source_not_null_bronze_laps_lap_number.82b2201cba: /* {"app": "dbt", "dbt_version": "1.12.4", "profile_name": "f1_lakehouse", "target_name": "dev", "node_id": "test.f1_lakehouse.source_not_null_bronze_laps_lap_number.82b2201cba"} */

    
    select
      count(*) as failures,
      count(*) != 0 as should_warn,
      count(*) != 0 as should_error
    from (
      
    
  
    
    



select lap_number
from "iceberg"."bronze"."laps"
where lap_number is null



  
  
      
    ) dbt_internal_test
[0m22:52:20.798417 [debug] [Thread-3 (]: Opening a new connection, currently in state init
[0m22:52:20.798798 [warn ] [Thread-3 (]: [[33mWARNING[0m]: SSL certificate validation is disabled by default. It is legacy behavior which will be changed in future releases. It is strongly advised to enable `require_certificate_validation` flag or explicitly set `cert` configuration to `True` for security reasons. You may receive an error after that if your SSL setup is incorrect.
You may opt into the new behavior sooner by setting `flags.require_certificate_validation` to `True` in `dbt_project.yml`.
Visit https://docs.getdbt.com/reference/global-configs/behavior-changes for more information.
[0m22:52:20.799405 [debug] [Thread-3 (]: Sending event: {'category': 'dbt', 'action': 'BehaviorChangeEvent', 'label': '8849921b-72fc-4363-a587-644e1a2ff847', 'context': [<snowplow_tracker.self_describing_json.SelfDescribingJson object at 0x7f60e74694f0>]}
[0m22:52:20.803062 [debug] [Thread-2 (]: Using trino connection "test.f1_lakehouse.source_not_null_bronze_laps_event_slug.07baad0280"
[0m22:52:20.803937 [debug] [Thread-2 (]: On test.f1_lakehouse.source_not_null_bronze_laps_event_slug.07baad0280: /* {"app": "dbt", "dbt_version": "1.12.4", "profile_name": "f1_lakehouse", "target_name": "dev", "node_id": "test.f1_lakehouse.source_not_null_bronze_laps_event_slug.07baad0280"} */

    
    select
      count(*) as failures,
      count(*) != 0 as should_warn,
      count(*) != 0 as should_error
    from (
      
    
  
    
    



select event_slug
from "iceberg"."bronze"."laps"
where event_slug is null



  
  
      
    ) dbt_internal_test
[0m22:52:20.804693 [debug] [Thread-2 (]: Opening a new connection, currently in state init
[0m22:52:20.807483 [debug] [Thread-1 (]: Using trino connection "test.f1_lakehouse.source_not_null_bronze_laps_driver_code.56bd742ed7"
[0m22:52:20.808443 [debug] [Thread-1 (]: On test.f1_lakehouse.source_not_null_bronze_laps_driver_code.56bd742ed7: /* {"app": "dbt", "dbt_version": "1.12.4", "profile_name": "f1_lakehouse", "target_name": "dev", "node_id": "test.f1_lakehouse.source_not_null_bronze_laps_driver_code.56bd742ed7"} */

    
    select
      count(*) as failures,
      count(*) != 0 as should_warn,
      count(*) != 0 as should_error
    from (
      
    
  
    
    



select driver_code
from "iceberg"."bronze"."laps"
where driver_code is null



  
  
      
    ) dbt_internal_test
[0m22:52:20.809064 [debug] [Thread-1 (]: Opening a new connection, currently in state init
[0m22:52:21.313029 [debug] [Thread-4 (]: SQL status: SUCCESS in 0.518 seconds
[0m22:52:21.316875 [debug] [Thread-2 (]: SQL status: SUCCESS in 0.512 seconds
[0m22:52:21.327072 [debug] [Thread-3 (]: SQL status: SUCCESS in 0.529 seconds
[0m22:52:21.335734 [debug] [Thread-4 (]: On test.f1_lakehouse.source_not_null_bronze_laps_season.a9a8566ca5: ROLLBACK
[0m22:52:21.340311 [debug] [Thread-2 (]: On test.f1_lakehouse.source_not_null_bronze_laps_event_slug.07baad0280: ROLLBACK
[0m22:52:21.345153 [debug] [Thread-3 (]: On test.f1_lakehouse.source_not_null_bronze_laps_lap_number.82b2201cba: ROLLBACK
[0m22:52:21.346261 [debug] [Thread-4 (]: On test.f1_lakehouse.source_not_null_bronze_laps_season.a9a8566ca5: Close
[0m22:52:21.347290 [debug] [Thread-2 (]: On test.f1_lakehouse.source_not_null_bronze_laps_event_slug.07baad0280: Close
[0m22:52:21.349801 [debug] [Thread-1 (]: SQL status: SUCCESS in 0.540 seconds
[0m22:52:21.351008 [debug] [Thread-3 (]: On test.f1_lakehouse.source_not_null_bronze_laps_lap_number.82b2201cba: Close
[0m22:52:21.352369 [info ] [Thread-4 (]: 4 of 10 PASS source_not_null_bronze_laps_season ................................ [[32mPASS[0m in 0.74s]
[0m22:52:21.358143 [debug] [Thread-1 (]: On test.f1_lakehouse.source_not_null_bronze_laps_driver_code.56bd742ed7: ROLLBACK
[0m22:52:21.354085 [info ] [Thread-2 (]: 2 of 10 PASS source_not_null_bronze_laps_event_slug ............................ [[32mPASS[0m in 0.72s]
[0m22:52:21.359713 [info ] [Thread-3 (]: 3 of 10 PASS source_not_null_bronze_laps_lap_number ............................ [[32mPASS[0m in 0.75s]
[0m22:52:21.360733 [debug] [Thread-4 (]: Finished running node test.f1_lakehouse.source_not_null_bronze_laps_season.a9a8566ca5
[0m22:52:21.361477 [debug] [Thread-1 (]: On test.f1_lakehouse.source_not_null_bronze_laps_driver_code.56bd742ed7: Close
[0m22:52:21.363008 [debug] [Thread-2 (]: Finished running node test.f1_lakehouse.source_not_null_bronze_laps_event_slug.07baad0280
[0m22:52:21.364358 [debug] [Thread-3 (]: Finished running node test.f1_lakehouse.source_not_null_bronze_laps_lap_number.82b2201cba
[0m22:52:21.365181 [debug] [Thread-4 (]: Began running node test.f1_lakehouse.source_not_null_bronze_laps_session_type.743f4e9922
[0m22:52:21.366591 [debug] [Thread-2 (]: Began running node test.f1_lakehouse.source_not_null_bronze_results_driver_code.7cdeb71009
[0m22:52:21.368085 [info ] [Thread-1 (]: 1 of 10 PASS source_not_null_bronze_laps_driver_code ........................... [[32mPASS[0m in 0.79s]
[0m22:52:21.369265 [debug] [Thread-3 (]: Began running node test.f1_lakehouse.source_not_null_bronze_results_event_slug.109a08e592
[0m22:52:21.370562 [info ] [Thread-4 (]: 5 of 10 START test source_not_null_bronze_laps_session_type .................... [RUN]
[0m22:52:21.371581 [info ] [Thread-2 (]: 6 of 10 START test source_not_null_bronze_results_driver_code .................. [RUN]
[0m22:52:21.372895 [debug] [Thread-1 (]: Finished running node test.f1_lakehouse.source_not_null_bronze_laps_driver_code.56bd742ed7
[0m22:52:21.373700 [info ] [Thread-3 (]: 7 of 10 START test source_not_null_bronze_results_event_slug ................... [RUN]
[0m22:52:21.374907 [debug] [Thread-4 (]: Re-using an available connection from the pool (formerly test.f1_lakehouse.source_not_null_bronze_laps_season.a9a8566ca5, now test.f1_lakehouse.source_not_null_bronze_laps_session_type.743f4e9922)
[0m22:52:21.375916 [debug] [Thread-2 (]: Re-using an available connection from the pool (formerly test.f1_lakehouse.source_not_null_bronze_laps_event_slug.07baad0280, now test.f1_lakehouse.source_not_null_bronze_results_driver_code.7cdeb71009)
[0m22:52:21.377062 [debug] [Thread-1 (]: Began running node test.f1_lakehouse.source_not_null_bronze_results_season.8589053577
[0m22:52:21.378153 [debug] [Thread-3 (]: Re-using an available connection from the pool (formerly test.f1_lakehouse.source_not_null_bronze_laps_lap_number.82b2201cba, now test.f1_lakehouse.source_not_null_bronze_results_event_slug.109a08e592)
[0m22:52:21.378896 [debug] [Thread-4 (]: Began compiling node test.f1_lakehouse.source_not_null_bronze_laps_session_type.743f4e9922
[0m22:52:21.379769 [debug] [Thread-2 (]: Began compiling node test.f1_lakehouse.source_not_null_bronze_results_driver_code.7cdeb71009
[0m22:52:21.380897 [info ] [Thread-1 (]: 8 of 10 START test source_not_null_bronze_results_season ....................... [RUN]
[0m22:52:21.381543 [debug] [Thread-3 (]: Began compiling node test.f1_lakehouse.source_not_null_bronze_results_event_slug.109a08e592
[0m22:52:21.391238 [debug] [Thread-4 (]: Writing injected SQL for node "test.f1_lakehouse.source_not_null_bronze_laps_session_type.743f4e9922"
[0m22:52:21.402560 [debug] [Thread-1 (]: Re-using an available connection from the pool (formerly test.f1_lakehouse.source_not_null_bronze_laps_driver_code.56bd742ed7, now test.f1_lakehouse.source_not_null_bronze_results_season.8589053577)
[0m22:52:21.407215 [debug] [Thread-2 (]: Writing injected SQL for node "test.f1_lakehouse.source_not_null_bronze_results_driver_code.7cdeb71009"
[0m22:52:21.419202 [debug] [Thread-1 (]: Began compiling node test.f1_lakehouse.source_not_null_bronze_results_season.8589053577
[0m22:52:21.423904 [debug] [Thread-3 (]: Writing injected SQL for node "test.f1_lakehouse.source_not_null_bronze_results_event_slug.109a08e592"
[0m22:52:21.425489 [debug] [Thread-4 (]: Began executing node test.f1_lakehouse.source_not_null_bronze_laps_session_type.743f4e9922
[0m22:52:21.446628 [debug] [Thread-1 (]: Writing injected SQL for node "test.f1_lakehouse.source_not_null_bronze_results_season.8589053577"
[0m22:52:21.441568 [debug] [Thread-4 (]: Writing runtime sql for node "test.f1_lakehouse.source_not_null_bronze_laps_session_type.743f4e9922"
[0m22:52:21.448058 [debug] [Thread-2 (]: Began executing node test.f1_lakehouse.source_not_null_bronze_results_driver_code.7cdeb71009
[0m22:52:21.453269 [debug] [Thread-1 (]: Began executing node test.f1_lakehouse.source_not_null_bronze_results_season.8589053577
[0m22:52:21.455628 [debug] [Thread-4 (]: Using trino connection "test.f1_lakehouse.source_not_null_bronze_laps_session_type.743f4e9922"
[0m22:52:21.452351 [debug] [Thread-2 (]: Writing runtime sql for node "test.f1_lakehouse.source_not_null_bronze_results_driver_code.7cdeb71009"
[0m22:52:21.456826 [debug] [Thread-3 (]: Began executing node test.f1_lakehouse.source_not_null_bronze_results_event_slug.109a08e592
[0m22:52:21.460280 [debug] [Thread-1 (]: Writing runtime sql for node "test.f1_lakehouse.source_not_null_bronze_results_season.8589053577"
[0m22:52:21.461215 [debug] [Thread-4 (]: On test.f1_lakehouse.source_not_null_bronze_laps_session_type.743f4e9922: /* {"app": "dbt", "dbt_version": "1.12.4", "profile_name": "f1_lakehouse", "target_name": "dev", "node_id": "test.f1_lakehouse.source_not_null_bronze_laps_session_type.743f4e9922"} */

    
    select
      count(*) as failures,
      count(*) != 0 as should_warn,
      count(*) != 0 as should_error
    from (
      
    
  
    
    



select session_type
from "iceberg"."bronze"."laps"
where session_type is null



  
  
      
    ) dbt_internal_test
[0m22:52:21.464762 [debug] [Thread-3 (]: Writing runtime sql for node "test.f1_lakehouse.source_not_null_bronze_results_event_slug.109a08e592"
[0m22:52:21.468249 [debug] [Thread-2 (]: Using trino connection "test.f1_lakehouse.source_not_null_bronze_results_driver_code.7cdeb71009"
[0m22:52:21.469381 [debug] [Thread-4 (]: Opening a new connection, currently in state closed
[0m22:52:21.472085 [debug] [Thread-1 (]: Using trino connection "test.f1_lakehouse.source_not_null_bronze_results_season.8589053577"
[0m22:52:21.474461 [debug] [Thread-3 (]: Using trino connection "test.f1_lakehouse.source_not_null_bronze_results_event_slug.109a08e592"
[0m22:52:21.475353 [debug] [Thread-2 (]: On test.f1_lakehouse.source_not_null_bronze_results_driver_code.7cdeb71009: /* {"app": "dbt", "dbt_version": "1.12.4", "profile_name": "f1_lakehouse", "target_name": "dev", "node_id": "test.f1_lakehouse.source_not_null_bronze_results_driver_code.7cdeb71009"} */

    
    select
      count(*) as failures,
      count(*) != 0 as should_warn,
      count(*) != 0 as should_error
    from (
      
    
  
    
    



select driver_code
from "iceberg"."bronze"."results"
where driver_code is null



  
  
      
    ) dbt_internal_test
[0m22:52:21.478037 [debug] [Thread-1 (]: On test.f1_lakehouse.source_not_null_bronze_results_season.8589053577: /* {"app": "dbt", "dbt_version": "1.12.4", "profile_name": "f1_lakehouse", "target_name": "dev", "node_id": "test.f1_lakehouse.source_not_null_bronze_results_season.8589053577"} */

    
    select
      count(*) as failures,
      count(*) != 0 as should_warn,
      count(*) != 0 as should_error
    from (
      
    
  
    
    



select season
from "iceberg"."bronze"."results"
where season is null



  
  
      
    ) dbt_internal_test
[0m22:52:21.478994 [debug] [Thread-3 (]: On test.f1_lakehouse.source_not_null_bronze_results_event_slug.109a08e592: /* {"app": "dbt", "dbt_version": "1.12.4", "profile_name": "f1_lakehouse", "target_name": "dev", "node_id": "test.f1_lakehouse.source_not_null_bronze_results_event_slug.109a08e592"} */

    
    select
      count(*) as failures,
      count(*) != 0 as should_warn,
      count(*) != 0 as should_error
    from (
      
    
  
    
    



select event_slug
from "iceberg"."bronze"."results"
where event_slug is null



  
  
      
    ) dbt_internal_test
[0m22:52:21.480050 [debug] [Thread-2 (]: Opening a new connection, currently in state closed
[0m22:52:21.481196 [debug] [Thread-1 (]: Opening a new connection, currently in state closed
[0m22:52:21.482133 [debug] [Thread-3 (]: Opening a new connection, currently in state closed
[0m22:52:21.716580 [debug] [Thread-3 (]: SQL status: SUCCESS in 0.234 seconds
[0m22:52:21.723786 [debug] [Thread-3 (]: On test.f1_lakehouse.source_not_null_bronze_results_event_slug.109a08e592: ROLLBACK
[0m22:52:21.727410 [debug] [Thread-3 (]: On test.f1_lakehouse.source_not_null_bronze_results_event_slug.109a08e592: Close
[0m22:52:21.731118 [info ] [Thread-3 (]: 7 of 10 PASS source_not_null_bronze_results_event_slug ......................... [[32mPASS[0m in 0.35s]
[0m22:52:21.736345 [debug] [Thread-3 (]: Finished running node test.f1_lakehouse.source_not_null_bronze_results_event_slug.109a08e592
[0m22:52:21.739435 [debug] [Thread-3 (]: Began running node test.f1_lakehouse.source_not_null_bronze_weather_event_slug.f925f9a511
[0m22:52:21.745307 [debug] [Thread-4 (]: SQL status: SUCCESS in 0.275 seconds
[0m22:52:21.742159 [info ] [Thread-3 (]: 9 of 10 START test source_not_null_bronze_weather_event_slug ................... [RUN]
[0m22:52:21.751728 [debug] [Thread-4 (]: On test.f1_lakehouse.source_not_null_bronze_laps_session_type.743f4e9922: ROLLBACK
[0m22:52:21.754402 [debug] [Thread-3 (]: Re-using an available connection from the pool (formerly test.f1_lakehouse.source_not_null_bronze_results_event_slug.109a08e592, now test.f1_lakehouse.source_not_null_bronze_weather_event_slug.f925f9a511)
[0m22:52:21.757532 [debug] [Thread-4 (]: On test.f1_lakehouse.source_not_null_bronze_laps_session_type.743f4e9922: Close
[0m22:52:21.760968 [debug] [Thread-3 (]: Began compiling node test.f1_lakehouse.source_not_null_bronze_weather_event_slug.f925f9a511
[0m22:52:21.764712 [debug] [Thread-2 (]: SQL status: SUCCESS in 0.285 seconds
[0m22:52:21.766443 [info ] [Thread-4 (]: 5 of 10 PASS source_not_null_bronze_laps_session_type .......................... [[32mPASS[0m in 0.39s]
[0m22:52:21.773476 [debug] [Thread-1 (]: SQL status: SUCCESS in 0.292 seconds
[0m22:52:21.781812 [debug] [Thread-3 (]: Writing injected SQL for node "test.f1_lakehouse.source_not_null_bronze_weather_event_slug.f925f9a511"
[0m22:52:21.785527 [debug] [Thread-2 (]: On test.f1_lakehouse.source_not_null_bronze_results_driver_code.7cdeb71009: ROLLBACK
[0m22:52:21.787705 [debug] [Thread-4 (]: Finished running node test.f1_lakehouse.source_not_null_bronze_laps_session_type.743f4e9922
[0m22:52:21.791805 [debug] [Thread-1 (]: On test.f1_lakehouse.source_not_null_bronze_results_season.8589053577: ROLLBACK
[0m22:52:21.793436 [debug] [Thread-2 (]: On test.f1_lakehouse.source_not_null_bronze_results_driver_code.7cdeb71009: Close
[0m22:52:21.795117 [debug] [Thread-4 (]: Began running node test.f1_lakehouse.source_not_null_bronze_weather_season.51bbd26c23
[0m22:52:21.796263 [debug] [Thread-1 (]: On test.f1_lakehouse.source_not_null_bronze_results_season.8589053577: Close
[0m22:52:21.797557 [debug] [Thread-3 (]: Began executing node test.f1_lakehouse.source_not_null_bronze_weather_event_slug.f925f9a511
[0m22:52:21.798885 [info ] [Thread-4 (]: 10 of 10 START test source_not_null_bronze_weather_season ...................... [RUN]
[0m22:52:21.800466 [info ] [Thread-2 (]: 6 of 10 PASS source_not_null_bronze_results_driver_code ........................ [[32mPASS[0m in 0.42s]
[0m22:52:21.807946 [debug] [Thread-3 (]: Writing runtime sql for node "test.f1_lakehouse.source_not_null_bronze_weather_event_slug.f925f9a511"
[0m22:52:21.803502 [info ] [Thread-1 (]: 8 of 10 PASS source_not_null_bronze_results_season ............................. [[32mPASS[0m in 0.40s]
[0m22:52:21.809871 [debug] [Thread-4 (]: Re-using an available connection from the pool (formerly test.f1_lakehouse.source_not_null_bronze_laps_session_type.743f4e9922, now test.f1_lakehouse.source_not_null_bronze_weather_season.51bbd26c23)
[0m22:52:21.811956 [debug] [Thread-2 (]: Finished running node test.f1_lakehouse.source_not_null_bronze_results_driver_code.7cdeb71009
[0m22:52:21.814121 [debug] [Thread-1 (]: Finished running node test.f1_lakehouse.source_not_null_bronze_results_season.8589053577
[0m22:52:21.816903 [debug] [Thread-3 (]: Using trino connection "test.f1_lakehouse.source_not_null_bronze_weather_event_slug.f925f9a511"
[0m22:52:21.817906 [debug] [Thread-4 (]: Began compiling node test.f1_lakehouse.source_not_null_bronze_weather_season.51bbd26c23
[0m22:52:21.820327 [debug] [Thread-3 (]: On test.f1_lakehouse.source_not_null_bronze_weather_event_slug.f925f9a511: /* {"app": "dbt", "dbt_version": "1.12.4", "profile_name": "f1_lakehouse", "target_name": "dev", "node_id": "test.f1_lakehouse.source_not_null_bronze_weather_event_slug.f925f9a511"} */

    
    select
      count(*) as failures,
      count(*) != 0 as should_warn,
      count(*) != 0 as should_error
    from (
      
    
  
    
    



select event_slug
from "iceberg"."bronze"."weather"
where event_slug is null



  
  
      
    ) dbt_internal_test
[0m22:52:21.831683 [debug] [Thread-3 (]: Opening a new connection, currently in state closed
[0m22:52:21.839617 [debug] [Thread-4 (]: Writing injected SQL for node "test.f1_lakehouse.source_not_null_bronze_weather_season.51bbd26c23"
[0m22:52:21.841539 [debug] [Thread-4 (]: Began executing node test.f1_lakehouse.source_not_null_bronze_weather_season.51bbd26c23
[0m22:52:21.846766 [debug] [Thread-4 (]: Writing runtime sql for node "test.f1_lakehouse.source_not_null_bronze_weather_season.51bbd26c23"
[0m22:52:21.854470 [debug] [Thread-4 (]: Using trino connection "test.f1_lakehouse.source_not_null_bronze_weather_season.51bbd26c23"
[0m22:52:21.855949 [debug] [Thread-4 (]: On test.f1_lakehouse.source_not_null_bronze_weather_season.51bbd26c23: /* {"app": "dbt", "dbt_version": "1.12.4", "profile_name": "f1_lakehouse", "target_name": "dev", "node_id": "test.f1_lakehouse.source_not_null_bronze_weather_season.51bbd26c23"} */

    
    select
      count(*) as failures,
      count(*) != 0 as should_warn,
      count(*) != 0 as should_error
    from (
      
    
  
    
    



select season
from "iceberg"."bronze"."weather"
where season is null



  
  
      
    ) dbt_internal_test
[0m22:52:21.857296 [debug] [Thread-4 (]: Opening a new connection, currently in state closed
[0m22:52:22.020377 [debug] [Thread-3 (]: SQL status: SUCCESS in 0.188 seconds
[0m22:52:22.028429 [debug] [Thread-3 (]: On test.f1_lakehouse.source_not_null_bronze_weather_event_slug.f925f9a511: ROLLBACK
[0m22:52:22.030609 [debug] [Thread-3 (]: On test.f1_lakehouse.source_not_null_bronze_weather_event_slug.f925f9a511: Close
[0m22:52:22.033565 [info ] [Thread-3 (]: 9 of 10 PASS source_not_null_bronze_weather_event_slug ......................... [[32mPASS[0m in 0.28s]
[0m22:52:22.036464 [debug] [Thread-3 (]: Finished running node test.f1_lakehouse.source_not_null_bronze_weather_event_slug.f925f9a511
[0m22:52:22.090195 [debug] [Thread-4 (]: SQL status: SUCCESS in 0.233 seconds
[0m22:52:22.094554 [debug] [Thread-4 (]: On test.f1_lakehouse.source_not_null_bronze_weather_season.51bbd26c23: ROLLBACK
[0m22:52:22.095849 [debug] [Thread-4 (]: On test.f1_lakehouse.source_not_null_bronze_weather_season.51bbd26c23: Close
[0m22:52:22.097786 [info ] [Thread-4 (]: 10 of 10 PASS source_not_null_bronze_weather_season ............................ [[32mPASS[0m in 0.29s]
[0m22:52:22.099624 [debug] [Thread-4 (]: Finished running node test.f1_lakehouse.source_not_null_bronze_weather_season.51bbd26c23
[0m22:52:22.103122 [debug] [MainThread]: On master: COMMIT
[0m22:52:22.104040 [debug] [MainThread]: Connection 'master' was properly closed.
[0m22:52:22.104476 [debug] [MainThread]: Connection 'test.f1_lakehouse.source_not_null_bronze_results_season.8589053577' was properly closed.
[0m22:52:22.104869 [debug] [MainThread]: Connection 'test.f1_lakehouse.source_not_null_bronze_weather_event_slug.f925f9a511' was properly closed.
[0m22:52:22.105237 [debug] [MainThread]: Connection 'test.f1_lakehouse.source_not_null_bronze_weather_season.51bbd26c23' was properly closed.
[0m22:52:22.105577 [debug] [MainThread]: Connection 'test.f1_lakehouse.source_not_null_bronze_results_driver_code.7cdeb71009' was properly closed.
[0m22:52:22.106005 [info ] [MainThread]: 
[0m22:52:22.106419 [info ] [MainThread]: Finished running 10 data tests in 0 hours 0 minutes and 1.54 seconds (1.54s).
[0m22:52:22.108469 [debug] [MainThread]: Command end result
[0m22:52:22.155906 [debug] [MainThread]: Wrote artifact WritableManifest to dbt/target/manifest.json
[0m22:52:22.159693 [debug] [MainThread]: Wrote artifact SemanticManifest to dbt/target/semantic_manifest.json
[0m22:52:22.163294 [debug] [MainThread]: Wrote artifact OsiDocument to dbt/target/osi_document.json
[0m22:52:22.174285 [debug] [MainThread]: Wrote artifact RunExecutionResult to dbt/target/run_results.json
[0m22:52:22.174797 [info ] [MainThread]: 
[0m22:52:22.175363 [info ] [MainThread]: [32mCompleted successfully[0m
[0m22:52:22.175770 [info ] [MainThread]: 
[0m22:52:22.176201 [info ] [MainThread]: Done. PASS=10 WARN=0 ERROR=0 SKIP=0 NO-OP=0 REUSED=0 TOTAL=10
[0m22:52:22.177466 [debug] [MainThread]: Resource report: {"command_name": "test", "command_success": true, "command_wall_clock_time": 2.7842677, "process_in_blocks": "0", "process_kernel_time": 0.259034, "process_mem_max_rss": "134940", "process_out_blocks": "2752", "process_user_time": 3.855572}
[0m22:52:22.178174 [debug] [MainThread]: Command `dbt test` succeeded at 22:52:22.178046 after 2.79 seconds
[0m22:52:22.178672 [debug] [MainThread]: Sending event: {'category': 'dbt', 'action': 'invocation', 'label': 'end', 'context': [<snowplow_tracker.self_describing_json.SelfDescribingJson object at 0x7f60e408c370>, <snowplow_tracker.self_describing_json.SelfDescribingJson object at 0x7f60e7527770>, <snowplow_tracker.self_describing_json.SelfDescribingJson object at 0x7f60e95a73d0>]}
[0m22:52:22.179187 [debug] [MainThread]: Flushing usage events
[0m22:52:22.335095 [debug] [MainThread]: An error was encountered while trying to flush usage events
[0m22:53:50.119035 [debug] [MainThread]: Sending event: {'category': 'dbt', 'action': 'invocation', 'label': 'start', 'context': [<snowplow_tracker.self_describing_json.SelfDescribingJson object at 0x7f4efc6a96a0>, <snowplow_tracker.self_describing_json.SelfDescribingJson object at 0x7f4efb153ed0>, <snowplow_tracker.self_describing_json.SelfDescribingJson object at 0x7f4efb153b10>]}


============================== 22:53:50.125375 | b1885ac6-16ea-4d09-88e1-a0b4ee1180b6 ==============================
[0m22:53:50.125375 [info ] [MainThread]: Running with dbt=1.12.4
[0m22:53:50.126569 [debug] [MainThread]: running dbt with arguments {'log_path': 'dbt/logs', 'invocation_command': 'dbt run --select silver_laps --project-dir ./dbt --profiles-dir ./configs/dbt', 'partial_parse': 'True', 'send_anonymous_usage_stats': 'True', 'printer_width': '80', 'cache_selected_only': 'False', 'introspect': 'True', 'use_colors': 'True', 'hints_enabled': 'True', 'fail_fast': 'False', 'warn_error_options': 'WarnErrorOptionsV2(error=[], warn=[], silence=[])', 'debug': 'False', 'empty': 'False', 'use_experimental_parser': 'False', 'version_check': 'True', 'log_format': 'default', 'target_path': 'None', 'no_print': 'None', 'static_parser': 'True', 'write_json': 'True', 'maximum_seed_size_mib': '1', 'warn_error': 'None', 'indirect_selection': 'eager', 'profiles_dir': './configs/dbt', 'quiet': 'False', 'log_cache_events': 'False'}
[0m22:53:50.443324 [debug] [MainThread]: Sending event: {'category': 'dbt', 'action': 'project_id', 'label': 'b1885ac6-16ea-4d09-88e1-a0b4ee1180b6', 'context': [<snowplow_tracker.self_describing_json.SelfDescribingJson object at 0x7f4efc3e5a70>]}
[0m22:53:50.575727 [debug] [MainThread]: Sending event: {'category': 'dbt', 'action': 'adapter_info', 'label': 'b1885ac6-16ea-4d09-88e1-a0b4ee1180b6', 'context': [<snowplow_tracker.self_describing_json.SelfDescribingJson object at 0x7f4efb2ed8c0>]}
[0m22:53:50.576930 [info ] [MainThread]: Registered adapter: trino=1.10.3
[0m22:53:50.684108 [debug] [MainThread]: checksum: 6feb0373bf5e249bcfe93c2d0c493de2a05a899ef7ebdf18543bed5cf777135b, vars: {}, profile: f1_lakehouse, target: dev, version: 1.12.4
[0m22:53:50.926280 [debug] [MainThread]: Partial parsing enabled: 0 files deleted, 3 files added, 0 files changed.
[0m22:53:50.927126 [debug] [MainThread]: Partial parsing: added file: f1_lakehouse://models/silver/silver_laps.sql
[0m22:53:50.927603 [debug] [MainThread]: Partial parsing: added file: f1_lakehouse://tests/no_duplicate_silver_laps.sql
[0m22:53:50.928115 [debug] [MainThread]: Partial parsing: added file: f1_lakehouse://models/silver/schema.yml
[0m22:53:52.296843 [warn ] [MainThread]: [[33mWARNING[0m]: Configuration paths exist in your dbt_project.yml file which do not apply to any resources.
There are 1 unused configuration paths:
- models.f1_lakehouse.gold
[0m22:53:52.302586 [debug] [MainThread]: Sending event: {'category': 'dbt', 'action': 'load_project', 'label': 'b1885ac6-16ea-4d09-88e1-a0b4ee1180b6', 'context': [<snowplow_tracker.self_describing_json.SelfDescribingJson object at 0x7f4efaafb150>]}
[0m22:53:52.494776 [debug] [MainThread]: Wrote artifact WritableManifest to dbt/target/manifest.json
[0m22:53:52.498963 [debug] [MainThread]: Wrote artifact SemanticManifest to dbt/target/semantic_manifest.json
[0m22:53:52.516660 [debug] [MainThread]: Wrote artifact OsiDocument to dbt/target/osi_document.json
[0m22:53:52.529077 [debug] [MainThread]: Sending event: {'category': 'dbt', 'action': 'resource_counts', 'label': 'b1885ac6-16ea-4d09-88e1-a0b4ee1180b6', 'context': [<snowplow_tracker.self_describing_json.SelfDescribingJson object at 0x7f4ef8e8b890>]}
[0m22:53:52.529774 [info ] [MainThread]: Found 17 data tests, 1 model, 3 sources, 497 macros
[0m22:53:52.530261 [debug] [MainThread]: Sending event: {'category': 'dbt', 'action': 'runnable_timing', 'label': 'b1885ac6-16ea-4d09-88e1-a0b4ee1180b6', 'context': [<snowplow_tracker.self_describing_json.SelfDescribingJson object at 0x7f4ef8d42270>]}
[0m22:53:52.532522 [info ] [MainThread]: 
[0m22:53:52.533075 [info ] [MainThread]: Concurrency: 4 threads (target='dev')
[0m22:53:52.533482 [info ] [MainThread]: 
[0m22:53:52.534162 [debug] [MainThread]: Acquiring new trino connection 'master'
[0m22:53:52.535682 [debug] [ThreadPool]: Acquiring new trino connection 'list_iceberg'
[0m22:53:52.594806 [debug] [ThreadPool]: Using trino connection "list_iceberg"
[0m22:53:52.595548 [debug] [ThreadPool]: On list_iceberg: /* {"app": "dbt", "dbt_version": "1.12.4", "profile_name": "f1_lakehouse", "target_name": "dev", "connection_name": "list_iceberg"} */

    select schema_name
    from "iceberg".INFORMATION_SCHEMA.schemata
[0m22:53:52.596086 [debug] [ThreadPool]: Opening a new connection, currently in state init
[0m22:53:52.596539 [warn ] [ThreadPool]: [[33mWARNING[0m]: SSL certificate validation is disabled by default. It is legacy behavior which will be changed in future releases. It is strongly advised to enable `require_certificate_validation` flag or explicitly set `cert` configuration to `True` for security reasons. You may receive an error after that if your SSL setup is incorrect.
You may opt into the new behavior sooner by setting `flags.require_certificate_validation` to `True` in `dbt_project.yml`.
Visit https://docs.getdbt.com/reference/global-configs/behavior-changes for more information.
[0m22:53:52.597262 [debug] [ThreadPool]: Sending event: {'category': 'dbt', 'action': 'BehaviorChangeEvent', 'label': 'b1885ac6-16ea-4d09-88e1-a0b4ee1180b6', 'context': [<snowplow_tracker.self_describing_json.SelfDescribingJson object at 0x7f4ef82ec120>]}
[0m22:53:52.677806 [debug] [ThreadPool]: SQL status: SUCCESS in 0.081 seconds
[0m22:53:52.681712 [debug] [ThreadPool]: On list_iceberg: Close
[0m22:53:52.684315 [debug] [ThreadPool]: Re-using an available connection from the pool (formerly list_iceberg, now create_iceberg_silver_silver)
[0m22:53:52.685589 [debug] [ThreadPool]: Creating schema "database: "iceberg"
schema: "silver_silver"
"
[0m22:53:52.693967 [debug] [ThreadPool]: Using trino connection "create_iceberg_silver_silver"
[0m22:53:52.694725 [debug] [ThreadPool]: On create_iceberg_silver_silver: /* {"app": "dbt", "dbt_version": "1.12.4", "profile_name": "f1_lakehouse", "target_name": "dev", "connection_name": "create_iceberg_silver_silver"} */
create schema if not exists "iceberg"."silver_silver"
[0m22:53:52.695349 [debug] [ThreadPool]: Opening a new connection, currently in state closed
[0m22:53:52.786447 [debug] [ThreadPool]: SQL status: CREATE SCHEMA in 0.091 seconds
[0m22:53:52.789051 [debug] [ThreadPool]: On create_iceberg_silver_silver: COMMIT
[0m22:53:52.789799 [debug] [ThreadPool]: On create_iceberg_silver_silver: Close
[0m22:53:52.792557 [debug] [ThreadPool]: Re-using an available connection from the pool (formerly create_iceberg_silver_silver, now list_iceberg_silver_silver)
[0m22:53:52.825595 [debug] [ThreadPool]: Using trino connection "list_iceberg_silver_silver"
[0m22:53:52.826385 [debug] [ThreadPool]: On list_iceberg_silver_silver: /* {"app": "dbt", "dbt_version": "1.12.4", "profile_name": "f1_lakehouse", "target_name": "dev", "connection_name": "list_iceberg_silver_silver"} */
select
      t.table_catalog as database,
      t.table_name as name,
      t.table_schema as schema,
      case when mv.name is not null then 'materialized_view'
           when t.table_type = 'BASE TABLE' then 'table'
           when t.table_type = 'VIEW' then 'view'
           else t.table_type
      end as table_type
    from "iceberg".INFORMATION_SCHEMA.tables t
    left join (
            select * from system.metadata.materialized_views
            where catalog_name = 'iceberg'
              and schema_name = 'silver_silver') mv
          on mv.catalog_name = t.table_catalog and mv.schema_name = t.table_schema and mv.name = t.table_name
    where t.table_schema = 'silver_silver'
[0m22:53:52.826918 [debug] [ThreadPool]: Opening a new connection, currently in state closed
[0m22:53:53.165347 [debug] [ThreadPool]: SQL status: SUCCESS in 0.338 seconds
[0m22:53:53.169034 [debug] [ThreadPool]: On list_iceberg_silver_silver: ROLLBACK
[0m22:53:53.170092 [debug] [ThreadPool]: On list_iceberg_silver_silver: Close
[0m22:53:53.171977 [debug] [MainThread]: Sending event: {'category': 'dbt', 'action': 'runnable_timing', 'label': 'b1885ac6-16ea-4d09-88e1-a0b4ee1180b6', 'context': [<snowplow_tracker.self_describing_json.SelfDescribingJson object at 0x7f4efa629910>]}
[0m22:53:53.172716 [debug] [MainThread]: On master: COMMIT
[0m22:53:53.176857 [debug] [Thread-1 (]: Began running node model.f1_lakehouse.silver_laps
[0m22:53:53.178309 [info ] [Thread-1 (]: 1 of 1 START sql table model silver_silver.silver_laps ......................... [RUN]
[0m22:53:53.179601 [debug] [Thread-1 (]: Re-using an available connection from the pool (formerly list_iceberg_silver_silver, now model.f1_lakehouse.silver_laps)
[0m22:53:53.180676 [debug] [Thread-1 (]: Began compiling node model.f1_lakehouse.silver_laps
[0m22:53:53.185585 [debug] [Thread-1 (]: Writing injected SQL for node "model.f1_lakehouse.silver_laps"
[0m22:53:53.187034 [debug] [Thread-1 (]: Began executing node model.f1_lakehouse.silver_laps
[0m22:53:53.274016 [debug] [Thread-1 (]: Writing runtime sql for node "model.f1_lakehouse.silver_laps"
[0m22:53:53.278905 [debug] [Thread-1 (]: Using trino connection "model.f1_lakehouse.silver_laps"
[0m22:53:53.279541 [debug] [Thread-1 (]: On model.f1_lakehouse.silver_laps: /* {"app": "dbt", "dbt_version": "1.12.4", "profile_name": "f1_lakehouse", "target_name": "dev", "node_id": "model.f1_lakehouse.silver_laps"} */

  
    

    create table "iceberg"."silver_silver"."silver_laps"
      
      
    as (
      

with source_laps as (

    select *
    from "iceberg"."bronze"."laps"

),

valid_laps as (

    select
        season,
        event_name,
        event_slug,
        session_type,

        driver_code,
        driver_number,
        team_name,

        lap_number,
        stint,
        position,

        lap_time_ms,

        round(
            lap_time_ms / 1000.0,
            3
        ) as lap_time_seconds,

        sector_1_ms,
        sector_2_ms,
        sector_3_ms,

        speed_i1,
        speed_i2,
        speed_fl,
        speed_st,

        upper(compound) as compound,

        tyre_life,
        fresh_tyre,

        track_status,

        is_personal_best,
        is_accurate,

        lap_start_date,

        source_system,
        ingested_at

    from source_laps

    where lap_time_ms is not null
      and lap_time_ms > 0
      and is_accurate = true
      and coalesce(deleted, false) = false

)

select *
from valid_laps
    )
[0m22:53:53.280055 [debug] [Thread-1 (]: Opening a new connection, currently in state closed
[0m22:53:54.872316 [debug] [Thread-1 (]: SQL status: CREATE TABLE (914 rows) in 1.592 seconds
[0m22:53:54.900024 [debug] [Thread-1 (]: On model.f1_lakehouse.silver_laps: ROLLBACK
[0m22:53:54.900648 [debug] [Thread-1 (]: On model.f1_lakehouse.silver_laps: Close
[0m22:53:54.903098 [debug] [Thread-1 (]: Sending event: {'category': 'dbt', 'action': 'run_model', 'label': 'b1885ac6-16ea-4d09-88e1-a0b4ee1180b6', 'context': [<snowplow_tracker.self_describing_json.SelfDescribingJson object at 0x7f4ef8d02db0>]}
[0m22:53:54.904066 [info ] [Thread-1 (]: 1 of 1 OK created sql table model silver_silver.silver_laps .................... [[32mCREATE TABLE (914 rows)[0m in 1.72s]
[0m22:53:54.904862 [debug] [Thread-1 (]: Finished running node model.f1_lakehouse.silver_laps
[0m22:53:54.907383 [debug] [MainThread]: On master: COMMIT
[0m22:53:54.908403 [debug] [MainThread]: Connection 'master' was properly closed.
[0m22:53:54.909165 [debug] [MainThread]: Connection 'model.f1_lakehouse.silver_laps' was properly closed.
[0m22:53:54.909899 [info ] [MainThread]: 
[0m22:53:54.910651 [info ] [MainThread]: Finished running 1 table model in 0 hours 0 minutes and 2.38 seconds (2.38s).
[0m22:53:54.912247 [debug] [MainThread]: Command end result
[0m22:53:54.969520 [debug] [MainThread]: Wrote artifact WritableManifest to dbt/target/manifest.json
[0m22:53:54.974113 [debug] [MainThread]: Wrote artifact SemanticManifest to dbt/target/semantic_manifest.json
[0m22:53:54.978236 [debug] [MainThread]: Wrote artifact OsiDocument to dbt/target/osi_document.json
[0m22:53:54.987613 [debug] [MainThread]: Wrote artifact RunExecutionResult to dbt/target/run_results.json
[0m22:53:54.988115 [info ] [MainThread]: 
[0m22:53:54.988634 [info ] [MainThread]: [32mCompleted successfully[0m
[0m22:53:54.989035 [info ] [MainThread]: 
[0m22:53:54.989448 [info ] [MainThread]: Done. PASS=1 WARN=0 ERROR=0 SKIP=0 NO-OP=0 REUSED=0 TOTAL=1
[0m22:53:54.990618 [debug] [MainThread]: Resource report: {"command_name": "run", "command_success": true, "command_wall_clock_time": 5.027032, "process_in_blocks": "0", "process_kernel_time": 0.192308, "process_mem_max_rss": "144768", "process_out_blocks": "3752", "process_user_time": 4.832922}
[0m22:53:54.991279 [debug] [MainThread]: Command `dbt run` succeeded at 22:53:54.991160 after 5.03 seconds
[0m22:53:54.991774 [debug] [MainThread]: Sending event: {'category': 'dbt', 'action': 'invocation', 'label': 'end', 'context': [<snowplow_tracker.self_describing_json.SelfDescribingJson object at 0x7f4ef8d4ddb0>, <snowplow_tracker.self_describing_json.SelfDescribingJson object at 0x7f4ef8da79b0>, <snowplow_tracker.self_describing_json.SelfDescribingJson object at 0x7f4ef8dff450>]}
[0m22:53:54.992273 [debug] [MainThread]: Flushing usage events
[0m22:53:55.546201 [debug] [MainThread]: An error was encountered while trying to flush usage events
[0m22:54:12.225281 [debug] [MainThread]: Sending event: {'category': 'dbt', 'action': 'invocation', 'label': 'start', 'context': [<snowplow_tracker.self_describing_json.SelfDescribingJson object at 0x7ff852cbd6a0>, <snowplow_tracker.self_describing_json.SelfDescribingJson object at 0x7ff851767ed0>, <snowplow_tracker.self_describing_json.SelfDescribingJson object at 0x7ff851767b10>]}


============================== 22:54:12.231970 | ff021981-ac98-4226-a922-79998f6c0f4a ==============================
[0m22:54:12.231970 [info ] [MainThread]: Running with dbt=1.12.4
[0m22:54:12.233140 [debug] [MainThread]: running dbt with arguments {'log_path': 'dbt/logs', 'empty': 'None', 'invocation_command': 'dbt test --select silver_laps --project-dir ./dbt --profiles-dir ./configs/dbt', 'debug': 'False', 'fail_fast': 'False', 'profiles_dir': './configs/dbt', 'no_print': 'None', 'partial_parse': 'True', 'send_anonymous_usage_stats': 'True', 'write_json': 'True', 'version_check': 'True', 'log_format': 'default', 'maximum_seed_size_mib': '1', 'use_experimental_parser': 'False', 'warn_error_options': 'WarnErrorOptionsV2(error=[], warn=[], silence=[])', 'printer_width': '80', 'use_colors': 'True', 'indirect_selection': 'eager', 'hints_enabled': 'True', 'target_path': 'None', 'warn_error': 'None', 'cache_selected_only': 'False', 'log_cache_events': 'False', 'static_parser': 'True', 'quiet': 'False', 'introspect': 'True'}
[0m22:54:12.577973 [debug] [MainThread]: Sending event: {'category': 'dbt', 'action': 'project_id', 'label': 'ff021981-ac98-4226-a922-79998f6c0f4a', 'context': [<snowplow_tracker.self_describing_json.SelfDescribingJson object at 0x7ff8529f9a70>]}
[0m22:54:12.711524 [debug] [MainThread]: Sending event: {'category': 'dbt', 'action': 'adapter_info', 'label': 'ff021981-ac98-4226-a922-79998f6c0f4a', 'context': [<snowplow_tracker.self_describing_json.SelfDescribingJson object at 0x7ff8518fd8c0>]}
[0m22:54:12.712692 [info ] [MainThread]: Registered adapter: trino=1.10.3
[0m22:54:12.818208 [debug] [MainThread]: checksum: 6feb0373bf5e249bcfe93c2d0c493de2a05a899ef7ebdf18543bed5cf777135b, vars: {}, profile: f1_lakehouse, target: dev, version: 1.12.4
[0m22:54:13.107610 [debug] [MainThread]: Partial parsing enabled: 0 files deleted, 0 files added, 0 files changed.
[0m22:54:13.108238 [debug] [MainThread]: Nothing changed, skipping partial parsing.
[0m22:54:13.108625 [debug] [MainThread]: Partial parsing enabled, no changes found, skipping parsing
[0m22:54:13.117354 [warn ] [MainThread]: [[33mWARNING[0m]: Configuration paths exist in your dbt_project.yml file which do not apply to any resources.
There are 1 unused configuration paths:
- models.f1_lakehouse.gold
[0m22:54:13.123260 [debug] [MainThread]: Sending event: {'category': 'dbt', 'action': 'load_project', 'label': 'ff021981-ac98-4226-a922-79998f6c0f4a', 'context': [<snowplow_tracker.self_describing_json.SelfDescribingJson object at 0x7ff850f72d50>]}
[0m22:54:13.345405 [debug] [MainThread]: Wrote artifact WritableManifest to dbt/target/manifest.json
[0m22:54:13.349764 [debug] [MainThread]: Wrote artifact SemanticManifest to dbt/target/semantic_manifest.json
[0m22:54:13.367451 [debug] [MainThread]: Wrote artifact OsiDocument to dbt/target/osi_document.json
[0m22:54:13.401801 [debug] [MainThread]: Sending event: {'category': 'dbt', 'action': 'resource_counts', 'label': 'ff021981-ac98-4226-a922-79998f6c0f4a', 'context': [<snowplow_tracker.self_describing_json.SelfDescribingJson object at 0x7ff850ed72f0>]}
[0m22:54:13.402747 [info ] [MainThread]: Found 17 data tests, 1 model, 3 sources, 497 macros
[0m22:54:13.403374 [debug] [MainThread]: Sending event: {'category': 'dbt', 'action': 'runnable_timing', 'label': 'ff021981-ac98-4226-a922-79998f6c0f4a', 'context': [<snowplow_tracker.self_describing_json.SelfDescribingJson object at 0x7ff850ef12b0>]}
[0m22:54:13.407007 [info ] [MainThread]: 
[0m22:54:13.407730 [info ] [MainThread]: Concurrency: 4 threads (target='dev')
[0m22:54:13.408304 [info ] [MainThread]: 
[0m22:54:13.409242 [debug] [MainThread]: Acquiring new trino connection 'master'
[0m22:54:13.411443 [debug] [ThreadPool]: Acquiring new trino connection 'list_iceberg_silver_silver'
[0m22:54:13.476491 [debug] [ThreadPool]: Using trino connection "list_iceberg_silver_silver"
[0m22:54:13.477151 [debug] [ThreadPool]: On list_iceberg_silver_silver: /* {"app": "dbt", "dbt_version": "1.12.4", "profile_name": "f1_lakehouse", "target_name": "dev", "connection_name": "list_iceberg_silver_silver"} */
select
      t.table_catalog as database,
      t.table_name as name,
      t.table_schema as schema,
      case when mv.name is not null then 'materialized_view'
           when t.table_type = 'BASE TABLE' then 'table'
           when t.table_type = 'VIEW' then 'view'
           else t.table_type
      end as table_type
    from "iceberg".INFORMATION_SCHEMA.tables t
    left join (
            select * from system.metadata.materialized_views
            where catalog_name = 'iceberg'
              and schema_name = 'silver_silver') mv
          on mv.catalog_name = t.table_catalog and mv.schema_name = t.table_schema and mv.name = t.table_name
    where t.table_schema = 'silver_silver'
[0m22:54:13.477587 [debug] [ThreadPool]: Opening a new connection, currently in state init
[0m22:54:13.477949 [warn ] [ThreadPool]: [[33mWARNING[0m]: SSL certificate validation is disabled by default. It is legacy behavior which will be changed in future releases. It is strongly advised to enable `require_certificate_validation` flag or explicitly set `cert` configuration to `True` for security reasons. You may receive an error after that if your SSL setup is incorrect.
You may opt into the new behavior sooner by setting `flags.require_certificate_validation` to `True` in `dbt_project.yml`.
Visit https://docs.getdbt.com/reference/global-configs/behavior-changes for more information.
[0m22:54:13.478561 [debug] [ThreadPool]: Sending event: {'category': 'dbt', 'action': 'BehaviorChangeEvent', 'label': 'ff021981-ac98-4226-a922-79998f6c0f4a', 'context': [<snowplow_tracker.self_describing_json.SelfDescribingJson object at 0x7ff8504cf1e0>]}
[0m22:54:13.667216 [debug] [ThreadPool]: SQL status: SUCCESS in 0.189 seconds
[0m22:54:13.671206 [debug] [ThreadPool]: On list_iceberg_silver_silver: ROLLBACK
[0m22:54:13.671759 [debug] [ThreadPool]: On list_iceberg_silver_silver: Close
[0m22:54:13.673974 [debug] [MainThread]: Sending event: {'category': 'dbt', 'action': 'runnable_timing', 'label': 'ff021981-ac98-4226-a922-79998f6c0f4a', 'context': [<snowplow_tracker.self_describing_json.SelfDescribingJson object at 0x7ff850340b90>]}
[0m22:54:13.675414 [debug] [MainThread]: On master: COMMIT
[0m22:54:13.682301 [debug] [Thread-4 (]: Began running node test.f1_lakehouse.not_null_silver_laps_lap_number.bb2186e779
[0m22:54:13.682941 [info ] [Thread-4 (]: 4 of 7 START test not_null_silver_laps_lap_number .............................. [RUN]
[0m22:54:13.683692 [debug] [Thread-4 (]: Acquiring new trino connection 'test.f1_lakehouse.not_null_silver_laps_lap_number.bb2186e779'
[0m22:54:13.684165 [debug] [Thread-4 (]: Began compiling node test.f1_lakehouse.not_null_silver_laps_lap_number.bb2186e779
[0m22:54:13.689702 [debug] [Thread-2 (]: Began running node test.f1_lakehouse.not_null_silver_laps_driver_code.485b9cd37a
[0m22:54:13.690617 [info ] [Thread-2 (]: 2 of 7 START test not_null_silver_laps_driver_code ............................. [RUN]
[0m22:54:13.691421 [debug] [Thread-2 (]: Acquiring new trino connection 'test.f1_lakehouse.not_null_silver_laps_driver_code.485b9cd37a'
[0m22:54:13.691911 [debug] [Thread-2 (]: Began compiling node test.f1_lakehouse.not_null_silver_laps_driver_code.485b9cd37a
[0m22:54:13.697508 [debug] [Thread-3 (]: Began running node test.f1_lakehouse.not_null_silver_laps_event_slug.cde7249f28
[0m22:54:13.698659 [info ] [Thread-3 (]: 3 of 7 START test not_null_silver_laps_event_slug .............................. [RUN]
[0m22:54:13.700096 [debug] [Thread-3 (]: Acquiring new trino connection 'test.f1_lakehouse.not_null_silver_laps_event_slug.cde7249f28'
[0m22:54:13.701067 [debug] [Thread-3 (]: Began compiling node test.f1_lakehouse.not_null_silver_laps_event_slug.cde7249f28
[0m22:54:13.706554 [debug] [Thread-1 (]: Began running node test.f1_lakehouse.no_duplicate_silver_laps
[0m22:54:13.723226 [info ] [Thread-1 (]: 1 of 7 START test no_duplicate_silver_laps ..................................... [RUN]
[0m22:54:13.724624 [debug] [Thread-1 (]: Re-using an available connection from the pool (formerly list_iceberg_silver_silver, now test.f1_lakehouse.no_duplicate_silver_laps)
[0m22:54:13.725622 [debug] [Thread-1 (]: Began compiling node test.f1_lakehouse.no_duplicate_silver_laps
[0m22:54:13.729529 [debug] [Thread-1 (]: Writing injected SQL for node "test.f1_lakehouse.no_duplicate_silver_laps"
[0m22:54:13.743142 [debug] [Thread-3 (]: Writing injected SQL for node "test.f1_lakehouse.not_null_silver_laps_event_slug.cde7249f28"
[0m22:54:13.742431 [debug] [Thread-2 (]: Writing injected SQL for node "test.f1_lakehouse.not_null_silver_laps_driver_code.485b9cd37a"
[0m22:54:13.753572 [debug] [Thread-4 (]: Writing injected SQL for node "test.f1_lakehouse.not_null_silver_laps_lap_number.bb2186e779"
[0m22:54:13.754746 [debug] [Thread-3 (]: Began executing node test.f1_lakehouse.not_null_silver_laps_event_slug.cde7249f28
[0m22:54:13.772308 [debug] [Thread-2 (]: Began executing node test.f1_lakehouse.not_null_silver_laps_driver_code.485b9cd37a
[0m22:54:13.773299 [debug] [Thread-4 (]: Began executing node test.f1_lakehouse.not_null_silver_laps_lap_number.bb2186e779
[0m22:54:13.774090 [debug] [Thread-1 (]: Began executing node test.f1_lakehouse.no_duplicate_silver_laps
[0m22:54:13.788999 [debug] [Thread-3 (]: Writing runtime sql for node "test.f1_lakehouse.not_null_silver_laps_event_slug.cde7249f28"
[0m22:54:13.788328 [debug] [Thread-2 (]: Writing runtime sql for node "test.f1_lakehouse.not_null_silver_laps_driver_code.485b9cd37a"
[0m22:54:13.793414 [debug] [Thread-4 (]: Writing runtime sql for node "test.f1_lakehouse.not_null_silver_laps_lap_number.bb2186e779"
[0m22:54:13.796713 [debug] [Thread-1 (]: Writing runtime sql for node "test.f1_lakehouse.no_duplicate_silver_laps"
[0m22:54:13.800311 [debug] [Thread-3 (]: Using trino connection "test.f1_lakehouse.not_null_silver_laps_event_slug.cde7249f28"
[0m22:54:13.803393 [debug] [Thread-2 (]: Using trino connection "test.f1_lakehouse.not_null_silver_laps_driver_code.485b9cd37a"
[0m22:54:13.804117 [debug] [Thread-3 (]: On test.f1_lakehouse.not_null_silver_laps_event_slug.cde7249f28: /* {"app": "dbt", "dbt_version": "1.12.4", "profile_name": "f1_lakehouse", "target_name": "dev", "node_id": "test.f1_lakehouse.not_null_silver_laps_event_slug.cde7249f28"} */

    
    select
      count(*) as failures,
      count(*) != 0 as should_warn,
      count(*) != 0 as should_error
    from (
      
    
  
    
    



select event_slug
from "iceberg"."silver_silver"."silver_laps"
where event_slug is null



  
  
      
    ) dbt_internal_test
[0m22:54:13.804965 [debug] [Thread-2 (]: On test.f1_lakehouse.not_null_silver_laps_driver_code.485b9cd37a: /* {"app": "dbt", "dbt_version": "1.12.4", "profile_name": "f1_lakehouse", "target_name": "dev", "node_id": "test.f1_lakehouse.not_null_silver_laps_driver_code.485b9cd37a"} */

    
    select
      count(*) as failures,
      count(*) != 0 as should_warn,
      count(*) != 0 as should_error
    from (
      
    
  
    
    



select driver_code
from "iceberg"."silver_silver"."silver_laps"
where driver_code is null



  
  
      
    ) dbt_internal_test
[0m22:54:13.807885 [debug] [Thread-4 (]: Using trino connection "test.f1_lakehouse.not_null_silver_laps_lap_number.bb2186e779"
[0m22:54:13.808876 [debug] [Thread-3 (]: Opening a new connection, currently in state init
[0m22:54:13.809575 [debug] [Thread-2 (]: Opening a new connection, currently in state init
[0m22:54:13.810436 [debug] [Thread-4 (]: On test.f1_lakehouse.not_null_silver_laps_lap_number.bb2186e779: /* {"app": "dbt", "dbt_version": "1.12.4", "profile_name": "f1_lakehouse", "target_name": "dev", "node_id": "test.f1_lakehouse.not_null_silver_laps_lap_number.bb2186e779"} */

    
    select
      count(*) as failures,
      count(*) != 0 as should_warn,
      count(*) != 0 as should_error
    from (
      
    
  
    
    



select lap_number
from "iceberg"."silver_silver"."silver_laps"
where lap_number is null



  
  
      
    ) dbt_internal_test
[0m22:54:13.814904 [debug] [Thread-4 (]: Opening a new connection, currently in state init
[0m22:54:13.822476 [debug] [Thread-1 (]: Using trino connection "test.f1_lakehouse.no_duplicate_silver_laps"
[0m22:54:13.827552 [debug] [Thread-1 (]: On test.f1_lakehouse.no_duplicate_silver_laps: /* {"app": "dbt", "dbt_version": "1.12.4", "profile_name": "f1_lakehouse", "target_name": "dev", "node_id": "test.f1_lakehouse.no_duplicate_silver_laps"} */

    
    select
      count(*) as failures,
      count(*) != 0 as should_warn,
      count(*) != 0 as should_error
    from (
      
    
  select
    season,
    event_slug,
    session_type,
    driver_code,
    lap_number,
    count(*) as record_count

from "iceberg"."silver_silver"."silver_laps"

group by
    season,
    event_slug,
    session_type,
    driver_code,
    lap_number

having count(*) > 1
  
  
      
    ) dbt_internal_test
[0m22:54:13.831229 [debug] [Thread-1 (]: Opening a new connection, currently in state closed
[0m22:54:14.059617 [debug] [Thread-2 (]: SQL status: SUCCESS in 0.250 seconds
[0m22:54:14.081354 [debug] [Thread-4 (]: SQL status: SUCCESS in 0.266 seconds
[0m22:54:14.076234 [debug] [Thread-2 (]: On test.f1_lakehouse.not_null_silver_laps_driver_code.485b9cd37a: ROLLBACK
[0m22:54:14.084196 [debug] [Thread-3 (]: SQL status: SUCCESS in 0.275 seconds
[0m22:54:14.094311 [debug] [Thread-4 (]: On test.f1_lakehouse.not_null_silver_laps_lap_number.bb2186e779: ROLLBACK
[0m22:54:14.096820 [debug] [Thread-2 (]: On test.f1_lakehouse.not_null_silver_laps_driver_code.485b9cd37a: Close
[0m22:54:14.102469 [debug] [Thread-3 (]: On test.f1_lakehouse.not_null_silver_laps_event_slug.cde7249f28: ROLLBACK
[0m22:54:14.104135 [debug] [Thread-4 (]: On test.f1_lakehouse.not_null_silver_laps_lap_number.bb2186e779: Close
[0m22:54:14.105767 [debug] [Thread-3 (]: On test.f1_lakehouse.not_null_silver_laps_event_slug.cde7249f28: Close
[0m22:54:14.108544 [info ] [Thread-2 (]: 2 of 7 PASS not_null_silver_laps_driver_code ................................... [[32mPASS[0m in 0.42s]
[0m22:54:14.110889 [info ] [Thread-4 (]: 4 of 7 PASS not_null_silver_laps_lap_number .................................... [[32mPASS[0m in 0.43s]
[0m22:54:14.112803 [debug] [Thread-2 (]: Finished running node test.f1_lakehouse.not_null_silver_laps_driver_code.485b9cd37a
[0m22:54:14.115032 [info ] [Thread-3 (]: 3 of 7 PASS not_null_silver_laps_event_slug .................................... [[32mPASS[0m in 0.41s]
[0m22:54:14.117286 [debug] [Thread-4 (]: Finished running node test.f1_lakehouse.not_null_silver_laps_lap_number.bb2186e779
[0m22:54:14.118534 [debug] [Thread-2 (]: Began running node test.f1_lakehouse.not_null_silver_laps_lap_time_ms.a0e949ff3c
[0m22:54:14.120255 [debug] [Thread-3 (]: Finished running node test.f1_lakehouse.not_null_silver_laps_event_slug.cde7249f28
[0m22:54:14.121709 [debug] [Thread-4 (]: Began running node test.f1_lakehouse.not_null_silver_laps_season.8fff702bd2
[0m22:54:14.122990 [info ] [Thread-2 (]: 5 of 7 START test not_null_silver_laps_lap_time_ms ............................. [RUN]
[0m22:54:14.124263 [debug] [Thread-3 (]: Began running node test.f1_lakehouse.not_null_silver_laps_session_type.e9b87ed01d
[0m22:54:14.125529 [info ] [Thread-4 (]: 6 of 7 START test not_null_silver_laps_season .................................. [RUN]
[0m22:54:14.126997 [debug] [Thread-2 (]: Re-using an available connection from the pool (formerly test.f1_lakehouse.not_null_silver_laps_driver_code.485b9cd37a, now test.f1_lakehouse.not_null_silver_laps_lap_time_ms.a0e949ff3c)
[0m22:54:14.128050 [info ] [Thread-3 (]: 7 of 7 START test not_null_silver_laps_session_type ............................ [RUN]
[0m22:54:14.129577 [debug] [Thread-4 (]: Re-using an available connection from the pool (formerly test.f1_lakehouse.not_null_silver_laps_lap_number.bb2186e779, now test.f1_lakehouse.not_null_silver_laps_season.8fff702bd2)
[0m22:54:14.130704 [debug] [Thread-2 (]: Began compiling node test.f1_lakehouse.not_null_silver_laps_lap_time_ms.a0e949ff3c
[0m22:54:14.131646 [debug] [Thread-3 (]: Re-using an available connection from the pool (formerly test.f1_lakehouse.not_null_silver_laps_event_slug.cde7249f28, now test.f1_lakehouse.not_null_silver_laps_session_type.e9b87ed01d)
[0m22:54:14.132877 [debug] [Thread-4 (]: Began compiling node test.f1_lakehouse.not_null_silver_laps_season.8fff702bd2
[0m22:54:14.139476 [debug] [Thread-3 (]: Began compiling node test.f1_lakehouse.not_null_silver_laps_session_type.e9b87ed01d
[0m22:54:14.145408 [debug] [Thread-2 (]: Writing injected SQL for node "test.f1_lakehouse.not_null_silver_laps_lap_time_ms.a0e949ff3c"
[0m22:54:14.170010 [debug] [Thread-4 (]: Writing injected SQL for node "test.f1_lakehouse.not_null_silver_laps_season.8fff702bd2"
[0m22:54:14.177014 [debug] [Thread-3 (]: Writing injected SQL for node "test.f1_lakehouse.not_null_silver_laps_session_type.e9b87ed01d"
[0m22:54:14.179482 [debug] [Thread-2 (]: Began executing node test.f1_lakehouse.not_null_silver_laps_lap_time_ms.a0e949ff3c
[0m22:54:14.185761 [debug] [Thread-2 (]: Writing runtime sql for node "test.f1_lakehouse.not_null_silver_laps_lap_time_ms.a0e949ff3c"
[0m22:54:14.187126 [debug] [Thread-4 (]: Began executing node test.f1_lakehouse.not_null_silver_laps_season.8fff702bd2
[0m22:54:14.190071 [debug] [Thread-3 (]: Began executing node test.f1_lakehouse.not_null_silver_laps_session_type.e9b87ed01d
[0m22:54:14.195233 [debug] [Thread-4 (]: Writing runtime sql for node "test.f1_lakehouse.not_null_silver_laps_season.8fff702bd2"
[0m22:54:14.198710 [debug] [Thread-3 (]: Writing runtime sql for node "test.f1_lakehouse.not_null_silver_laps_session_type.e9b87ed01d"
[0m22:54:14.204192 [debug] [Thread-2 (]: Using trino connection "test.f1_lakehouse.not_null_silver_laps_lap_time_ms.a0e949ff3c"
[0m22:54:14.205616 [debug] [Thread-2 (]: On test.f1_lakehouse.not_null_silver_laps_lap_time_ms.a0e949ff3c: /* {"app": "dbt", "dbt_version": "1.12.4", "profile_name": "f1_lakehouse", "target_name": "dev", "node_id": "test.f1_lakehouse.not_null_silver_laps_lap_time_ms.a0e949ff3c"} */

    
    select
      count(*) as failures,
      count(*) != 0 as should_warn,
      count(*) != 0 as should_error
    from (
      
    
  
    
    



select lap_time_ms
from "iceberg"."silver_silver"."silver_laps"
where lap_time_ms is null



  
  
      
    ) dbt_internal_test
[0m22:54:14.206763 [debug] [Thread-2 (]: Opening a new connection, currently in state closed
[0m22:54:14.211293 [debug] [Thread-4 (]: Using trino connection "test.f1_lakehouse.not_null_silver_laps_season.8fff702bd2"
[0m22:54:14.212032 [debug] [Thread-4 (]: On test.f1_lakehouse.not_null_silver_laps_season.8fff702bd2: /* {"app": "dbt", "dbt_version": "1.12.4", "profile_name": "f1_lakehouse", "target_name": "dev", "node_id": "test.f1_lakehouse.not_null_silver_laps_season.8fff702bd2"} */

    
    select
      count(*) as failures,
      count(*) != 0 as should_warn,
      count(*) != 0 as should_error
    from (
      
    
  
    
    



select season
from "iceberg"."silver_silver"."silver_laps"
where season is null



  
  
      
    ) dbt_internal_test
[0m22:54:14.212737 [debug] [Thread-4 (]: Opening a new connection, currently in state closed
[0m22:54:14.215653 [debug] [Thread-1 (]: SQL status: SUCCESS in 0.384 seconds
[0m22:54:14.221128 [debug] [Thread-1 (]: On test.f1_lakehouse.no_duplicate_silver_laps: ROLLBACK
[0m22:54:14.222459 [debug] [Thread-1 (]: On test.f1_lakehouse.no_duplicate_silver_laps: Close
[0m22:54:14.227142 [debug] [Thread-3 (]: Using trino connection "test.f1_lakehouse.not_null_silver_laps_session_type.e9b87ed01d"
[0m22:54:14.227947 [debug] [Thread-3 (]: On test.f1_lakehouse.not_null_silver_laps_session_type.e9b87ed01d: /* {"app": "dbt", "dbt_version": "1.12.4", "profile_name": "f1_lakehouse", "target_name": "dev", "node_id": "test.f1_lakehouse.not_null_silver_laps_session_type.e9b87ed01d"} */

    
    select
      count(*) as failures,
      count(*) != 0 as should_warn,
      count(*) != 0 as should_error
    from (
      
    
  
    
    



select session_type
from "iceberg"."silver_silver"."silver_laps"
where session_type is null



  
  
      
    ) dbt_internal_test
[0m22:54:14.229656 [info ] [Thread-1 (]: 1 of 7 PASS no_duplicate_silver_laps ........................................... [[32mPASS[0m in 0.50s]
[0m22:54:14.230997 [debug] [Thread-3 (]: Opening a new connection, currently in state closed
[0m22:54:14.233187 [debug] [Thread-1 (]: Finished running node test.f1_lakehouse.no_duplicate_silver_laps
[0m22:54:14.426910 [debug] [Thread-4 (]: SQL status: SUCCESS in 0.214 seconds
[0m22:54:14.431022 [debug] [Thread-4 (]: On test.f1_lakehouse.not_null_silver_laps_season.8fff702bd2: ROLLBACK
[0m22:54:14.432059 [debug] [Thread-4 (]: On test.f1_lakehouse.not_null_silver_laps_season.8fff702bd2: Close
[0m22:54:14.434819 [info ] [Thread-4 (]: 6 of 7 PASS not_null_silver_laps_season ........................................ [[32mPASS[0m in 0.31s]
[0m22:54:14.440034 [debug] [Thread-4 (]: Finished running node test.f1_lakehouse.not_null_silver_laps_season.8fff702bd2
[0m22:54:14.443865 [debug] [Thread-2 (]: SQL status: SUCCESS in 0.237 seconds
[0m22:54:14.448915 [debug] [Thread-2 (]: On test.f1_lakehouse.not_null_silver_laps_lap_time_ms.a0e949ff3c: ROLLBACK
[0m22:54:14.449855 [debug] [Thread-2 (]: On test.f1_lakehouse.not_null_silver_laps_lap_time_ms.a0e949ff3c: Close
[0m22:54:14.451207 [info ] [Thread-2 (]: 5 of 7 PASS not_null_silver_laps_lap_time_ms ................................... [[32mPASS[0m in 0.32s]
[0m22:54:14.453744 [debug] [Thread-2 (]: Finished running node test.f1_lakehouse.not_null_silver_laps_lap_time_ms.a0e949ff3c
[0m22:54:14.465718 [debug] [Thread-3 (]: SQL status: SUCCESS in 0.234 seconds
[0m22:54:14.470335 [debug] [Thread-3 (]: On test.f1_lakehouse.not_null_silver_laps_session_type.e9b87ed01d: ROLLBACK
[0m22:54:14.471693 [debug] [Thread-3 (]: On test.f1_lakehouse.not_null_silver_laps_session_type.e9b87ed01d: Close
[0m22:54:14.473868 [info ] [Thread-3 (]: 7 of 7 PASS not_null_silver_laps_session_type .................................. [[32mPASS[0m in 0.34s]
[0m22:54:14.475062 [debug] [Thread-3 (]: Finished running node test.f1_lakehouse.not_null_silver_laps_session_type.e9b87ed01d
[0m22:54:14.478059 [debug] [MainThread]: On master: COMMIT
[0m22:54:14.478870 [debug] [MainThread]: Connection 'master' was properly closed.
[0m22:54:14.479311 [debug] [MainThread]: Connection 'test.f1_lakehouse.no_duplicate_silver_laps' was properly closed.
[0m22:54:14.479679 [debug] [MainThread]: Connection 'test.f1_lakehouse.not_null_silver_laps_season.8fff702bd2' was properly closed.
[0m22:54:14.480039 [debug] [MainThread]: Connection 'test.f1_lakehouse.not_null_silver_laps_lap_time_ms.a0e949ff3c' was properly closed.
[0m22:54:14.480367 [debug] [MainThread]: Connection 'test.f1_lakehouse.not_null_silver_laps_session_type.e9b87ed01d' was properly closed.
[0m22:54:14.480776 [info ] [MainThread]: 
[0m22:54:14.481256 [info ] [MainThread]: Finished running 7 data tests in 0 hours 0 minutes and 1.07 seconds (1.07s).
[0m22:54:14.482970 [debug] [MainThread]: Command end result
[0m22:54:14.526155 [debug] [MainThread]: Wrote artifact WritableManifest to dbt/target/manifest.json
[0m22:54:14.529795 [debug] [MainThread]: Wrote artifact SemanticManifest to dbt/target/semantic_manifest.json
[0m22:54:14.533812 [debug] [MainThread]: Wrote artifact OsiDocument to dbt/target/osi_document.json
[0m22:54:14.553411 [debug] [MainThread]: Wrote artifact RunExecutionResult to dbt/target/run_results.json
[0m22:54:14.554019 [info ] [MainThread]: 
[0m22:54:14.554520 [info ] [MainThread]: [32mCompleted successfully[0m
[0m22:54:14.554938 [info ] [MainThread]: 
[0m22:54:14.555362 [info ] [MainThread]: Done. PASS=7 WARN=0 ERROR=0 SKIP=0 NO-OP=0 REUSED=0 TOTAL=7
[0m22:54:14.556650 [debug] [MainThread]: Resource report: {"command_name": "test", "command_success": true, "command_wall_clock_time": 2.4835026, "process_in_blocks": "0", "process_kernel_time": 0.228236, "process_mem_max_rss": "134768", "process_out_blocks": "2744", "process_user_time": 3.929727}
[0m22:54:14.557367 [debug] [MainThread]: Command `dbt test` succeeded at 22:54:14.557241 after 2.48 seconds
[0m22:54:14.557896 [debug] [MainThread]: Sending event: {'category': 'dbt', 'action': 'invocation', 'label': 'end', 'context': [<snowplow_tracker.self_describing_json.SelfDescribingJson object at 0x7ff850ededb0>, <snowplow_tracker.self_describing_json.SelfDescribingJson object at 0x7ff850184e10>, <snowplow_tracker.self_describing_json.SelfDescribingJson object at 0x7ff850186fd0>]}
[0m22:54:14.558410 [debug] [MainThread]: Flushing usage events
[0m22:54:14.712074 [debug] [MainThread]: An error was encountered while trying to flush usage events
[0m22:57:49.135064 [debug] [MainThread]: Sending event: {'category': 'dbt', 'action': 'invocation', 'label': 'start', 'context': [<snowplow_tracker.self_describing_json.SelfDescribingJson object at 0x7f51f2dd16a0>, <snowplow_tracker.self_describing_json.SelfDescribingJson object at 0x7f51f59e4f50>, <snowplow_tracker.self_describing_json.SelfDescribingJson object at 0x7f51f19bbd90>]}


============================== 22:57:49.140480 | c5243d13-e252-409e-913d-d37c9486493d ==============================
[0m22:57:49.140480 [info ] [MainThread]: Running with dbt=1.12.4
[0m22:57:49.141269 [debug] [MainThread]: running dbt with arguments {'empty': 'None', 'quiet': 'False', 'use_experimental_parser': 'False', 'log_format': 'default', 'static_parser': 'True', 'warn_error': 'None', 'hints_enabled': 'True', 'target_path': 'None', 'log_cache_events': 'False', 'indirect_selection': 'eager', 'cache_selected_only': 'False', 'introspect': 'True', 'use_colors': 'True', 'write_json': 'True', 'fail_fast': 'False', 'maximum_seed_size_mib': '1', 'debug': 'False', 'send_anonymous_usage_stats': 'True', 'warn_error_options': 'WarnErrorOptionsV2(error=[], warn=[], silence=[])', 'version_check': 'True', 'partial_parse': 'True', 'printer_width': '80', 'no_print': 'None', 'profiles_dir': './configs/dbt', 'invocation_command': 'dbt clean --project-dir ./dbt --profiles-dir ./configs/dbt', 'log_path': 'dbt/logs'}
[0m22:57:49.365680 [debug] [MainThread]: Sending event: {'category': 'dbt', 'action': 'project_id', 'label': 'c5243d13-e252-409e-913d-d37c9486493d', 'context': [<snowplow_tracker.self_describing_json.SelfDescribingJson object at 0x7f51f2b0da70>]}
[0m22:57:49.382808 [debug] [MainThread]: Resource report: {"command_name": "clean", "command_success": true, "command_wall_clock_time": 0.4057249, "process_in_blocks": "0", "process_kernel_time": 0.111091, "process_mem_max_rss": "116452", "process_out_blocks": "232", "process_user_time": 2.324437}
[0m22:57:49.383447 [debug] [MainThread]: Command `dbt clean` succeeded at 22:57:49.383333 after 0.41 seconds
[0m22:57:49.383968 [debug] [MainThread]: Sending event: {'category': 'dbt', 'action': 'invocation', 'label': 'end', 'context': [<snowplow_tracker.self_describing_json.SelfDescribingJson object at 0x7f51f1756470>, <snowplow_tracker.self_describing_json.SelfDescribingJson object at 0x7f51f1644f30>, <snowplow_tracker.self_describing_json.SelfDescribingJson object at 0x7f51f1c0bb50>]}
[0m22:57:49.384445 [debug] [MainThread]: Flushing usage events
[0m22:57:49.632971 [debug] [MainThread]: An error was encountered while trying to flush usage events
[0m22:58:00.864548 [debug] [MainThread]: Sending event: {'category': 'dbt', 'action': 'invocation', 'label': 'start', 'context': [<snowplow_tracker.self_describing_json.SelfDescribingJson object at 0x7f6a9bb6d6a0>, <snowplow_tracker.self_describing_json.SelfDescribingJson object at 0x7f6a9a617ed0>, <snowplow_tracker.self_describing_json.SelfDescribingJson object at 0x7f6a9a617b10>]}


============================== 22:58:00.869177 | b7a24563-0ffa-4b5a-aa08-40725d4ae963 ==============================
[0m22:58:00.869177 [info ] [MainThread]: Running with dbt=1.12.4
[0m22:58:00.869931 [debug] [MainThread]: running dbt with arguments {'introspect': 'True', 'indirect_selection': 'eager', 'log_path': 'dbt/logs', 'maximum_seed_size_mib': '1', 'partial_parse': 'True', 'send_anonymous_usage_stats': 'True', 'quiet': 'False', 'write_json': 'True', 'warn_error_options': 'WarnErrorOptionsV2(error=[], warn=[], silence=[])', 'debug': 'False', 'profiles_dir': './configs/dbt', 'use_experimental_parser': 'False', 'target_path': 'None', 'printer_width': '80', 'warn_error': 'None', 'hints_enabled': 'True', 'no_print': 'None', 'log_format': 'default', 'invocation_command': 'dbt compile --select silver_laps --project-dir ./dbt --profiles-dir ./configs/dbt', 'static_parser': 'True', 'cache_selected_only': 'False', 'log_cache_events': 'False', 'version_check': 'True', 'empty': 'False', 'fail_fast': 'False', 'use_colors': 'True'}
[0m22:58:01.187632 [debug] [MainThread]: Sending event: {'category': 'dbt', 'action': 'project_id', 'label': 'b7a24563-0ffa-4b5a-aa08-40725d4ae963', 'context': [<snowplow_tracker.self_describing_json.SelfDescribingJson object at 0x7f6a9b8a9a70>]}
[0m22:58:01.322116 [debug] [MainThread]: Sending event: {'category': 'dbt', 'action': 'adapter_info', 'label': 'b7a24563-0ffa-4b5a-aa08-40725d4ae963', 'context': [<snowplow_tracker.self_describing_json.SelfDescribingJson object at 0x7f6a9a7b18c0>]}
[0m22:58:01.323338 [info ] [MainThread]: Registered adapter: trino=1.10.3
[0m22:58:01.430418 [debug] [MainThread]: checksum: 6feb0373bf5e249bcfe93c2d0c493de2a05a899ef7ebdf18543bed5cf777135b, vars: {}, profile: f1_lakehouse, target: dev, version: 1.12.4
[0m22:58:01.431311 [info ] [MainThread]: Unable to do partial parsing because saved manifest not found. Starting full parse.
[0m22:58:01.431793 [debug] [MainThread]: Sending event: {'category': 'dbt', 'action': 'partial_parser', 'label': 'b7a24563-0ffa-4b5a-aa08-40725d4ae963', 'context': [<snowplow_tracker.self_describing_json.SelfDescribingJson object at 0x7f6a9a501650>]}
[0m22:58:04.064171 [warn ] [MainThread]: [[33mWARNING[0m]: Configuration paths exist in your dbt_project.yml file which do not apply to any resources.
There are 1 unused configuration paths:
- models.f1_lakehouse.gold
[0m22:58:04.069955 [debug] [MainThread]: Sending event: {'category': 'dbt', 'action': 'load_project', 'label': 'b7a24563-0ffa-4b5a-aa08-40725d4ae963', 'context': [<snowplow_tracker.self_describing_json.SelfDescribingJson object at 0x7f6a99eeac60>]}
[0m22:58:04.245133 [debug] [MainThread]: Wrote artifact WritableManifest to dbt/target/manifest.json
[0m22:58:04.248800 [debug] [MainThread]: Wrote artifact SemanticManifest to dbt/target/semantic_manifest.json
[0m22:58:04.265652 [debug] [MainThread]: Wrote artifact OsiDocument to dbt/target/osi_document.json
[0m22:58:04.277742 [debug] [MainThread]: Sending event: {'category': 'dbt', 'action': 'resource_counts', 'label': 'b7a24563-0ffa-4b5a-aa08-40725d4ae963', 'context': [<snowplow_tracker.self_describing_json.SelfDescribingJson object at 0x7f6a99170210>]}
[0m22:58:04.278498 [info ] [MainThread]: Found 1 model, 17 data tests, 3 sources, 498 macros
[0m22:58:04.279014 [debug] [MainThread]: Sending event: {'category': 'dbt', 'action': 'runnable_timing', 'label': 'b7a24563-0ffa-4b5a-aa08-40725d4ae963', 'context': [<snowplow_tracker.self_describing_json.SelfDescribingJson object at 0x7f6a99da3790>]}
[0m22:58:04.281594 [info ] [MainThread]: 
[0m22:58:04.282255 [info ] [MainThread]: Concurrency: 4 threads (target='dev')
[0m22:58:04.282655 [info ] [MainThread]: 
[0m22:58:04.283357 [debug] [MainThread]: Acquiring new trino connection 'master'
[0m22:58:04.284999 [debug] [ThreadPool]: Acquiring new trino connection 'list_iceberg_silver'
[0m22:58:04.346700 [debug] [ThreadPool]: Using trino connection "list_iceberg_silver"
[0m22:58:04.347381 [debug] [ThreadPool]: On list_iceberg_silver: /* {"app": "dbt", "dbt_version": "1.12.4", "profile_name": "f1_lakehouse", "target_name": "dev", "connection_name": "list_iceberg_silver"} */
select
      t.table_catalog as database,
      t.table_name as name,
      t.table_schema as schema,
      case when mv.name is not null then 'materialized_view'
           when t.table_type = 'BASE TABLE' then 'table'
           when t.table_type = 'VIEW' then 'view'
           else t.table_type
      end as table_type
    from "iceberg".INFORMATION_SCHEMA.tables t
    left join (
            select * from system.metadata.materialized_views
            where catalog_name = 'iceberg'
              and schema_name = 'silver') mv
          on mv.catalog_name = t.table_catalog and mv.schema_name = t.table_schema and mv.name = t.table_name
    where t.table_schema = 'silver'
[0m22:58:04.347850 [debug] [ThreadPool]: Opening a new connection, currently in state init
[0m22:58:04.348229 [warn ] [ThreadPool]: [[33mWARNING[0m]: SSL certificate validation is disabled by default. It is legacy behavior which will be changed in future releases. It is strongly advised to enable `require_certificate_validation` flag or explicitly set `cert` configuration to `True` for security reasons. You may receive an error after that if your SSL setup is incorrect.
You may opt into the new behavior sooner by setting `flags.require_certificate_validation` to `True` in `dbt_project.yml`.
Visit https://docs.getdbt.com/reference/global-configs/behavior-changes for more information.
[0m22:58:04.348814 [debug] [ThreadPool]: Sending event: {'category': 'dbt', 'action': 'BehaviorChangeEvent', 'label': 'b7a24563-0ffa-4b5a-aa08-40725d4ae963', 'context': [<snowplow_tracker.self_describing_json.SelfDescribingJson object at 0x7f6a98664ad0>]}
[0m22:58:04.584556 [debug] [ThreadPool]: SQL status: SUCCESS in 0.237 seconds
[0m22:58:04.586837 [debug] [ThreadPool]: On list_iceberg_silver: ROLLBACK
[0m22:58:04.587412 [debug] [ThreadPool]: On list_iceberg_silver: Close
[0m22:58:04.588704 [debug] [MainThread]: Sending event: {'category': 'dbt', 'action': 'runnable_timing', 'label': 'b7a24563-0ffa-4b5a-aa08-40725d4ae963', 'context': [<snowplow_tracker.self_describing_json.SelfDescribingJson object at 0x7f6a985785d0>]}
[0m22:58:04.594486 [debug] [Thread-1 (]: Began running node model.f1_lakehouse.silver_laps
[0m22:58:04.596007 [debug] [Thread-1 (]: Re-using an available connection from the pool (formerly list_iceberg_silver, now model.f1_lakehouse.silver_laps)
[0m22:58:04.597057 [debug] [Thread-1 (]: Began compiling node model.f1_lakehouse.silver_laps
[0m22:58:04.600486 [debug] [Thread-1 (]: Writing injected SQL for node "model.f1_lakehouse.silver_laps"
[0m22:58:04.601462 [debug] [Thread-1 (]: Began executing node model.f1_lakehouse.silver_laps
[0m22:58:04.602496 [debug] [Thread-1 (]: Finished running node model.f1_lakehouse.silver_laps
[0m22:58:04.604174 [debug] [Thread-1 (]: Began running node test.f1_lakehouse.not_null_silver_laps_lap_number.bb2186e779
[0m22:58:04.604755 [debug] [Thread-1 (]: Re-using an available connection from the pool (formerly model.f1_lakehouse.silver_laps, now test.f1_lakehouse.not_null_silver_laps_lap_number.bb2186e779)
[0m22:58:04.605260 [debug] [Thread-1 (]: Began compiling node test.f1_lakehouse.not_null_silver_laps_lap_number.bb2186e779
[0m22:58:04.606081 [debug] [Thread-3 (]: Began running node test.f1_lakehouse.not_null_silver_laps_driver_code.485b9cd37a
[0m22:58:04.607378 [debug] [Thread-4 (]: Began running node test.f1_lakehouse.not_null_silver_laps_event_slug.cde7249f28
[0m22:58:04.614221 [debug] [Thread-3 (]: Acquiring new trino connection 'test.f1_lakehouse.not_null_silver_laps_driver_code.485b9cd37a'
[0m22:58:04.615175 [debug] [Thread-2 (]: Began running node test.f1_lakehouse.no_duplicate_silver_laps
[0m22:58:04.630917 [debug] [Thread-4 (]: Acquiring new trino connection 'test.f1_lakehouse.not_null_silver_laps_event_slug.cde7249f28'
[0m22:58:04.636005 [debug] [Thread-1 (]: Writing injected SQL for node "test.f1_lakehouse.not_null_silver_laps_lap_number.bb2186e779"
[0m22:58:04.636893 [debug] [Thread-3 (]: Began compiling node test.f1_lakehouse.not_null_silver_laps_driver_code.485b9cd37a
[0m22:58:04.638354 [debug] [Thread-2 (]: Acquiring new trino connection 'test.f1_lakehouse.no_duplicate_silver_laps'
[0m22:58:04.639305 [debug] [Thread-4 (]: Began compiling node test.f1_lakehouse.not_null_silver_laps_event_slug.cde7249f28
[0m22:58:04.651375 [debug] [Thread-2 (]: Began compiling node test.f1_lakehouse.no_duplicate_silver_laps
[0m22:58:04.655298 [debug] [Thread-3 (]: Writing injected SQL for node "test.f1_lakehouse.not_null_silver_laps_driver_code.485b9cd37a"
[0m22:58:04.664757 [debug] [Thread-2 (]: Writing injected SQL for node "test.f1_lakehouse.no_duplicate_silver_laps"
[0m22:58:04.673675 [debug] [Thread-4 (]: Writing injected SQL for node "test.f1_lakehouse.not_null_silver_laps_event_slug.cde7249f28"
[0m22:58:04.674826 [debug] [Thread-1 (]: Began executing node test.f1_lakehouse.not_null_silver_laps_lap_number.bb2186e779
[0m22:58:04.676100 [debug] [Thread-3 (]: Began executing node test.f1_lakehouse.not_null_silver_laps_driver_code.485b9cd37a
[0m22:58:04.678146 [debug] [Thread-1 (]: Finished running node test.f1_lakehouse.not_null_silver_laps_lap_number.bb2186e779
[0m22:58:04.680061 [debug] [Thread-3 (]: Finished running node test.f1_lakehouse.not_null_silver_laps_driver_code.485b9cd37a
[0m22:58:04.680883 [debug] [Thread-4 (]: Began executing node test.f1_lakehouse.not_null_silver_laps_event_slug.cde7249f28
[0m22:58:04.681824 [debug] [Thread-2 (]: Began executing node test.f1_lakehouse.no_duplicate_silver_laps
[0m22:58:04.683028 [debug] [Thread-1 (]: Began running node test.f1_lakehouse.not_null_silver_laps_lap_time_ms.a0e949ff3c
[0m22:58:04.684093 [debug] [Thread-3 (]: Began running node test.f1_lakehouse.not_null_silver_laps_season.8fff702bd2
[0m22:58:04.685710 [debug] [Thread-4 (]: Finished running node test.f1_lakehouse.not_null_silver_laps_event_slug.cde7249f28
[0m22:58:04.687322 [debug] [Thread-2 (]: Finished running node test.f1_lakehouse.no_duplicate_silver_laps
[0m22:58:04.688399 [debug] [Thread-1 (]: Re-using an available connection from the pool (formerly test.f1_lakehouse.not_null_silver_laps_lap_number.bb2186e779, now test.f1_lakehouse.not_null_silver_laps_lap_time_ms.a0e949ff3c)
[0m22:58:04.689559 [debug] [Thread-3 (]: Re-using an available connection from the pool (formerly test.f1_lakehouse.not_null_silver_laps_driver_code.485b9cd37a, now test.f1_lakehouse.not_null_silver_laps_season.8fff702bd2)
[0m22:58:04.690619 [debug] [Thread-4 (]: Began running node test.f1_lakehouse.not_null_silver_laps_session_type.e9b87ed01d
[0m22:58:04.691807 [debug] [Thread-1 (]: Began compiling node test.f1_lakehouse.not_null_silver_laps_lap_time_ms.a0e949ff3c
[0m22:58:04.692765 [debug] [Thread-3 (]: Began compiling node test.f1_lakehouse.not_null_silver_laps_season.8fff702bd2
[0m22:58:04.693861 [debug] [Thread-4 (]: Re-using an available connection from the pool (formerly test.f1_lakehouse.not_null_silver_laps_event_slug.cde7249f28, now test.f1_lakehouse.not_null_silver_laps_session_type.e9b87ed01d)
[0m22:58:04.715612 [debug] [Thread-4 (]: Began compiling node test.f1_lakehouse.not_null_silver_laps_session_type.e9b87ed01d
[0m22:58:04.714878 [debug] [Thread-3 (]: Writing injected SQL for node "test.f1_lakehouse.not_null_silver_laps_season.8fff702bd2"
[0m22:58:04.727593 [debug] [Thread-1 (]: Writing injected SQL for node "test.f1_lakehouse.not_null_silver_laps_lap_time_ms.a0e949ff3c"
[0m22:58:04.726754 [debug] [Thread-4 (]: Writing injected SQL for node "test.f1_lakehouse.not_null_silver_laps_session_type.e9b87ed01d"
[0m22:58:04.729280 [debug] [Thread-4 (]: Began executing node test.f1_lakehouse.not_null_silver_laps_session_type.e9b87ed01d
[0m22:58:04.730390 [debug] [Thread-4 (]: Finished running node test.f1_lakehouse.not_null_silver_laps_session_type.e9b87ed01d
[0m22:58:04.731129 [debug] [Thread-3 (]: Began executing node test.f1_lakehouse.not_null_silver_laps_season.8fff702bd2
[0m22:58:04.732248 [debug] [Thread-3 (]: Finished running node test.f1_lakehouse.not_null_silver_laps_season.8fff702bd2
[0m22:58:04.733251 [debug] [Thread-1 (]: Began executing node test.f1_lakehouse.not_null_silver_laps_lap_time_ms.a0e949ff3c
[0m22:58:04.734629 [debug] [Thread-1 (]: Finished running node test.f1_lakehouse.not_null_silver_laps_lap_time_ms.a0e949ff3c
[0m22:58:04.736844 [debug] [MainThread]: Connection 'master' was properly closed.
[0m22:58:04.737399 [debug] [MainThread]: Connection 'test.f1_lakehouse.not_null_silver_laps_lap_time_ms.a0e949ff3c' was properly closed.
[0m22:58:04.737843 [debug] [MainThread]: Connection 'test.f1_lakehouse.not_null_silver_laps_season.8fff702bd2' was properly closed.
[0m22:58:04.738258 [debug] [MainThread]: Connection 'test.f1_lakehouse.not_null_silver_laps_session_type.e9b87ed01d' was properly closed.
[0m22:58:04.738658 [debug] [MainThread]: Connection 'test.f1_lakehouse.no_duplicate_silver_laps' was properly closed.
[0m22:58:04.740536 [debug] [MainThread]: Command end result
[0m22:58:04.783887 [debug] [MainThread]: Wrote artifact WritableManifest to dbt/target/manifest.json
[0m22:58:04.787452 [debug] [MainThread]: Wrote artifact SemanticManifest to dbt/target/semantic_manifest.json
[0m22:58:04.790827 [debug] [MainThread]: Wrote artifact OsiDocument to dbt/target/osi_document.json
[0m22:58:04.801301 [debug] [MainThread]: Wrote artifact RunExecutionResult to dbt/target/run_results.json
[0m22:58:04.801803 [debug] [MainThread]: Excluded node 'not_null_silver_laps_lap_number' from results
[0m22:58:04.802196 [debug] [MainThread]: Excluded node 'not_null_silver_laps_driver_code' from results
[0m22:58:04.802529 [debug] [MainThread]: Excluded node 'not_null_silver_laps_event_slug' from results
[0m22:58:04.802855 [debug] [MainThread]: Excluded node 'no_duplicate_silver_laps' from results
[0m22:58:04.803168 [debug] [MainThread]: Excluded node 'not_null_silver_laps_session_type' from results
[0m22:58:04.803471 [debug] [MainThread]: Excluded node 'not_null_silver_laps_season' from results
[0m22:58:04.803769 [debug] [MainThread]: Excluded node 'not_null_silver_laps_lap_time_ms' from results
[0m22:58:04.804175 [info ] [MainThread]: Compiled node 'silver_laps' is:


with source_laps as (

    select *
    from "iceberg"."bronze"."laps"

),

valid_laps as (

    select
        season,
        event_name,
        event_slug,
        session_type,

        driver_code,
        driver_number,
        team_name,

        lap_number,
        stint,
        position,

        lap_time_ms,

        round(
            lap_time_ms / 1000.0,
            3
        ) as lap_time_seconds,

        sector_1_ms,
        sector_2_ms,
        sector_3_ms,

        speed_i1,
        speed_i2,
        speed_fl,
        speed_st,

        upper(compound) as compound,

        tyre_life,
        fresh_tyre,

        track_status,

        is_personal_best,
        is_accurate,

        lap_start_date,

        source_system,
        ingested_at

    from source_laps

    where lap_time_ms is not null
      and lap_time_ms > 0
      and is_accurate = true
      and coalesce(deleted, false) = false

)

select *
from valid_laps
[0m22:58:04.805436 [debug] [MainThread]: Resource report: {"command_name": "compile", "command_success": true, "command_wall_clock_time": 4.096653, "process_in_blocks": "0", "process_kernel_time": 0.220113, "process_mem_max_rss": "145604", "process_out_blocks": "3816", "process_user_time": 5.704568}
[0m22:58:04.806091 [debug] [MainThread]: Command `dbt compile` succeeded at 22:58:04.805971 after 4.10 seconds
[0m22:58:04.806593 [debug] [MainThread]: Sending event: {'category': 'dbt', 'action': 'invocation', 'label': 'end', 'context': [<snowplow_tracker.self_describing_json.SelfDescribingJson object at 0x7f6a9841d950>, <snowplow_tracker.self_describing_json.SelfDescribingJson object at 0x7f6a99073ad0>, <snowplow_tracker.self_describing_json.SelfDescribingJson object at 0x7f6a98e9b250>]}
[0m22:58:04.807107 [debug] [MainThread]: Flushing usage events
[0m22:58:04.975907 [debug] [MainThread]: An error was encountered while trying to flush usage events
[0m22:58:19.804472 [debug] [MainThread]: Sending event: {'category': 'dbt', 'action': 'invocation', 'label': 'start', 'context': [<snowplow_tracker.self_describing_json.SelfDescribingJson object at 0x7f6ab6fc96a0>, <snowplow_tracker.self_describing_json.SelfDescribingJson object at 0x7f6ab5a73ed0>, <snowplow_tracker.self_describing_json.SelfDescribingJson object at 0x7f6ab5a73b10>]}


============================== 22:58:19.810939 | b1823ef8-f305-4c12-98b0-d5cbfd02f990 ==============================
[0m22:58:19.810939 [info ] [MainThread]: Running with dbt=1.12.4
[0m22:58:19.812074 [debug] [MainThread]: running dbt with arguments {'empty': 'False', 'invocation_command': 'dbt run --select silver_laps --project-dir ./dbt --profiles-dir ./configs/dbt', 'partial_parse': 'True', 'hints_enabled': 'True', 'introspect': 'True', 'log_cache_events': 'False', 'cache_selected_only': 'False', 'profiles_dir': './configs/dbt', 'debug': 'False', 'target_path': 'None', 'printer_width': '80', 'use_colors': 'True', 'send_anonymous_usage_stats': 'True', 'quiet': 'False', 'log_path': 'dbt/logs', 'warn_error': 'None', 'fail_fast': 'False', 'no_print': 'None', 'indirect_selection': 'eager', 'maximum_seed_size_mib': '1', 'static_parser': 'True', 'warn_error_options': 'WarnErrorOptionsV2(error=[], warn=[], silence=[])', 'version_check': 'True', 'use_experimental_parser': 'False', 'log_format': 'default', 'write_json': 'True'}
[0m22:58:20.129334 [debug] [MainThread]: Sending event: {'category': 'dbt', 'action': 'project_id', 'label': 'b1823ef8-f305-4c12-98b0-d5cbfd02f990', 'context': [<snowplow_tracker.self_describing_json.SelfDescribingJson object at 0x7f6ab6d05a70>]}
[0m22:58:20.264677 [debug] [MainThread]: Sending event: {'category': 'dbt', 'action': 'adapter_info', 'label': 'b1823ef8-f305-4c12-98b0-d5cbfd02f990', 'context': [<snowplow_tracker.self_describing_json.SelfDescribingJson object at 0x7f6ab5c0d8c0>]}
[0m22:58:20.265902 [info ] [MainThread]: Registered adapter: trino=1.10.3
[0m22:58:20.374912 [debug] [MainThread]: checksum: 6feb0373bf5e249bcfe93c2d0c493de2a05a899ef7ebdf18543bed5cf777135b, vars: {}, profile: f1_lakehouse, target: dev, version: 1.12.4
[0m22:58:20.681871 [debug] [MainThread]: Partial parsing enabled: 0 files deleted, 0 files added, 0 files changed.
[0m22:58:20.682495 [debug] [MainThread]: Nothing changed, skipping partial parsing.
[0m22:58:20.682914 [debug] [MainThread]: Partial parsing enabled, no changes found, skipping parsing
[0m22:58:20.691789 [warn ] [MainThread]: [[33mWARNING[0m]: Configuration paths exist in your dbt_project.yml file which do not apply to any resources.
There are 1 unused configuration paths:
- models.f1_lakehouse.gold
[0m22:58:20.697620 [debug] [MainThread]: Sending event: {'category': 'dbt', 'action': 'load_project', 'label': 'b1823ef8-f305-4c12-98b0-d5cbfd02f990', 'context': [<snowplow_tracker.self_describing_json.SelfDescribingJson object at 0x7f6ab529ed50>]}
[0m22:58:20.922302 [debug] [MainThread]: Wrote artifact WritableManifest to dbt/target/manifest.json
[0m22:58:20.925998 [debug] [MainThread]: Wrote artifact SemanticManifest to dbt/target/semantic_manifest.json
[0m22:58:20.942261 [debug] [MainThread]: Wrote artifact OsiDocument to dbt/target/osi_document.json
[0m22:58:20.954706 [debug] [MainThread]: Sending event: {'category': 'dbt', 'action': 'resource_counts', 'label': 'b1823ef8-f305-4c12-98b0-d5cbfd02f990', 'context': [<snowplow_tracker.self_describing_json.SelfDescribingJson object at 0x7f6ab5537c50>]}
[0m22:58:20.955601 [info ] [MainThread]: Found 1 model, 17 data tests, 3 sources, 498 macros
[0m22:58:20.956118 [debug] [MainThread]: Sending event: {'category': 'dbt', 'action': 'runnable_timing', 'label': 'b1823ef8-f305-4c12-98b0-d5cbfd02f990', 'context': [<snowplow_tracker.self_describing_json.SelfDescribingJson object at 0x7f6ab519d630>]}
[0m22:58:20.958451 [info ] [MainThread]: 
[0m22:58:20.958988 [info ] [MainThread]: Concurrency: 4 threads (target='dev')
[0m22:58:20.959382 [info ] [MainThread]: 
[0m22:58:20.960065 [debug] [MainThread]: Acquiring new trino connection 'master'
[0m22:58:20.961713 [debug] [ThreadPool]: Acquiring new trino connection 'list_iceberg'
[0m22:58:21.046282 [debug] [ThreadPool]: Using trino connection "list_iceberg"
[0m22:58:21.046988 [debug] [ThreadPool]: On list_iceberg: /* {"app": "dbt", "dbt_version": "1.12.4", "profile_name": "f1_lakehouse", "target_name": "dev", "connection_name": "list_iceberg"} */

    select schema_name
    from "iceberg".INFORMATION_SCHEMA.schemata
[0m22:58:21.047438 [debug] [ThreadPool]: Opening a new connection, currently in state init
[0m22:58:21.047804 [warn ] [ThreadPool]: [[33mWARNING[0m]: SSL certificate validation is disabled by default. It is legacy behavior which will be changed in future releases. It is strongly advised to enable `require_certificate_validation` flag or explicitly set `cert` configuration to `True` for security reasons. You may receive an error after that if your SSL setup is incorrect.
You may opt into the new behavior sooner by setting `flags.require_certificate_validation` to `True` in `dbt_project.yml`.
Visit https://docs.getdbt.com/reference/global-configs/behavior-changes for more information.
[0m22:58:21.048494 [debug] [ThreadPool]: Sending event: {'category': 'dbt', 'action': 'BehaviorChangeEvent', 'label': 'b1823ef8-f305-4c12-98b0-d5cbfd02f990', 'context': [<snowplow_tracker.self_describing_json.SelfDescribingJson object at 0x7f6ab49071e0>]}
[0m22:58:21.135784 [debug] [ThreadPool]: SQL status: SUCCESS in 0.088 seconds
[0m22:58:21.140073 [debug] [ThreadPool]: On list_iceberg: Close
[0m22:58:21.142814 [debug] [ThreadPool]: Re-using an available connection from the pool (formerly list_iceberg, now create_iceberg_silver)
[0m22:58:21.144453 [debug] [ThreadPool]: Creating schema "database: "iceberg"
schema: "silver"
"
[0m22:58:21.154412 [debug] [ThreadPool]: Using trino connection "create_iceberg_silver"
[0m22:58:21.155279 [debug] [ThreadPool]: On create_iceberg_silver: /* {"app": "dbt", "dbt_version": "1.12.4", "profile_name": "f1_lakehouse", "target_name": "dev", "connection_name": "create_iceberg_silver"} */
create schema if not exists "iceberg"."silver"
[0m22:58:21.155908 [debug] [ThreadPool]: Opening a new connection, currently in state closed
[0m22:58:21.197462 [debug] [ThreadPool]: SQL status: CREATE SCHEMA in 0.041 seconds
[0m22:58:21.199130 [debug] [ThreadPool]: On create_iceberg_silver: COMMIT
[0m22:58:21.199707 [debug] [ThreadPool]: On create_iceberg_silver: Close
[0m22:58:21.202514 [debug] [ThreadPool]: Re-using an available connection from the pool (formerly create_iceberg_silver, now list_iceberg_silver)
[0m22:58:21.227243 [debug] [ThreadPool]: Using trino connection "list_iceberg_silver"
[0m22:58:21.227954 [debug] [ThreadPool]: On list_iceberg_silver: /* {"app": "dbt", "dbt_version": "1.12.4", "profile_name": "f1_lakehouse", "target_name": "dev", "connection_name": "list_iceberg_silver"} */
select
      t.table_catalog as database,
      t.table_name as name,
      t.table_schema as schema,
      case when mv.name is not null then 'materialized_view'
           when t.table_type = 'BASE TABLE' then 'table'
           when t.table_type = 'VIEW' then 'view'
           else t.table_type
      end as table_type
    from "iceberg".INFORMATION_SCHEMA.tables t
    left join (
            select * from system.metadata.materialized_views
            where catalog_name = 'iceberg'
              and schema_name = 'silver') mv
          on mv.catalog_name = t.table_catalog and mv.schema_name = t.table_schema and mv.name = t.table_name
    where t.table_schema = 'silver'
[0m22:58:21.228420 [debug] [ThreadPool]: Opening a new connection, currently in state closed
[0m22:58:21.461992 [debug] [ThreadPool]: SQL status: SUCCESS in 0.233 seconds
[0m22:58:21.466844 [debug] [ThreadPool]: On list_iceberg_silver: ROLLBACK
[0m22:58:21.467504 [debug] [ThreadPool]: On list_iceberg_silver: Close
[0m22:58:21.468698 [debug] [MainThread]: Sending event: {'category': 'dbt', 'action': 'runnable_timing', 'label': 'b1823ef8-f305-4c12-98b0-d5cbfd02f990', 'context': [<snowplow_tracker.self_describing_json.SelfDescribingJson object at 0x7f6ab53d2c90>]}
[0m22:58:21.469550 [debug] [MainThread]: On master: COMMIT
[0m22:58:21.474237 [debug] [Thread-1 (]: Began running node model.f1_lakehouse.silver_laps
[0m22:58:21.475186 [info ] [Thread-1 (]: 1 of 1 START sql table model silver.silver_laps ................................ [RUN]
[0m22:58:21.476440 [debug] [Thread-1 (]: Re-using an available connection from the pool (formerly list_iceberg_silver, now model.f1_lakehouse.silver_laps)
[0m22:58:21.477442 [debug] [Thread-1 (]: Began compiling node model.f1_lakehouse.silver_laps
[0m22:58:21.481909 [debug] [Thread-1 (]: Writing injected SQL for node "model.f1_lakehouse.silver_laps"
[0m22:58:21.483341 [debug] [Thread-1 (]: Began executing node model.f1_lakehouse.silver_laps
[0m22:58:21.564339 [debug] [Thread-1 (]: Writing runtime sql for node "model.f1_lakehouse.silver_laps"
[0m22:58:21.569467 [debug] [Thread-1 (]: Using trino connection "model.f1_lakehouse.silver_laps"
[0m22:58:21.570179 [debug] [Thread-1 (]: On model.f1_lakehouse.silver_laps: /* {"app": "dbt", "dbt_version": "1.12.4", "profile_name": "f1_lakehouse", "target_name": "dev", "node_id": "model.f1_lakehouse.silver_laps"} */

  
    

    create table "iceberg"."silver"."silver_laps"
      
      
    as (
      

with source_laps as (

    select *
    from "iceberg"."bronze"."laps"

),

valid_laps as (

    select
        season,
        event_name,
        event_slug,
        session_type,

        driver_code,
        driver_number,
        team_name,

        lap_number,
        stint,
        position,

        lap_time_ms,

        round(
            lap_time_ms / 1000.0,
            3
        ) as lap_time_seconds,

        sector_1_ms,
        sector_2_ms,
        sector_3_ms,

        speed_i1,
        speed_i2,
        speed_fl,
        speed_st,

        upper(compound) as compound,

        tyre_life,
        fresh_tyre,

        track_status,

        is_personal_best,
        is_accurate,

        lap_start_date,

        source_system,
        ingested_at

    from source_laps

    where lap_time_ms is not null
      and lap_time_ms > 0
      and is_accurate = true
      and coalesce(deleted, false) = false

)

select *
from valid_laps
    )
[0m22:58:21.570685 [debug] [Thread-1 (]: Opening a new connection, currently in state closed
[0m22:58:22.050624 [debug] [Thread-1 (]: SQL status: CREATE TABLE (914 rows) in 0.480 seconds
[0m22:58:22.098951 [debug] [Thread-1 (]: On model.f1_lakehouse.silver_laps: ROLLBACK
[0m22:58:22.100210 [debug] [Thread-1 (]: On model.f1_lakehouse.silver_laps: Close
[0m22:58:22.104974 [debug] [Thread-1 (]: Sending event: {'category': 'dbt', 'action': 'run_model', 'label': 'b1823ef8-f305-4c12-98b0-d5cbfd02f990', 'context': [<snowplow_tracker.self_describing_json.SelfDescribingJson object at 0x7f6ab53c2c50>]}
[0m22:58:22.106974 [info ] [Thread-1 (]: 1 of 1 OK created sql table model silver.silver_laps ........................... [[32mCREATE TABLE (914 rows)[0m in 0.63s]
[0m22:58:22.108937 [debug] [Thread-1 (]: Finished running node model.f1_lakehouse.silver_laps
[0m22:58:22.111765 [debug] [MainThread]: On master: COMMIT
[0m22:58:22.112440 [debug] [MainThread]: Connection 'master' was properly closed.
[0m22:58:22.112888 [debug] [MainThread]: Connection 'model.f1_lakehouse.silver_laps' was properly closed.
[0m22:58:22.113313 [info ] [MainThread]: 
[0m22:58:22.113756 [info ] [MainThread]: Finished running 1 table model in 0 hours 0 minutes and 1.15 seconds (1.15s).
[0m22:58:22.114640 [debug] [MainThread]: Command end result
[0m22:58:22.156368 [debug] [MainThread]: Wrote artifact WritableManifest to dbt/target/manifest.json
[0m22:58:22.160167 [debug] [MainThread]: Wrote artifact SemanticManifest to dbt/target/semantic_manifest.json
[0m22:58:22.163951 [debug] [MainThread]: Wrote artifact OsiDocument to dbt/target/osi_document.json
[0m22:58:22.174120 [debug] [MainThread]: Wrote artifact RunExecutionResult to dbt/target/run_results.json
[0m22:58:22.174714 [info ] [MainThread]: 
[0m22:58:22.175290 [info ] [MainThread]: [32mCompleted successfully[0m
[0m22:58:22.175716 [info ] [MainThread]: 
[0m22:58:22.176151 [info ] [MainThread]: Done. PASS=1 WARN=0 ERROR=0 SKIP=0 NO-OP=0 REUSED=0 TOTAL=1
[0m22:58:22.177410 [debug] [MainThread]: Resource report: {"command_name": "run", "command_success": true, "command_wall_clock_time": 2.5230036, "process_in_blocks": "0", "process_kernel_time": 0.189291, "process_mem_max_rss": "132276", "process_out_blocks": "2560", "process_user_time": 3.55969}
[0m22:58:22.178120 [debug] [MainThread]: Command `dbt run` succeeded at 22:58:22.177991 after 2.52 seconds
[0m22:58:22.178638 [debug] [MainThread]: Sending event: {'category': 'dbt', 'action': 'invocation', 'label': 'end', 'context': [<snowplow_tracker.self_describing_json.SelfDescribingJson object at 0x7f6ab4732b70>, <snowplow_tracker.self_describing_json.SelfDescribingJson object at 0x7f6ab4675640>, <snowplow_tracker.self_describing_json.SelfDescribingJson object at 0x7f6ab549bc50>]}
[0m22:58:22.179143 [debug] [MainThread]: Flushing usage events
[0m22:58:22.339601 [debug] [MainThread]: An error was encountered while trying to flush usage events
[0m23:03:22.218501 [debug] [MainThread]: Sending event: {'category': 'dbt', 'action': 'invocation', 'label': 'start', 'context': [<snowplow_tracker.self_describing_json.SelfDescribingJson object at 0x7fc98ffd56a0>, <snowplow_tracker.self_describing_json.SelfDescribingJson object at 0x7fc98ea7fed0>, <snowplow_tracker.self_describing_json.SelfDescribingJson object at 0x7fc98ea7fb10>]}


============================== 23:03:22.225092 | e2a714fa-2be7-4f14-8a1f-2844c81bfc44 ==============================
[0m23:03:22.225092 [info ] [MainThread]: Running with dbt=1.12.4
[0m23:03:22.226238 [debug] [MainThread]: running dbt with arguments {'fail_fast': 'False', 'no_print': 'None', 'indirect_selection': 'eager', 'warn_error_options': 'WarnErrorOptionsV2(error=[], warn=[], silence=[])', 'version_check': 'True', 'log_path': 'dbt/logs', 'send_anonymous_usage_stats': 'True', 'debug': 'False', 'write_json': 'True', 'empty': 'False', 'profiles_dir': './configs/dbt', 'partial_parse': 'True', 'maximum_seed_size_mib': '1', 'cache_selected_only': 'False', 'introspect': 'True', 'log_cache_events': 'False', 'static_parser': 'True', 'hints_enabled': 'True', 'invocation_command': 'dbt run --select silver_results silver_weather --project-dir ./dbt --profiles-dir ./configs/dbt', 'use_experimental_parser': 'False', 'target_path': 'None', 'warn_error': 'None', 'printer_width': '80', 'quiet': 'False', 'use_colors': 'True', 'log_format': 'default'}
[0m23:03:22.555002 [debug] [MainThread]: Sending event: {'category': 'dbt', 'action': 'project_id', 'label': 'e2a714fa-2be7-4f14-8a1f-2844c81bfc44', 'context': [<snowplow_tracker.self_describing_json.SelfDescribingJson object at 0x7fc98fd11a70>]}
[0m23:03:22.689630 [debug] [MainThread]: Sending event: {'category': 'dbt', 'action': 'adapter_info', 'label': 'e2a714fa-2be7-4f14-8a1f-2844c81bfc44', 'context': [<snowplow_tracker.self_describing_json.SelfDescribingJson object at 0x7fc98ec198c0>]}
[0m23:03:22.690846 [info ] [MainThread]: Registered adapter: trino=1.10.3
[0m23:03:22.797177 [debug] [MainThread]: checksum: 6feb0373bf5e249bcfe93c2d0c493de2a05a899ef7ebdf18543bed5cf777135b, vars: {}, profile: f1_lakehouse, target: dev, version: 1.12.4
[0m23:03:23.093264 [debug] [MainThread]: Partial parsing enabled: 0 files deleted, 2 files added, 1 files changed.
[0m23:03:23.094181 [debug] [MainThread]: Partial parsing: added file: f1_lakehouse://models/silver/silver_weather.sql
[0m23:03:23.094689 [debug] [MainThread]: Partial parsing: added file: f1_lakehouse://models/silver/silver_results.sql
[0m23:03:23.095491 [debug] [MainThread]: Partial parsing: updated file: f1_lakehouse://models/silver/schema.yml
[0m23:03:24.237136 [warn ] [MainThread]: [[33mWARNING[0m]: Configuration paths exist in your dbt_project.yml file which do not apply to any resources.
There are 1 unused configuration paths:
- models.f1_lakehouse.gold
[0m23:03:24.242696 [debug] [MainThread]: Sending event: {'category': 'dbt', 'action': 'load_project', 'label': 'e2a714fa-2be7-4f14-8a1f-2844c81bfc44', 'context': [<snowplow_tracker.self_describing_json.SelfDescribingJson object at 0x7fc98e2abd50>]}
[0m23:03:24.426109 [debug] [MainThread]: Wrote artifact WritableManifest to dbt/target/manifest.json
[0m23:03:24.429845 [debug] [MainThread]: Wrote artifact SemanticManifest to dbt/target/semantic_manifest.json
[0m23:03:24.446476 [debug] [MainThread]: Wrote artifact OsiDocument to dbt/target/osi_document.json
[0m23:03:24.460222 [debug] [MainThread]: Sending event: {'category': 'dbt', 'action': 'resource_counts', 'label': 'e2a714fa-2be7-4f14-8a1f-2844c81bfc44', 'context': [<snowplow_tracker.self_describing_json.SelfDescribingJson object at 0x7fc98c62ee40>]}
[0m23:03:24.460980 [info ] [MainThread]: Found 25 data tests, 3 models, 3 sources, 498 macros
[0m23:03:24.461479 [debug] [MainThread]: Sending event: {'category': 'dbt', 'action': 'runnable_timing', 'label': 'e2a714fa-2be7-4f14-8a1f-2844c81bfc44', 'context': [<snowplow_tracker.self_describing_json.SelfDescribingJson object at 0x7fc98e0aacf0>]}
[0m23:03:24.464256 [info ] [MainThread]: 
[0m23:03:24.464851 [info ] [MainThread]: Concurrency: 4 threads (target='dev')
[0m23:03:24.465264 [info ] [MainThread]: 
[0m23:03:24.466004 [debug] [MainThread]: Acquiring new trino connection 'master'
[0m23:03:24.472875 [debug] [ThreadPool]: Acquiring new trino connection 'list_iceberg'
[0m23:03:24.535764 [debug] [ThreadPool]: Using trino connection "list_iceberg"
[0m23:03:24.536507 [debug] [ThreadPool]: On list_iceberg: /* {"app": "dbt", "dbt_version": "1.12.4", "profile_name": "f1_lakehouse", "target_name": "dev", "connection_name": "list_iceberg"} */

    select schema_name
    from "iceberg".INFORMATION_SCHEMA.schemata
[0m23:03:24.536993 [debug] [ThreadPool]: Opening a new connection, currently in state init
[0m23:03:24.537400 [warn ] [ThreadPool]: [[33mWARNING[0m]: SSL certificate validation is disabled by default. It is legacy behavior which will be changed in future releases. It is strongly advised to enable `require_certificate_validation` flag or explicitly set `cert` configuration to `True` for security reasons. You may receive an error after that if your SSL setup is incorrect.
You may opt into the new behavior sooner by setting `flags.require_certificate_validation` to `True` in `dbt_project.yml`.
Visit https://docs.getdbt.com/reference/global-configs/behavior-changes for more information.
[0m23:03:24.538116 [debug] [ThreadPool]: Sending event: {'category': 'dbt', 'action': 'BehaviorChangeEvent', 'label': 'e2a714fa-2be7-4f14-8a1f-2844c81bfc44', 'context': [<snowplow_tracker.self_describing_json.SelfDescribingJson object at 0x7fc98c23f380>]}
[0m23:03:24.613576 [debug] [ThreadPool]: SQL status: SUCCESS in 0.076 seconds
[0m23:03:24.616507 [debug] [ThreadPool]: On list_iceberg: Close
[0m23:03:24.620208 [debug] [ThreadPool]: Re-using an available connection from the pool (formerly list_iceberg, now list_iceberg_silver)
[0m23:03:24.646986 [debug] [ThreadPool]: Using trino connection "list_iceberg_silver"
[0m23:03:24.647629 [debug] [ThreadPool]: On list_iceberg_silver: /* {"app": "dbt", "dbt_version": "1.12.4", "profile_name": "f1_lakehouse", "target_name": "dev", "connection_name": "list_iceberg_silver"} */
select
      t.table_catalog as database,
      t.table_name as name,
      t.table_schema as schema,
      case when mv.name is not null then 'materialized_view'
           when t.table_type = 'BASE TABLE' then 'table'
           when t.table_type = 'VIEW' then 'view'
           else t.table_type
      end as table_type
    from "iceberg".INFORMATION_SCHEMA.tables t
    left join (
            select * from system.metadata.materialized_views
            where catalog_name = 'iceberg'
              and schema_name = 'silver') mv
          on mv.catalog_name = t.table_catalog and mv.schema_name = t.table_schema and mv.name = t.table_name
    where t.table_schema = 'silver'
[0m23:03:24.648082 [debug] [ThreadPool]: Opening a new connection, currently in state closed
[0m23:03:24.816199 [debug] [ThreadPool]: SQL status: SUCCESS in 0.168 seconds
[0m23:03:24.820311 [debug] [ThreadPool]: On list_iceberg_silver: ROLLBACK
[0m23:03:24.821405 [debug] [ThreadPool]: On list_iceberg_silver: Close
[0m23:03:24.823171 [debug] [MainThread]: Sending event: {'category': 'dbt', 'action': 'runnable_timing', 'label': 'e2a714fa-2be7-4f14-8a1f-2844c81bfc44', 'context': [<snowplow_tracker.self_describing_json.SelfDescribingJson object at 0x7fc98c44dc10>]}
[0m23:03:24.824719 [debug] [MainThread]: On master: COMMIT
[0m23:03:24.831754 [debug] [Thread-1 (]: Began running node model.f1_lakehouse.silver_results
[0m23:03:24.833215 [debug] [Thread-2 (]: Began running node model.f1_lakehouse.silver_weather
[0m23:03:24.834528 [info ] [Thread-1 (]: 1 of 2 START sql table model silver.silver_results ............................. [RUN]
[0m23:03:24.835961 [info ] [Thread-2 (]: 2 of 2 START sql table model silver.silver_weather ............................. [RUN]
[0m23:03:24.837134 [debug] [Thread-1 (]: Re-using an available connection from the pool (formerly list_iceberg_silver, now model.f1_lakehouse.silver_results)
[0m23:03:24.839623 [debug] [Thread-2 (]: Acquiring new trino connection 'model.f1_lakehouse.silver_weather'
[0m23:03:24.840623 [debug] [Thread-1 (]: Began compiling node model.f1_lakehouse.silver_results
[0m23:03:24.841793 [debug] [Thread-2 (]: Began compiling node model.f1_lakehouse.silver_weather
[0m23:03:24.846592 [debug] [Thread-1 (]: Writing injected SQL for node "model.f1_lakehouse.silver_results"
[0m23:03:24.850063 [debug] [Thread-2 (]: Writing injected SQL for node "model.f1_lakehouse.silver_weather"
[0m23:03:24.851342 [debug] [Thread-2 (]: Began executing node model.f1_lakehouse.silver_weather
[0m23:03:24.874398 [debug] [Thread-1 (]: Began executing node model.f1_lakehouse.silver_results
[0m23:03:24.978207 [debug] [Thread-2 (]: Writing runtime sql for node "model.f1_lakehouse.silver_weather"
[0m23:03:24.979156 [debug] [Thread-1 (]: Writing runtime sql for node "model.f1_lakehouse.silver_results"
[0m23:03:24.982489 [debug] [Thread-2 (]: Using trino connection "model.f1_lakehouse.silver_weather"
[0m23:03:24.985888 [debug] [Thread-1 (]: Using trino connection "model.f1_lakehouse.silver_results"
[0m23:03:24.986456 [debug] [Thread-2 (]: On model.f1_lakehouse.silver_weather: /* {"app": "dbt", "dbt_version": "1.12.4", "profile_name": "f1_lakehouse", "target_name": "dev", "node_id": "model.f1_lakehouse.silver_weather"} */

  
    

    create table "iceberg"."silver"."silver_weather"
      
      
    as (
      

with source_weather as (

    select *
    from "iceberg"."bronze"."weather"

),

cleaned as (

    select
        season,
        event_name,
        event_slug,
        session_type,

        session_time_ms,

        air_temp_c,
        track_temp_c,
        humidity_pct,
        pressure_mbar,

        rainfall,

        wind_direction_deg,
        wind_speed,

        source_system,
        ingested_at

    from source_weather

    where season is not null
      and event_slug is not null
      and session_time_ms is not null
)

select *
from cleaned
    )
[0m23:03:24.987044 [debug] [Thread-1 (]: On model.f1_lakehouse.silver_results: /* {"app": "dbt", "dbt_version": "1.12.4", "profile_name": "f1_lakehouse", "target_name": "dev", "node_id": "model.f1_lakehouse.silver_results"} */

  
    

    create table "iceberg"."silver"."silver_results"
      
      
    as (
      

with source_results as (

    select *
    from "iceberg"."bronze"."results"

),

cleaned as (

    select
        season,
        event_name,
        event_slug,
        session_type,

        driver_number,
        driver_code,
        driver_id,

        first_name,
        last_name,
        full_name,
        country_code,

        team_name,
        team_id,

        position,
        classified_position,
        grid_position,

        status,
        points,
        result_time_ms,

        source_system,
        ingested_at

    from source_results

    where driver_code is not null
      and season is not null
      and event_slug is not null
)

select *
from cleaned
    )
[0m23:03:24.987565 [debug] [Thread-2 (]: Opening a new connection, currently in state init
[0m23:03:24.988092 [debug] [Thread-1 (]: Opening a new connection, currently in state closed
[0m23:03:25.474787 [debug] [Thread-2 (]: SQL status: CREATE TABLE (176 rows) in 0.487 seconds
[0m23:03:25.502268 [debug] [Thread-1 (]: SQL status: CREATE TABLE (22 rows) in 0.514 seconds
[0m23:03:25.525692 [debug] [Thread-2 (]: On model.f1_lakehouse.silver_weather: ROLLBACK
[0m23:03:25.526309 [debug] [Thread-2 (]: On model.f1_lakehouse.silver_weather: Close
[0m23:03:25.528750 [debug] [Thread-1 (]: On model.f1_lakehouse.silver_results: ROLLBACK
[0m23:03:25.529885 [debug] [Thread-1 (]: On model.f1_lakehouse.silver_results: Close
[0m23:03:25.533470 [debug] [Thread-2 (]: Sending event: {'category': 'dbt', 'action': 'run_model', 'label': 'e2a714fa-2be7-4f14-8a1f-2844c81bfc44', 'context': [<snowplow_tracker.self_describing_json.SelfDescribingJson object at 0x7fc98c4473e0>]}
[0m23:03:25.534415 [info ] [Thread-2 (]: 2 of 2 OK created sql table model silver.silver_weather ........................ [[32mCREATE TABLE (176 rows)[0m in 0.69s]
[0m23:03:25.535209 [debug] [Thread-2 (]: Finished running node model.f1_lakehouse.silver_weather
[0m23:03:25.535822 [debug] [Thread-1 (]: Sending event: {'category': 'dbt', 'action': 'run_model', 'label': 'e2a714fa-2be7-4f14-8a1f-2844c81bfc44', 'context': [<snowplow_tracker.self_describing_json.SelfDescribingJson object at 0x7fc98fc91810>]}
[0m23:03:25.536980 [info ] [Thread-1 (]: 1 of 2 OK created sql table model silver.silver_results ........................ [[32mCREATE TABLE (22 rows)[0m in 0.70s]
[0m23:03:25.537781 [debug] [Thread-1 (]: Finished running node model.f1_lakehouse.silver_results
[0m23:03:25.540730 [debug] [MainThread]: On master: COMMIT
[0m23:03:25.541880 [debug] [MainThread]: Connection 'master' was properly closed.
[0m23:03:25.542697 [debug] [MainThread]: Connection 'model.f1_lakehouse.silver_results' was properly closed.
[0m23:03:25.543461 [debug] [MainThread]: Connection 'model.f1_lakehouse.silver_weather' was properly closed.
[0m23:03:25.544361 [info ] [MainThread]: 
[0m23:03:25.545282 [info ] [MainThread]: Finished running 2 table models in 0 hours 0 minutes and 1.08 seconds (1.08s).
[0m23:03:25.547433 [debug] [MainThread]: Command end result
[0m23:03:25.591030 [debug] [MainThread]: Wrote artifact WritableManifest to dbt/target/manifest.json
[0m23:03:25.595008 [debug] [MainThread]: Wrote artifact SemanticManifest to dbt/target/semantic_manifest.json
[0m23:03:25.598579 [debug] [MainThread]: Wrote artifact OsiDocument to dbt/target/osi_document.json
[0m23:03:25.607925 [debug] [MainThread]: Wrote artifact RunExecutionResult to dbt/target/run_results.json
[0m23:03:25.608418 [info ] [MainThread]: 
[0m23:03:25.608916 [info ] [MainThread]: [32mCompleted successfully[0m
[0m23:03:25.609297 [info ] [MainThread]: 
[0m23:03:25.609697 [info ] [MainThread]: Done. PASS=2 WARN=0 ERROR=0 SKIP=0 NO-OP=0 REUSED=0 TOTAL=2
[0m23:03:25.610901 [debug] [MainThread]: Resource report: {"command_name": "run", "command_success": true, "command_wall_clock_time": 3.5421634, "process_in_blocks": "0", "process_kernel_time": 0.202666, "process_mem_max_rss": "144684", "process_out_blocks": "4064", "process_user_time": 4.694318}
[0m23:03:25.611541 [debug] [MainThread]: Command `dbt run` succeeded at 23:03:25.611423 after 3.54 seconds
[0m23:03:25.612025 [debug] [MainThread]: Sending event: {'category': 'dbt', 'action': 'invocation', 'label': 'end', 'context': [<snowplow_tracker.self_describing_json.SelfDescribingJson object at 0x7fc9917c5f50>, <snowplow_tracker.self_describing_json.SelfDescribingJson object at 0x7fc98c4ff150>, <snowplow_tracker.self_describing_json.SelfDescribingJson object at 0x7fc98eb00980>]}
[0m23:03:25.612510 [debug] [MainThread]: Flushing usage events
[0m23:03:26.025849 [debug] [MainThread]: An error was encountered while trying to flush usage events
[0m23:03:43.739082 [debug] [MainThread]: Sending event: {'category': 'dbt', 'action': 'invocation', 'label': 'start', 'context': [<snowplow_tracker.self_describing_json.SelfDescribingJson object at 0x7fc0f3f6d6a0>, <snowplow_tracker.self_describing_json.SelfDescribingJson object at 0x7fc0f2a17ed0>, <snowplow_tracker.self_describing_json.SelfDescribingJson object at 0x7fc0f2a17b10>]}


============================== 23:03:43.745350 | 0a7d8359-cea0-4142-b493-3c9e9d3424c1 ==============================
[0m23:03:43.745350 [info ] [MainThread]: Running with dbt=1.12.4
[0m23:03:43.746155 [debug] [MainThread]: running dbt with arguments {'invocation_command': 'dbt test --select silver_results silver_weather --project-dir ./dbt --profiles-dir ./configs/dbt', 'target_path': 'None', 'no_print': 'None', 'printer_width': '80', 'use_colors': 'True', 'log_format': 'default', 'introspect': 'True', 'warn_error': 'None', 'maximum_seed_size_mib': '1', 'partial_parse': 'True', 'cache_selected_only': 'False', 'hints_enabled': 'True', 'profiles_dir': './configs/dbt', 'write_json': 'True', 'debug': 'False', 'empty': 'None', 'log_path': 'dbt/logs', 'use_experimental_parser': 'False', 'log_cache_events': 'False', 'warn_error_options': 'WarnErrorOptionsV2(error=[], warn=[], silence=[])', 'indirect_selection': 'eager', 'send_anonymous_usage_stats': 'True', 'version_check': 'True', 'static_parser': 'True', 'fail_fast': 'False', 'quiet': 'False'}
[0m23:03:44.062045 [debug] [MainThread]: Sending event: {'category': 'dbt', 'action': 'project_id', 'label': '0a7d8359-cea0-4142-b493-3c9e9d3424c1', 'context': [<snowplow_tracker.self_describing_json.SelfDescribingJson object at 0x7fc0f3ca9a70>]}
[0m23:03:44.194030 [debug] [MainThread]: Sending event: {'category': 'dbt', 'action': 'adapter_info', 'label': '0a7d8359-cea0-4142-b493-3c9e9d3424c1', 'context': [<snowplow_tracker.self_describing_json.SelfDescribingJson object at 0x7fc0f2bad8c0>]}
[0m23:03:44.195217 [info ] [MainThread]: Registered adapter: trino=1.10.3
[0m23:03:44.301393 [debug] [MainThread]: checksum: 6feb0373bf5e249bcfe93c2d0c493de2a05a899ef7ebdf18543bed5cf777135b, vars: {}, profile: f1_lakehouse, target: dev, version: 1.12.4
[0m23:03:44.595215 [debug] [MainThread]: Partial parsing enabled: 0 files deleted, 0 files added, 0 files changed.
[0m23:03:44.595827 [debug] [MainThread]: Nothing changed, skipping partial parsing.
[0m23:03:44.596240 [debug] [MainThread]: Partial parsing enabled, no changes found, skipping parsing
[0m23:03:44.605114 [warn ] [MainThread]: [[33mWARNING[0m]: Configuration paths exist in your dbt_project.yml file which do not apply to any resources.
There are 1 unused configuration paths:
- models.f1_lakehouse.gold
[0m23:03:44.611048 [debug] [MainThread]: Sending event: {'category': 'dbt', 'action': 'load_project', 'label': '0a7d8359-cea0-4142-b493-3c9e9d3424c1', 'context': [<snowplow_tracker.self_describing_json.SelfDescribingJson object at 0x7fc0f23d2f50>]}
[0m23:03:44.833801 [debug] [MainThread]: Wrote artifact WritableManifest to dbt/target/manifest.json
[0m23:03:44.837413 [debug] [MainThread]: Wrote artifact SemanticManifest to dbt/target/semantic_manifest.json
[0m23:03:44.853666 [debug] [MainThread]: Wrote artifact OsiDocument to dbt/target/osi_document.json
[0m23:03:44.883900 [debug] [MainThread]: Sending event: {'category': 'dbt', 'action': 'resource_counts', 'label': '0a7d8359-cea0-4142-b493-3c9e9d3424c1', 'context': [<snowplow_tracker.self_describing_json.SelfDescribingJson object at 0x7fc0f213bd40>]}
[0m23:03:44.884621 [info ] [MainThread]: Found 25 data tests, 3 models, 3 sources, 498 macros
[0m23:03:44.885099 [debug] [MainThread]: Sending event: {'category': 'dbt', 'action': 'runnable_timing', 'label': '0a7d8359-cea0-4142-b493-3c9e9d3424c1', 'context': [<snowplow_tracker.self_describing_json.SelfDescribingJson object at 0x7fc0f1fed470>]}
[0m23:03:44.888044 [info ] [MainThread]: 
[0m23:03:44.888562 [info ] [MainThread]: Concurrency: 4 threads (target='dev')
[0m23:03:44.888994 [info ] [MainThread]: 
[0m23:03:44.889723 [debug] [MainThread]: Acquiring new trino connection 'master'
[0m23:03:44.897089 [debug] [ThreadPool]: Acquiring new trino connection 'list_iceberg_silver'
[0m23:03:44.982497 [debug] [ThreadPool]: Using trino connection "list_iceberg_silver"
[0m23:03:44.983216 [debug] [ThreadPool]: On list_iceberg_silver: /* {"app": "dbt", "dbt_version": "1.12.4", "profile_name": "f1_lakehouse", "target_name": "dev", "connection_name": "list_iceberg_silver"} */
select
      t.table_catalog as database,
      t.table_name as name,
      t.table_schema as schema,
      case when mv.name is not null then 'materialized_view'
           when t.table_type = 'BASE TABLE' then 'table'
           when t.table_type = 'VIEW' then 'view'
           else t.table_type
      end as table_type
    from "iceberg".INFORMATION_SCHEMA.tables t
    left join (
            select * from system.metadata.materialized_views
            where catalog_name = 'iceberg'
              and schema_name = 'silver') mv
          on mv.catalog_name = t.table_catalog and mv.schema_name = t.table_schema and mv.name = t.table_name
    where t.table_schema = 'silver'
[0m23:03:44.983717 [debug] [ThreadPool]: Opening a new connection, currently in state init
[0m23:03:44.984133 [warn ] [ThreadPool]: [[33mWARNING[0m]: SSL certificate validation is disabled by default. It is legacy behavior which will be changed in future releases. It is strongly advised to enable `require_certificate_validation` flag or explicitly set `cert` configuration to `True` for security reasons. You may receive an error after that if your SSL setup is incorrect.
You may opt into the new behavior sooner by setting `flags.require_certificate_validation` to `True` in `dbt_project.yml`.
Visit https://docs.getdbt.com/reference/global-configs/behavior-changes for more information.
[0m23:03:44.984787 [debug] [ThreadPool]: Sending event: {'category': 'dbt', 'action': 'BehaviorChangeEvent', 'label': '0a7d8359-cea0-4142-b493-3c9e9d3424c1', 'context': [<snowplow_tracker.self_describing_json.SelfDescribingJson object at 0x7fc0f15b82c0>]}
[0m23:03:45.155900 [debug] [ThreadPool]: SQL status: SUCCESS in 0.172 seconds
[0m23:03:45.159632 [debug] [ThreadPool]: On list_iceberg_silver: ROLLBACK
[0m23:03:45.160189 [debug] [ThreadPool]: On list_iceberg_silver: Close
[0m23:03:45.162952 [debug] [MainThread]: Sending event: {'category': 'dbt', 'action': 'runnable_timing', 'label': '0a7d8359-cea0-4142-b493-3c9e9d3424c1', 'context': [<snowplow_tracker.self_describing_json.SelfDescribingJson object at 0x7fc0f22099d0>]}
[0m23:03:45.163621 [debug] [MainThread]: On master: COMMIT
[0m23:03:45.167494 [debug] [Thread-4 (]: Began running node test.f1_lakehouse.not_null_silver_results_season.6a71e3dc5d
[0m23:03:45.168163 [info ] [Thread-4 (]: 4 of 9 START test not_null_silver_results_season ............................... [RUN]
[0m23:03:45.169007 [debug] [Thread-4 (]: Acquiring new trino connection 'test.f1_lakehouse.not_null_silver_results_season.6a71e3dc5d'
[0m23:03:45.169527 [debug] [Thread-4 (]: Began compiling node test.f1_lakehouse.not_null_silver_results_season.6a71e3dc5d
[0m23:03:45.175134 [debug] [Thread-3 (]: Began running node test.f1_lakehouse.not_null_silver_results_position.3eabe38b8e
[0m23:03:45.176565 [info ] [Thread-3 (]: 3 of 9 START test not_null_silver_results_position ............................. [RUN]
[0m23:03:45.178033 [debug] [Thread-1 (]: Began running node test.f1_lakehouse.not_null_silver_results_driver_code.76dd8fa226
[0m23:03:45.179368 [debug] [Thread-2 (]: Began running node test.f1_lakehouse.not_null_silver_results_event_slug.a03711c975
[0m23:03:45.181118 [debug] [Thread-3 (]: Acquiring new trino connection 'test.f1_lakehouse.not_null_silver_results_position.3eabe38b8e'
[0m23:03:45.196314 [info ] [Thread-1 (]: 1 of 9 START test not_null_silver_results_driver_code .......................... [RUN]
[0m23:03:45.203149 [info ] [Thread-2 (]: 2 of 9 START test not_null_silver_results_event_slug ........................... [RUN]
[0m23:03:45.209896 [debug] [Thread-3 (]: Began compiling node test.f1_lakehouse.not_null_silver_results_position.3eabe38b8e
[0m23:03:45.219950 [debug] [Thread-4 (]: Writing injected SQL for node "test.f1_lakehouse.not_null_silver_results_season.6a71e3dc5d"
[0m23:03:45.221511 [debug] [Thread-1 (]: Re-using an available connection from the pool (formerly list_iceberg_silver, now test.f1_lakehouse.not_null_silver_results_driver_code.76dd8fa226)
[0m23:03:45.223287 [debug] [Thread-2 (]: Acquiring new trino connection 'test.f1_lakehouse.not_null_silver_results_event_slug.a03711c975'
[0m23:03:45.240723 [debug] [Thread-3 (]: Writing injected SQL for node "test.f1_lakehouse.not_null_silver_results_position.3eabe38b8e"
[0m23:03:45.242217 [debug] [Thread-1 (]: Began compiling node test.f1_lakehouse.not_null_silver_results_driver_code.76dd8fa226
[0m23:03:45.243932 [debug] [Thread-4 (]: Began executing node test.f1_lakehouse.not_null_silver_results_season.6a71e3dc5d
[0m23:03:45.245305 [debug] [Thread-2 (]: Began compiling node test.f1_lakehouse.not_null_silver_results_event_slug.a03711c975
[0m23:03:45.266559 [debug] [Thread-1 (]: Writing injected SQL for node "test.f1_lakehouse.not_null_silver_results_driver_code.76dd8fa226"
[0m23:03:45.300476 [debug] [Thread-1 (]: Began executing node test.f1_lakehouse.not_null_silver_results_driver_code.76dd8fa226
[0m23:03:45.306896 [debug] [Thread-3 (]: Began executing node test.f1_lakehouse.not_null_silver_results_position.3eabe38b8e
[0m23:03:45.308446 [debug] [Thread-2 (]: Writing injected SQL for node "test.f1_lakehouse.not_null_silver_results_event_slug.a03711c975"
[0m23:03:45.316258 [debug] [Thread-4 (]: Writing runtime sql for node "test.f1_lakehouse.not_null_silver_results_season.6a71e3dc5d"
[0m23:03:45.319531 [debug] [Thread-3 (]: Writing runtime sql for node "test.f1_lakehouse.not_null_silver_results_position.3eabe38b8e"
[0m23:03:45.320652 [debug] [Thread-1 (]: Writing runtime sql for node "test.f1_lakehouse.not_null_silver_results_driver_code.76dd8fa226"
[0m23:03:45.324646 [debug] [Thread-4 (]: Using trino connection "test.f1_lakehouse.not_null_silver_results_season.6a71e3dc5d"
[0m23:03:45.326027 [debug] [Thread-2 (]: Began executing node test.f1_lakehouse.not_null_silver_results_event_slug.a03711c975
[0m23:03:45.328983 [debug] [Thread-3 (]: Using trino connection "test.f1_lakehouse.not_null_silver_results_position.3eabe38b8e"
[0m23:03:45.331538 [debug] [Thread-1 (]: Using trino connection "test.f1_lakehouse.not_null_silver_results_driver_code.76dd8fa226"
[0m23:03:45.332428 [debug] [Thread-4 (]: On test.f1_lakehouse.not_null_silver_results_season.6a71e3dc5d: /* {"app": "dbt", "dbt_version": "1.12.4", "profile_name": "f1_lakehouse", "target_name": "dev", "node_id": "test.f1_lakehouse.not_null_silver_results_season.6a71e3dc5d"} */

    
    select
      count(*) as failures,
      count(*) != 0 as should_warn,
      count(*) != 0 as should_error
    from (
      
    
  
    
    



select season
from "iceberg"."silver"."silver_results"
where season is null



  
  
      
    ) dbt_internal_test
[0m23:03:45.336268 [debug] [Thread-2 (]: Writing runtime sql for node "test.f1_lakehouse.not_null_silver_results_event_slug.a03711c975"
[0m23:03:45.337260 [debug] [Thread-3 (]: On test.f1_lakehouse.not_null_silver_results_position.3eabe38b8e: /* {"app": "dbt", "dbt_version": "1.12.4", "profile_name": "f1_lakehouse", "target_name": "dev", "node_id": "test.f1_lakehouse.not_null_silver_results_position.3eabe38b8e"} */

    
    select
      count(*) as failures,
      count(*) != 0 as should_warn,
      count(*) != 0 as should_error
    from (
      
    
  
    
    



select position
from "iceberg"."silver"."silver_results"
where position is null



  
  
      
    ) dbt_internal_test
[0m23:03:45.338209 [debug] [Thread-1 (]: On test.f1_lakehouse.not_null_silver_results_driver_code.76dd8fa226: /* {"app": "dbt", "dbt_version": "1.12.4", "profile_name": "f1_lakehouse", "target_name": "dev", "node_id": "test.f1_lakehouse.not_null_silver_results_driver_code.76dd8fa226"} */

    
    select
      count(*) as failures,
      count(*) != 0 as should_warn,
      count(*) != 0 as should_error
    from (
      
    
  
    
    



select driver_code
from "iceberg"."silver"."silver_results"
where driver_code is null



  
  
      
    ) dbt_internal_test
[0m23:03:45.339140 [debug] [Thread-4 (]: Opening a new connection, currently in state init
[0m23:03:45.340200 [debug] [Thread-3 (]: Opening a new connection, currently in state init
[0m23:03:45.343028 [debug] [Thread-2 (]: Using trino connection "test.f1_lakehouse.not_null_silver_results_event_slug.a03711c975"
[0m23:03:45.344043 [debug] [Thread-1 (]: Opening a new connection, currently in state closed
[0m23:03:45.348462 [debug] [Thread-2 (]: On test.f1_lakehouse.not_null_silver_results_event_slug.a03711c975: /* {"app": "dbt", "dbt_version": "1.12.4", "profile_name": "f1_lakehouse", "target_name": "dev", "node_id": "test.f1_lakehouse.not_null_silver_results_event_slug.a03711c975"} */

    
    select
      count(*) as failures,
      count(*) != 0 as should_warn,
      count(*) != 0 as should_error
    from (
      
    
  
    
    



select event_slug
from "iceberg"."silver"."silver_results"
where event_slug is null



  
  
      
    ) dbt_internal_test
[0m23:03:45.351177 [debug] [Thread-2 (]: Opening a new connection, currently in state init
[0m23:03:45.631315 [debug] [Thread-1 (]: SQL status: SUCCESS in 0.287 seconds
[0m23:03:45.645025 [debug] [Thread-3 (]: SQL status: SUCCESS in 0.305 seconds
[0m23:03:45.646547 [debug] [Thread-4 (]: SQL status: SUCCESS in 0.307 seconds
[0m23:03:45.654620 [debug] [Thread-3 (]: On test.f1_lakehouse.not_null_silver_results_position.3eabe38b8e: ROLLBACK
[0m23:03:45.659792 [debug] [Thread-1 (]: On test.f1_lakehouse.not_null_silver_results_driver_code.76dd8fa226: ROLLBACK
[0m23:03:45.664049 [debug] [Thread-4 (]: On test.f1_lakehouse.not_null_silver_results_season.6a71e3dc5d: ROLLBACK
[0m23:03:45.667258 [debug] [Thread-3 (]: On test.f1_lakehouse.not_null_silver_results_position.3eabe38b8e: Close
[0m23:03:45.668753 [debug] [Thread-1 (]: On test.f1_lakehouse.not_null_silver_results_driver_code.76dd8fa226: Close
[0m23:03:45.670171 [debug] [Thread-4 (]: On test.f1_lakehouse.not_null_silver_results_season.6a71e3dc5d: Close
[0m23:03:45.672820 [debug] [Thread-2 (]: SQL status: SUCCESS in 0.322 seconds
[0m23:03:45.675018 [info ] [Thread-3 (]: 3 of 9 PASS not_null_silver_results_position ................................... [[32mPASS[0m in 0.49s]
[0m23:03:45.677569 [info ] [Thread-1 (]: 1 of 9 PASS not_null_silver_results_driver_code ................................ [[32mPASS[0m in 0.46s]
[0m23:03:45.681807 [debug] [Thread-2 (]: On test.f1_lakehouse.not_null_silver_results_event_slug.a03711c975: ROLLBACK
[0m23:03:45.683760 [info ] [Thread-4 (]: 4 of 9 PASS not_null_silver_results_season ..................................... [[32mPASS[0m in 0.51s]
[0m23:03:45.686011 [debug] [Thread-3 (]: Finished running node test.f1_lakehouse.not_null_silver_results_position.3eabe38b8e
[0m23:03:45.688057 [debug] [Thread-1 (]: Finished running node test.f1_lakehouse.not_null_silver_results_driver_code.76dd8fa226
[0m23:03:45.689357 [debug] [Thread-2 (]: On test.f1_lakehouse.not_null_silver_results_event_slug.a03711c975: Close
[0m23:03:45.691416 [debug] [Thread-4 (]: Finished running node test.f1_lakehouse.not_null_silver_results_season.6a71e3dc5d
[0m23:03:45.692965 [debug] [Thread-3 (]: Began running node test.f1_lakehouse.not_null_silver_results_session_type.a859c54406
[0m23:03:45.694714 [debug] [Thread-1 (]: Began running node test.f1_lakehouse.not_null_silver_weather_event_slug.83e41644f8
[0m23:03:45.696594 [debug] [Thread-4 (]: Began running node test.f1_lakehouse.not_null_silver_weather_season.0db96ba0b5
[0m23:03:45.698869 [info ] [Thread-2 (]: 2 of 9 PASS not_null_silver_results_event_slug ................................. [[32mPASS[0m in 0.48s]
[0m23:03:45.700705 [info ] [Thread-3 (]: 5 of 9 START test not_null_silver_results_session_type ......................... [RUN]
[0m23:03:45.702258 [info ] [Thread-1 (]: 6 of 9 START test not_null_silver_weather_event_slug ........................... [RUN]
[0m23:03:45.703715 [info ] [Thread-4 (]: 7 of 9 START test not_null_silver_weather_season ............................... [RUN]
[0m23:03:45.705806 [debug] [Thread-2 (]: Finished running node test.f1_lakehouse.not_null_silver_results_event_slug.a03711c975
[0m23:03:45.707336 [debug] [Thread-3 (]: Re-using an available connection from the pool (formerly test.f1_lakehouse.not_null_silver_results_position.3eabe38b8e, now test.f1_lakehouse.not_null_silver_results_session_type.a859c54406)
[0m23:03:45.708818 [debug] [Thread-1 (]: Re-using an available connection from the pool (formerly test.f1_lakehouse.not_null_silver_results_driver_code.76dd8fa226, now test.f1_lakehouse.not_null_silver_weather_event_slug.83e41644f8)
[0m23:03:45.710445 [debug] [Thread-4 (]: Re-using an available connection from the pool (formerly test.f1_lakehouse.not_null_silver_results_season.6a71e3dc5d, now test.f1_lakehouse.not_null_silver_weather_season.0db96ba0b5)
[0m23:03:45.712031 [debug] [Thread-2 (]: Began running node test.f1_lakehouse.not_null_silver_weather_session_time_ms.938b05ed68
[0m23:03:45.713476 [debug] [Thread-3 (]: Began compiling node test.f1_lakehouse.not_null_silver_results_session_type.a859c54406
[0m23:03:45.714863 [debug] [Thread-1 (]: Began compiling node test.f1_lakehouse.not_null_silver_weather_event_slug.83e41644f8
[0m23:03:45.716208 [debug] [Thread-4 (]: Began compiling node test.f1_lakehouse.not_null_silver_weather_season.0db96ba0b5
[0m23:03:45.717663 [info ] [Thread-2 (]: 8 of 9 START test not_null_silver_weather_session_time_ms ...................... [RUN]
[0m23:03:45.745464 [debug] [Thread-2 (]: Re-using an available connection from the pool (formerly test.f1_lakehouse.not_null_silver_results_event_slug.a03711c975, now test.f1_lakehouse.not_null_silver_weather_session_time_ms.938b05ed68)
[0m23:03:45.768571 [debug] [Thread-2 (]: Began compiling node test.f1_lakehouse.not_null_silver_weather_session_time_ms.938b05ed68
[0m23:03:45.774634 [debug] [Thread-3 (]: Writing injected SQL for node "test.f1_lakehouse.not_null_silver_results_session_type.a859c54406"
[0m23:03:45.777300 [debug] [Thread-1 (]: Writing injected SQL for node "test.f1_lakehouse.not_null_silver_weather_event_slug.83e41644f8"
[0m23:03:45.790767 [debug] [Thread-2 (]: Writing injected SQL for node "test.f1_lakehouse.not_null_silver_weather_session_time_ms.938b05ed68"
[0m23:03:45.792991 [debug] [Thread-4 (]: Writing injected SQL for node "test.f1_lakehouse.not_null_silver_weather_season.0db96ba0b5"
[0m23:03:45.794665 [debug] [Thread-1 (]: Began executing node test.f1_lakehouse.not_null_silver_weather_event_slug.83e41644f8
[0m23:03:45.799205 [debug] [Thread-1 (]: Writing runtime sql for node "test.f1_lakehouse.not_null_silver_weather_event_slug.83e41644f8"
[0m23:03:45.800864 [debug] [Thread-3 (]: Began executing node test.f1_lakehouse.not_null_silver_results_session_type.a859c54406
[0m23:03:45.802558 [debug] [Thread-2 (]: Began executing node test.f1_lakehouse.not_null_silver_weather_session_time_ms.938b05ed68
[0m23:03:45.807154 [debug] [Thread-3 (]: Writing runtime sql for node "test.f1_lakehouse.not_null_silver_results_session_type.a859c54406"
[0m23:03:45.811808 [debug] [Thread-2 (]: Writing runtime sql for node "test.f1_lakehouse.not_null_silver_weather_session_time_ms.938b05ed68"
[0m23:03:45.816154 [debug] [Thread-1 (]: Using trino connection "test.f1_lakehouse.not_null_silver_weather_event_slug.83e41644f8"
[0m23:03:45.817614 [debug] [Thread-4 (]: Began executing node test.f1_lakehouse.not_null_silver_weather_season.0db96ba0b5
[0m23:03:45.819682 [debug] [Thread-1 (]: On test.f1_lakehouse.not_null_silver_weather_event_slug.83e41644f8: /* {"app": "dbt", "dbt_version": "1.12.4", "profile_name": "f1_lakehouse", "target_name": "dev", "node_id": "test.f1_lakehouse.not_null_silver_weather_event_slug.83e41644f8"} */

    
    select
      count(*) as failures,
      count(*) != 0 as should_warn,
      count(*) != 0 as should_error
    from (
      
    
  
    
    



select event_slug
from "iceberg"."silver"."silver_weather"
where event_slug is null



  
  
      
    ) dbt_internal_test
[0m23:03:45.824055 [debug] [Thread-3 (]: Using trino connection "test.f1_lakehouse.not_null_silver_results_session_type.a859c54406"
[0m23:03:45.833508 [debug] [Thread-2 (]: Using trino connection "test.f1_lakehouse.not_null_silver_weather_session_time_ms.938b05ed68"
[0m23:03:45.830108 [debug] [Thread-4 (]: Writing runtime sql for node "test.f1_lakehouse.not_null_silver_weather_season.0db96ba0b5"
[0m23:03:45.835770 [debug] [Thread-1 (]: Opening a new connection, currently in state closed
[0m23:03:45.837170 [debug] [Thread-3 (]: On test.f1_lakehouse.not_null_silver_results_session_type.a859c54406: /* {"app": "dbt", "dbt_version": "1.12.4", "profile_name": "f1_lakehouse", "target_name": "dev", "node_id": "test.f1_lakehouse.not_null_silver_results_session_type.a859c54406"} */

    
    select
      count(*) as failures,
      count(*) != 0 as should_warn,
      count(*) != 0 as should_error
    from (
      
    
  
    
    



select session_type
from "iceberg"."silver"."silver_results"
where session_type is null



  
  
      
    ) dbt_internal_test
[0m23:03:45.838656 [debug] [Thread-2 (]: On test.f1_lakehouse.not_null_silver_weather_session_time_ms.938b05ed68: /* {"app": "dbt", "dbt_version": "1.12.4", "profile_name": "f1_lakehouse", "target_name": "dev", "node_id": "test.f1_lakehouse.not_null_silver_weather_session_time_ms.938b05ed68"} */

    
    select
      count(*) as failures,
      count(*) != 0 as should_warn,
      count(*) != 0 as should_error
    from (
      
    
  
    
    



select session_time_ms
from "iceberg"."silver"."silver_weather"
where session_time_ms is null



  
  
      
    ) dbt_internal_test
[0m23:03:45.843207 [debug] [Thread-3 (]: Opening a new connection, currently in state closed
[0m23:03:45.847688 [debug] [Thread-4 (]: Using trino connection "test.f1_lakehouse.not_null_silver_weather_season.0db96ba0b5"
[0m23:03:45.849285 [debug] [Thread-2 (]: Opening a new connection, currently in state closed
[0m23:03:45.853729 [debug] [Thread-4 (]: On test.f1_lakehouse.not_null_silver_weather_season.0db96ba0b5: /* {"app": "dbt", "dbt_version": "1.12.4", "profile_name": "f1_lakehouse", "target_name": "dev", "node_id": "test.f1_lakehouse.not_null_silver_weather_season.0db96ba0b5"} */

    
    select
      count(*) as failures,
      count(*) != 0 as should_warn,
      count(*) != 0 as should_error
    from (
      
    
  
    
    



select season
from "iceberg"."silver"."silver_weather"
where season is null



  
  
      
    ) dbt_internal_test
[0m23:03:45.856438 [debug] [Thread-4 (]: Opening a new connection, currently in state closed
[0m23:03:46.025011 [debug] [Thread-1 (]: SQL status: SUCCESS in 0.189 seconds
[0m23:03:46.030953 [debug] [Thread-1 (]: On test.f1_lakehouse.not_null_silver_weather_event_slug.83e41644f8: ROLLBACK
[0m23:03:46.032538 [debug] [Thread-1 (]: On test.f1_lakehouse.not_null_silver_weather_event_slug.83e41644f8: Close
[0m23:03:46.041170 [info ] [Thread-1 (]: 6 of 9 PASS not_null_silver_weather_event_slug ................................. [[32mPASS[0m in 0.33s]
[0m23:03:46.045712 [debug] [Thread-1 (]: Finished running node test.f1_lakehouse.not_null_silver_weather_event_slug.83e41644f8
[0m23:03:46.047668 [debug] [Thread-2 (]: SQL status: SUCCESS in 0.198 seconds
[0m23:03:46.049141 [debug] [Thread-1 (]: Began running node test.f1_lakehouse.not_null_silver_weather_session_type.10ca5ae6a5
[0m23:03:46.054212 [debug] [Thread-2 (]: On test.f1_lakehouse.not_null_silver_weather_session_time_ms.938b05ed68: ROLLBACK
[0m23:03:46.056063 [debug] [Thread-3 (]: SQL status: SUCCESS in 0.213 seconds
[0m23:03:46.057991 [debug] [Thread-4 (]: SQL status: SUCCESS in 0.202 seconds
[0m23:03:46.058957 [info ] [Thread-1 (]: 9 of 9 START test not_null_silver_weather_session_type ......................... [RUN]
[0m23:03:46.060442 [debug] [Thread-2 (]: On test.f1_lakehouse.not_null_silver_weather_session_time_ms.938b05ed68: Close
[0m23:03:46.064697 [debug] [Thread-3 (]: On test.f1_lakehouse.not_null_silver_results_session_type.a859c54406: ROLLBACK
[0m23:03:46.067190 [debug] [Thread-4 (]: On test.f1_lakehouse.not_null_silver_weather_season.0db96ba0b5: ROLLBACK
[0m23:03:46.068327 [debug] [Thread-1 (]: Re-using an available connection from the pool (formerly test.f1_lakehouse.not_null_silver_weather_event_slug.83e41644f8, now test.f1_lakehouse.not_null_silver_weather_session_type.10ca5ae6a5)
[0m23:03:46.070658 [info ] [Thread-2 (]: 8 of 9 PASS not_null_silver_weather_session_time_ms ............................ [[32mPASS[0m in 0.33s]
[0m23:03:46.072115 [debug] [Thread-3 (]: On test.f1_lakehouse.not_null_silver_results_session_type.a859c54406: Close
[0m23:03:46.073311 [debug] [Thread-4 (]: On test.f1_lakehouse.not_null_silver_weather_season.0db96ba0b5: Close
[0m23:03:46.075031 [debug] [Thread-1 (]: Began compiling node test.f1_lakehouse.not_null_silver_weather_session_type.10ca5ae6a5
[0m23:03:46.076756 [debug] [Thread-2 (]: Finished running node test.f1_lakehouse.not_null_silver_weather_session_time_ms.938b05ed68
[0m23:03:46.078536 [info ] [Thread-3 (]: 5 of 9 PASS not_null_silver_results_session_type ............................... [[32mPASS[0m in 0.37s]
[0m23:03:46.080425 [info ] [Thread-4 (]: 7 of 9 PASS not_null_silver_weather_season ..................................... [[32mPASS[0m in 0.37s]
[0m23:03:46.091074 [debug] [Thread-1 (]: Writing injected SQL for node "test.f1_lakehouse.not_null_silver_weather_session_type.10ca5ae6a5"
[0m23:03:46.092257 [debug] [Thread-3 (]: Finished running node test.f1_lakehouse.not_null_silver_results_session_type.a859c54406
[0m23:03:46.093167 [debug] [Thread-4 (]: Finished running node test.f1_lakehouse.not_null_silver_weather_season.0db96ba0b5
[0m23:03:46.094510 [debug] [Thread-1 (]: Began executing node test.f1_lakehouse.not_null_silver_weather_session_type.10ca5ae6a5
[0m23:03:46.096988 [debug] [Thread-1 (]: Writing runtime sql for node "test.f1_lakehouse.not_null_silver_weather_session_type.10ca5ae6a5"
[0m23:03:46.098966 [debug] [Thread-1 (]: Using trino connection "test.f1_lakehouse.not_null_silver_weather_session_type.10ca5ae6a5"
[0m23:03:46.099493 [debug] [Thread-1 (]: On test.f1_lakehouse.not_null_silver_weather_session_type.10ca5ae6a5: /* {"app": "dbt", "dbt_version": "1.12.4", "profile_name": "f1_lakehouse", "target_name": "dev", "node_id": "test.f1_lakehouse.not_null_silver_weather_session_type.10ca5ae6a5"} */

    
    select
      count(*) as failures,
      count(*) != 0 as should_warn,
      count(*) != 0 as should_error
    from (
      
    
  
    
    



select session_type
from "iceberg"."silver"."silver_weather"
where session_type is null



  
  
      
    ) dbt_internal_test
[0m23:03:46.099954 [debug] [Thread-1 (]: Opening a new connection, currently in state closed
[0m23:03:46.231708 [debug] [Thread-1 (]: SQL status: SUCCESS in 0.131 seconds
[0m23:03:46.236225 [debug] [Thread-1 (]: On test.f1_lakehouse.not_null_silver_weather_session_type.10ca5ae6a5: ROLLBACK
[0m23:03:46.237470 [debug] [Thread-1 (]: On test.f1_lakehouse.not_null_silver_weather_session_type.10ca5ae6a5: Close
[0m23:03:46.239251 [info ] [Thread-1 (]: 9 of 9 PASS not_null_silver_weather_session_type ............................... [[32mPASS[0m in 0.17s]
[0m23:03:46.240115 [debug] [Thread-1 (]: Finished running node test.f1_lakehouse.not_null_silver_weather_session_type.10ca5ae6a5
[0m23:03:46.242753 [debug] [MainThread]: On master: COMMIT
[0m23:03:46.243427 [debug] [MainThread]: Connection 'master' was properly closed.
[0m23:03:46.243848 [debug] [MainThread]: Connection 'test.f1_lakehouse.not_null_silver_weather_session_type.10ca5ae6a5' was properly closed.
[0m23:03:46.244219 [debug] [MainThread]: Connection 'test.f1_lakehouse.not_null_silver_weather_season.0db96ba0b5' was properly closed.
[0m23:03:46.244568 [debug] [MainThread]: Connection 'test.f1_lakehouse.not_null_silver_results_session_type.a859c54406' was properly closed.
[0m23:03:46.244932 [debug] [MainThread]: Connection 'test.f1_lakehouse.not_null_silver_weather_session_time_ms.938b05ed68' was properly closed.
[0m23:03:46.245361 [info ] [MainThread]: 
[0m23:03:46.245800 [info ] [MainThread]: Finished running 9 data tests in 0 hours 0 minutes and 1.36 seconds (1.36s).
[0m23:03:46.247770 [debug] [MainThread]: Command end result
[0m23:03:46.299899 [debug] [MainThread]: Wrote artifact WritableManifest to dbt/target/manifest.json
[0m23:03:46.303919 [debug] [MainThread]: Wrote artifact SemanticManifest to dbt/target/semantic_manifest.json
[0m23:03:46.307546 [debug] [MainThread]: Wrote artifact OsiDocument to dbt/target/osi_document.json
[0m23:03:46.318697 [debug] [MainThread]: Wrote artifact RunExecutionResult to dbt/target/run_results.json
[0m23:03:46.319280 [info ] [MainThread]: 
[0m23:03:46.319783 [info ] [MainThread]: [32mCompleted successfully[0m
[0m23:03:46.320199 [info ] [MainThread]: 
[0m23:03:46.320626 [info ] [MainThread]: Done. PASS=9 WARN=0 ERROR=0 SKIP=0 NO-OP=0 REUSED=0 TOTAL=9
[0m23:03:46.321906 [debug] [MainThread]: Resource report: {"command_name": "test", "command_success": true, "command_wall_clock_time": 2.733721, "process_in_blocks": "0", "process_kernel_time": 0.231845, "process_mem_max_rss": "135404", "process_out_blocks": "2968", "process_user_time": 4.021369}
[0m23:03:46.322579 [debug] [MainThread]: Command `dbt test` succeeded at 23:03:46.322458 after 2.73 seconds
[0m23:03:46.323093 [debug] [MainThread]: Sending event: {'category': 'dbt', 'action': 'invocation', 'label': 'end', 'context': [<snowplow_tracker.self_describing_json.SelfDescribingJson object at 0x7fc0f2133d80>, <snowplow_tracker.self_describing_json.SelfDescribingJson object at 0x7fc0f2074f50>, <snowplow_tracker.self_describing_json.SelfDescribingJson object at 0x7fc0f2074eb0>]}
[0m23:03:46.323626 [debug] [MainThread]: Flushing usage events
[0m23:03:46.476278 [debug] [MainThread]: An error was encountered while trying to flush usage events
[0m23:05:43.010508 [debug] [MainThread]: Sending event: {'category': 'dbt', 'action': 'invocation', 'label': 'start', 'context': [<snowplow_tracker.self_describing_json.SelfDescribingJson object at 0x7f4822f856a0>, <snowplow_tracker.self_describing_json.SelfDescribingJson object at 0x7f4821a2fed0>, <snowplow_tracker.self_describing_json.SelfDescribingJson object at 0x7f4821a2fb10>]}


============================== 23:05:43.016825 | 8832e324-8b4f-420f-8971-10727d95e961 ==============================
[0m23:05:43.016825 [info ] [MainThread]: Running with dbt=1.12.4
[0m23:05:43.017987 [debug] [MainThread]: running dbt with arguments {'warn_error': 'None', 'maximum_seed_size_mib': '1', 'version_check': 'True', 'hints_enabled': 'True', 'log_cache_events': 'False', 'no_print': 'None', 'target_path': 'None', 'partial_parse': 'True', 'send_anonymous_usage_stats': 'True', 'use_experimental_parser': 'False', 'profiles_dir': './configs/dbt', 'fail_fast': 'False', 'use_colors': 'True', 'indirect_selection': 'eager', 'empty': 'False', 'cache_selected_only': 'False', 'invocation_command': 'dbt run --select +race_driver_performance --project-dir ./dbt --profiles-dir ./configs/dbt', 'write_json': 'True', 'log_path': 'dbt/logs', 'warn_error_options': 'WarnErrorOptionsV2(error=[], warn=[], silence=[])', 'static_parser': 'True', 'quiet': 'False', 'log_format': 'default', 'debug': 'False', 'introspect': 'True', 'printer_width': '80'}
[0m23:05:43.342450 [debug] [MainThread]: Sending event: {'category': 'dbt', 'action': 'project_id', 'label': '8832e324-8b4f-420f-8971-10727d95e961', 'context': [<snowplow_tracker.self_describing_json.SelfDescribingJson object at 0x7f4822cc1a70>]}
[0m23:05:43.474672 [debug] [MainThread]: Sending event: {'category': 'dbt', 'action': 'adapter_info', 'label': '8832e324-8b4f-420f-8971-10727d95e961', 'context': [<snowplow_tracker.self_describing_json.SelfDescribingJson object at 0x7f4821bc98c0>]}
[0m23:05:43.475862 [info ] [MainThread]: Registered adapter: trino=1.10.3
[0m23:05:43.582826 [debug] [MainThread]: checksum: 6feb0373bf5e249bcfe93c2d0c493de2a05a899ef7ebdf18543bed5cf777135b, vars: {}, profile: f1_lakehouse, target: dev, version: 1.12.4
[0m23:05:43.876361 [debug] [MainThread]: Partial parsing enabled: 0 files deleted, 3 files added, 0 files changed.
[0m23:05:43.877274 [debug] [MainThread]: Partial parsing: added file: f1_lakehouse://tests/no_duplicate_gold_driver_performance.sql
[0m23:05:43.877762 [debug] [MainThread]: Partial parsing: added file: f1_lakehouse://models/gold/race_driver_performance.sql
[0m23:05:43.878288 [debug] [MainThread]: Partial parsing: added file: f1_lakehouse://models/gold/schema.yml
[0m23:05:45.135773 [debug] [MainThread]: Sending event: {'category': 'dbt', 'action': 'load_project', 'label': '8832e324-8b4f-420f-8971-10727d95e961', 'context': [<snowplow_tracker.self_describing_json.SelfDescribingJson object at 0x7f48211cd350>]}
[0m23:05:45.310120 [debug] [MainThread]: Wrote artifact WritableManifest to dbt/target/manifest.json
[0m23:05:45.313891 [debug] [MainThread]: Wrote artifact SemanticManifest to dbt/target/semantic_manifest.json
[0m23:05:45.330357 [debug] [MainThread]: Wrote artifact OsiDocument to dbt/target/osi_document.json
[0m23:05:45.348311 [debug] [MainThread]: Sending event: {'category': 'dbt', 'action': 'resource_counts', 'label': '8832e324-8b4f-420f-8971-10727d95e961', 'context': [<snowplow_tracker.self_describing_json.SelfDescribingJson object at 0x7f481b5747d0>]}
[0m23:05:45.349166 [info ] [MainThread]: Found 31 data tests, 4 models, 3 sources, 498 macros
[0m23:05:45.349692 [debug] [MainThread]: Sending event: {'category': 'dbt', 'action': 'runnable_timing', 'label': '8832e324-8b4f-420f-8971-10727d95e961', 'context': [<snowplow_tracker.self_describing_json.SelfDescribingJson object at 0x7f4820f23690>]}
[0m23:05:45.352757 [info ] [MainThread]: 
[0m23:05:45.353314 [info ] [MainThread]: Concurrency: 4 threads (target='dev')
[0m23:05:45.353725 [info ] [MainThread]: 
[0m23:05:45.354408 [debug] [MainThread]: Acquiring new trino connection 'master'
[0m23:05:45.361443 [debug] [ThreadPool]: Acquiring new trino connection 'list_iceberg'
[0m23:05:45.374692 [debug] [ThreadPool]: Acquiring new trino connection 'list_iceberg'
[0m23:05:45.428923 [debug] [ThreadPool]: Using trino connection "list_iceberg"
[0m23:05:45.429622 [debug] [ThreadPool]: On list_iceberg: /* {"app": "dbt", "dbt_version": "1.12.4", "profile_name": "f1_lakehouse", "target_name": "dev", "connection_name": "list_iceberg"} */

    select schema_name
    from "iceberg".INFORMATION_SCHEMA.schemata
[0m23:05:45.430107 [debug] [ThreadPool]: Opening a new connection, currently in state init
[0m23:05:45.430524 [warn ] [ThreadPool]: [[33mWARNING[0m]: SSL certificate validation is disabled by default. It is legacy behavior which will be changed in future releases. It is strongly advised to enable `require_certificate_validation` flag or explicitly set `cert` configuration to `True` for security reasons. You may receive an error after that if your SSL setup is incorrect.
You may opt into the new behavior sooner by setting `flags.require_certificate_validation` to `True` in `dbt_project.yml`.
Visit https://docs.getdbt.com/reference/global-configs/behavior-changes for more information.
[0m23:05:45.431227 [debug] [ThreadPool]: Sending event: {'category': 'dbt', 'action': 'BehaviorChangeEvent', 'label': '8832e324-8b4f-420f-8971-10727d95e961', 'context': [<snowplow_tracker.self_describing_json.SelfDescribingJson object at 0x7f481a2407a0>]}
[0m23:05:45.432365 [debug] [ThreadPool]: Using trino connection "list_iceberg"
[0m23:05:45.433031 [debug] [ThreadPool]: On list_iceberg: /* {"app": "dbt", "dbt_version": "1.12.4", "profile_name": "f1_lakehouse", "target_name": "dev", "connection_name": "list_iceberg"} */

    select schema_name
    from "iceberg".INFORMATION_SCHEMA.schemata
[0m23:05:45.433481 [debug] [ThreadPool]: Opening a new connection, currently in state init
[0m23:05:45.433896 [warn ] [ThreadPool]: [[33mWARNING[0m]: SSL certificate validation is disabled by default. It is legacy behavior which will be changed in future releases. It is strongly advised to enable `require_certificate_validation` flag or explicitly set `cert` configuration to `True` for security reasons. You may receive an error after that if your SSL setup is incorrect.
You may opt into the new behavior sooner by setting `flags.require_certificate_validation` to `True` in `dbt_project.yml`.
Visit https://docs.getdbt.com/reference/global-configs/behavior-changes for more information.
[0m23:05:45.434481 [debug] [ThreadPool]: Sending event: {'category': 'dbt', 'action': 'BehaviorChangeEvent', 'label': '8832e324-8b4f-420f-8971-10727d95e961', 'context': [<snowplow_tracker.self_describing_json.SelfDescribingJson object at 0x7f481a20c710>]}
[0m23:05:45.522744 [debug] [ThreadPool]: SQL status: SUCCESS in 0.092 seconds
[0m23:05:45.527002 [debug] [ThreadPool]: On list_iceberg: Close
[0m23:05:45.530234 [debug] [ThreadPool]: SQL status: SUCCESS in 0.097 seconds
[0m23:05:45.533786 [debug] [ThreadPool]: On list_iceberg: Close
[0m23:05:45.536171 [debug] [ThreadPool]: Re-using an available connection from the pool (formerly list_iceberg, now create_iceberg_gold)
[0m23:05:45.537099 [debug] [ThreadPool]: Creating schema "database: "iceberg"
schema: "gold"
"
[0m23:05:45.543670 [debug] [ThreadPool]: Using trino connection "create_iceberg_gold"
[0m23:05:45.544435 [debug] [ThreadPool]: On create_iceberg_gold: /* {"app": "dbt", "dbt_version": "1.12.4", "profile_name": "f1_lakehouse", "target_name": "dev", "connection_name": "create_iceberg_gold"} */
create schema if not exists "iceberg"."gold"
[0m23:05:45.545040 [debug] [ThreadPool]: Opening a new connection, currently in state closed
[0m23:05:45.578267 [debug] [ThreadPool]: SQL status: CREATE SCHEMA in 0.033 seconds
[0m23:05:45.580813 [debug] [ThreadPool]: On create_iceberg_gold: COMMIT
[0m23:05:45.581604 [debug] [ThreadPool]: On create_iceberg_gold: Close
[0m23:05:45.585325 [debug] [ThreadPool]: Re-using an available connection from the pool (formerly create_iceberg_gold, now list_iceberg_gold)
[0m23:05:45.591957 [debug] [ThreadPool]: Re-using an available connection from the pool (formerly list_iceberg, now list_iceberg_silver)
[0m23:05:45.621926 [debug] [ThreadPool]: Using trino connection "list_iceberg_gold"
[0m23:05:45.622595 [debug] [ThreadPool]: On list_iceberg_gold: /* {"app": "dbt", "dbt_version": "1.12.4", "profile_name": "f1_lakehouse", "target_name": "dev", "connection_name": "list_iceberg_gold"} */
select
      t.table_catalog as database,
      t.table_name as name,
      t.table_schema as schema,
      case when mv.name is not null then 'materialized_view'
           when t.table_type = 'BASE TABLE' then 'table'
           when t.table_type = 'VIEW' then 'view'
           else t.table_type
      end as table_type
    from "iceberg".INFORMATION_SCHEMA.tables t
    left join (
            select * from system.metadata.materialized_views
            where catalog_name = 'iceberg'
              and schema_name = 'gold') mv
          on mv.catalog_name = t.table_catalog and mv.schema_name = t.table_schema and mv.name = t.table_name
    where t.table_schema = 'gold'
[0m23:05:45.623113 [debug] [ThreadPool]: Opening a new connection, currently in state closed
[0m23:05:45.621090 [debug] [ThreadPool]: Using trino connection "list_iceberg_silver"
[0m23:05:45.625496 [debug] [ThreadPool]: On list_iceberg_silver: /* {"app": "dbt", "dbt_version": "1.12.4", "profile_name": "f1_lakehouse", "target_name": "dev", "connection_name": "list_iceberg_silver"} */
select
      t.table_catalog as database,
      t.table_name as name,
      t.table_schema as schema,
      case when mv.name is not null then 'materialized_view'
           when t.table_type = 'BASE TABLE' then 'table'
           when t.table_type = 'VIEW' then 'view'
           else t.table_type
      end as table_type
    from "iceberg".INFORMATION_SCHEMA.tables t
    left join (
            select * from system.metadata.materialized_views
            where catalog_name = 'iceberg'
              and schema_name = 'silver') mv
          on mv.catalog_name = t.table_catalog and mv.schema_name = t.table_schema and mv.name = t.table_name
    where t.table_schema = 'silver'
[0m23:05:45.626061 [debug] [ThreadPool]: Opening a new connection, currently in state closed
[0m23:05:45.867213 [debug] [ThreadPool]: SQL status: SUCCESS in 0.241 seconds
[0m23:05:45.873278 [debug] [ThreadPool]: On list_iceberg_silver: ROLLBACK
[0m23:05:45.875071 [debug] [ThreadPool]: On list_iceberg_silver: Close
[0m23:05:45.894390 [debug] [ThreadPool]: SQL status: SUCCESS in 0.271 seconds
[0m23:05:45.898041 [debug] [ThreadPool]: On list_iceberg_gold: ROLLBACK
[0m23:05:45.898671 [debug] [ThreadPool]: On list_iceberg_gold: Close
[0m23:05:45.900037 [debug] [MainThread]: Sending event: {'category': 'dbt', 'action': 'runnable_timing', 'label': '8832e324-8b4f-420f-8971-10727d95e961', 'context': [<snowplow_tracker.self_describing_json.SelfDescribingJson object at 0x7f481b55afc0>]}
[0m23:05:45.901471 [debug] [MainThread]: On master: COMMIT
[0m23:05:45.908536 [debug] [Thread-1 (]: Began running node model.f1_lakehouse.silver_laps
[0m23:05:45.909958 [debug] [Thread-2 (]: Began running node model.f1_lakehouse.silver_results
[0m23:05:45.911585 [info ] [Thread-1 (]: 1 of 4 START sql table model silver.silver_laps ................................ [RUN]
[0m23:05:45.913189 [info ] [Thread-2 (]: 2 of 4 START sql table model silver.silver_results ............................. [RUN]
[0m23:05:45.914561 [debug] [Thread-3 (]: Began running node model.f1_lakehouse.silver_weather
[0m23:05:45.915901 [debug] [Thread-1 (]: Re-using an available connection from the pool (formerly list_iceberg_silver, now model.f1_lakehouse.silver_laps)
[0m23:05:45.917161 [debug] [Thread-2 (]: Re-using an available connection from the pool (formerly list_iceberg_gold, now model.f1_lakehouse.silver_results)
[0m23:05:45.918483 [info ] [Thread-3 (]: 3 of 4 START sql table model silver.silver_weather ............................. [RUN]
[0m23:05:45.919646 [debug] [Thread-1 (]: Began compiling node model.f1_lakehouse.silver_laps
[0m23:05:45.920859 [debug] [Thread-2 (]: Began compiling node model.f1_lakehouse.silver_results
[0m23:05:45.922192 [debug] [Thread-3 (]: Acquiring new trino connection 'model.f1_lakehouse.silver_weather'
[0m23:05:45.926710 [debug] [Thread-1 (]: Writing injected SQL for node "model.f1_lakehouse.silver_laps"
[0m23:05:45.931401 [debug] [Thread-2 (]: Writing injected SQL for node "model.f1_lakehouse.silver_results"
[0m23:05:45.932599 [debug] [Thread-3 (]: Began compiling node model.f1_lakehouse.silver_weather
[0m23:05:45.939331 [debug] [Thread-1 (]: Began executing node model.f1_lakehouse.silver_laps
[0m23:05:45.950558 [debug] [Thread-3 (]: Writing injected SQL for node "model.f1_lakehouse.silver_weather"
[0m23:05:45.957452 [debug] [Thread-2 (]: Began executing node model.f1_lakehouse.silver_results
[0m23:05:45.984520 [debug] [Thread-3 (]: Began executing node model.f1_lakehouse.silver_weather
[0m23:05:46.123626 [debug] [Thread-1 (]: Writing runtime sql for node "model.f1_lakehouse.silver_laps"
[0m23:05:46.140364 [debug] [Thread-3 (]: Writing runtime sql for node "model.f1_lakehouse.silver_weather"
[0m23:05:46.139451 [debug] [Thread-2 (]: Writing runtime sql for node "model.f1_lakehouse.silver_results"
[0m23:05:46.145045 [debug] [Thread-3 (]: Using trino connection "model.f1_lakehouse.silver_weather"
[0m23:05:46.145656 [debug] [Thread-3 (]: On model.f1_lakehouse.silver_weather: /* {"app": "dbt", "dbt_version": "1.12.4", "profile_name": "f1_lakehouse", "target_name": "dev", "node_id": "model.f1_lakehouse.silver_weather"} */

  
    

    create table "iceberg"."silver"."silver_weather__dbt_tmp"
      
      
    as (
      

with source_weather as (

    select *
    from "iceberg"."bronze"."weather"

),

cleaned as (

    select
        season,
        event_name,
        event_slug,
        session_type,

        session_time_ms,

        air_temp_c,
        track_temp_c,
        humidity_pct,
        pressure_mbar,

        rainfall,

        wind_direction_deg,
        wind_speed,

        source_system,
        ingested_at

    from source_weather

    where season is not null
      and event_slug is not null
      and session_time_ms is not null
)

select *
from cleaned
    )
[0m23:05:46.146175 [debug] [Thread-3 (]: Opening a new connection, currently in state init
[0m23:05:46.151938 [debug] [Thread-2 (]: Using trino connection "model.f1_lakehouse.silver_results"
[0m23:05:46.153874 [debug] [Thread-2 (]: On model.f1_lakehouse.silver_results: /* {"app": "dbt", "dbt_version": "1.12.4", "profile_name": "f1_lakehouse", "target_name": "dev", "node_id": "model.f1_lakehouse.silver_results"} */

  
    

    create table "iceberg"."silver"."silver_results__dbt_tmp"
      
      
    as (
      

with source_results as (

    select *
    from "iceberg"."bronze"."results"

),

cleaned as (

    select
        season,
        event_name,
        event_slug,
        session_type,

        driver_number,
        driver_code,
        driver_id,

        first_name,
        last_name,
        full_name,
        country_code,

        team_name,
        team_id,

        position,
        classified_position,
        grid_position,

        status,
        points,
        result_time_ms,

        source_system,
        ingested_at

    from source_results

    where driver_code is not null
      and season is not null
      and event_slug is not null
)

select *
from cleaned
    )
[0m23:05:46.154471 [debug] [Thread-2 (]: Opening a new connection, currently in state closed
[0m23:05:46.159902 [debug] [Thread-1 (]: Using trino connection "model.f1_lakehouse.silver_laps"
[0m23:05:46.160600 [debug] [Thread-1 (]: On model.f1_lakehouse.silver_laps: /* {"app": "dbt", "dbt_version": "1.12.4", "profile_name": "f1_lakehouse", "target_name": "dev", "node_id": "model.f1_lakehouse.silver_laps"} */

  
    

    create table "iceberg"."silver"."silver_laps__dbt_tmp"
      
      
    as (
      

with source_laps as (

    select *
    from "iceberg"."bronze"."laps"

),

valid_laps as (

    select
        season,
        event_name,
        event_slug,
        session_type,

        driver_code,
        driver_number,
        team_name,

        lap_number,
        stint,
        position,

        lap_time_ms,

        round(
            lap_time_ms / 1000.0,
            3
        ) as lap_time_seconds,

        sector_1_ms,
        sector_2_ms,
        sector_3_ms,

        speed_i1,
        speed_i2,
        speed_fl,
        speed_st,

        upper(compound) as compound,

        tyre_life,
        fresh_tyre,

        track_status,

        is_personal_best,
        is_accurate,

        lap_start_date,

        source_system,
        ingested_at

    from source_laps

    where lap_time_ms is not null
      and lap_time_ms > 0
      and is_accurate = true
      and coalesce(deleted, false) = false

)

select *
from valid_laps
    )
[0m23:05:46.161175 [debug] [Thread-1 (]: Opening a new connection, currently in state closed
[0m23:05:46.635439 [debug] [Thread-3 (]: SQL status: CREATE TABLE (176 rows) in 0.489 seconds
[0m23:05:46.649319 [debug] [Thread-2 (]: SQL status: CREATE TABLE (22 rows) in 0.494 seconds
[0m23:05:46.661965 [debug] [Thread-3 (]: Using trino connection "model.f1_lakehouse.silver_weather"
[0m23:05:46.664625 [debug] [Thread-2 (]: Using trino connection "model.f1_lakehouse.silver_results"
[0m23:05:46.666155 [debug] [Thread-3 (]: On model.f1_lakehouse.silver_weather: /* {"app": "dbt", "dbt_version": "1.12.4", "profile_name": "f1_lakehouse", "target_name": "dev", "node_id": "model.f1_lakehouse.silver_weather"} */
alter table "iceberg"."silver"."silver_weather" rename to "iceberg"."silver"."silver_weather__dbt_backup"
[0m23:05:46.667610 [debug] [Thread-2 (]: On model.f1_lakehouse.silver_results: /* {"app": "dbt", "dbt_version": "1.12.4", "profile_name": "f1_lakehouse", "target_name": "dev", "node_id": "model.f1_lakehouse.silver_results"} */
alter table "iceberg"."silver"."silver_results" rename to "iceberg"."silver"."silver_results__dbt_backup"
[0m23:05:46.734518 [debug] [Thread-3 (]: SQL status: RENAME TABLE in 0.066 seconds
[0m23:05:46.738700 [debug] [Thread-3 (]: Using trino connection "model.f1_lakehouse.silver_weather"
[0m23:05:46.739385 [debug] [Thread-3 (]: On model.f1_lakehouse.silver_weather: /* {"app": "dbt", "dbt_version": "1.12.4", "profile_name": "f1_lakehouse", "target_name": "dev", "node_id": "model.f1_lakehouse.silver_weather"} */
alter table "iceberg"."silver"."silver_weather__dbt_tmp" rename to "iceberg"."silver"."silver_weather"
[0m23:05:46.743084 [debug] [Thread-2 (]: SQL status: RENAME TABLE in 0.073 seconds
[0m23:05:46.747044 [debug] [Thread-2 (]: Using trino connection "model.f1_lakehouse.silver_results"
[0m23:05:46.747696 [debug] [Thread-2 (]: On model.f1_lakehouse.silver_results: /* {"app": "dbt", "dbt_version": "1.12.4", "profile_name": "f1_lakehouse", "target_name": "dev", "node_id": "model.f1_lakehouse.silver_results"} */
alter table "iceberg"."silver"."silver_results__dbt_tmp" rename to "iceberg"."silver"."silver_results"
[0m23:05:46.796313 [debug] [Thread-3 (]: SQL status: RENAME TABLE in 0.055 seconds
[0m23:05:46.819972 [debug] [Thread-3 (]: Applying DROP to: "iceberg"."silver"."silver_weather__dbt_backup"
[0m23:05:46.824067 [debug] [Thread-3 (]: Using trino connection "model.f1_lakehouse.silver_weather"
[0m23:05:46.824815 [debug] [Thread-3 (]: On model.f1_lakehouse.silver_weather: /* {"app": "dbt", "dbt_version": "1.12.4", "profile_name": "f1_lakehouse", "target_name": "dev", "node_id": "model.f1_lakehouse.silver_weather"} */

    drop table if exists "iceberg"."silver"."silver_weather__dbt_backup"
[0m23:05:46.827201 [debug] [Thread-1 (]: SQL status: CREATE TABLE (914 rows) in 0.666 seconds
[0m23:05:46.829312 [debug] [Thread-2 (]: SQL status: RENAME TABLE in 0.078 seconds
[0m23:05:46.833799 [debug] [Thread-1 (]: Using trino connection "model.f1_lakehouse.silver_laps"
[0m23:05:46.839143 [debug] [Thread-2 (]: Applying DROP to: "iceberg"."silver"."silver_results__dbt_backup"
[0m23:05:46.839949 [debug] [Thread-1 (]: On model.f1_lakehouse.silver_laps: /* {"app": "dbt", "dbt_version": "1.12.4", "profile_name": "f1_lakehouse", "target_name": "dev", "node_id": "model.f1_lakehouse.silver_laps"} */
alter table "iceberg"."silver"."silver_laps" rename to "iceberg"."silver"."silver_laps__dbt_backup"
[0m23:05:46.841251 [debug] [Thread-2 (]: Using trino connection "model.f1_lakehouse.silver_results"
[0m23:05:46.842494 [debug] [Thread-2 (]: On model.f1_lakehouse.silver_results: /* {"app": "dbt", "dbt_version": "1.12.4", "profile_name": "f1_lakehouse", "target_name": "dev", "node_id": "model.f1_lakehouse.silver_results"} */

    drop table if exists "iceberg"."silver"."silver_results__dbt_backup"
[0m23:05:46.884999 [debug] [Thread-3 (]: SQL status: DROP TABLE in 0.059 seconds
[0m23:05:46.917675 [debug] [Thread-3 (]: On model.f1_lakehouse.silver_weather: ROLLBACK
[0m23:05:46.919410 [debug] [Thread-3 (]: On model.f1_lakehouse.silver_weather: Close
[0m23:05:46.923646 [debug] [Thread-2 (]: SQL status: DROP TABLE in 0.080 seconds
[0m23:05:46.931370 [debug] [Thread-1 (]: SQL status: RENAME TABLE in 0.089 seconds
[0m23:05:46.929550 [debug] [Thread-2 (]: On model.f1_lakehouse.silver_results: ROLLBACK
[0m23:05:46.938647 [debug] [Thread-1 (]: Using trino connection "model.f1_lakehouse.silver_laps"
[0m23:05:46.940173 [debug] [Thread-2 (]: On model.f1_lakehouse.silver_results: Close
[0m23:05:46.941193 [debug] [Thread-3 (]: Sending event: {'category': 'dbt', 'action': 'run_model', 'label': '8832e324-8b4f-420f-8971-10727d95e961', 'context': [<snowplow_tracker.self_describing_json.SelfDescribingJson object at 0x7f4822c45810>]}
[0m23:05:46.942173 [debug] [Thread-1 (]: On model.f1_lakehouse.silver_laps: /* {"app": "dbt", "dbt_version": "1.12.4", "profile_name": "f1_lakehouse", "target_name": "dev", "node_id": "model.f1_lakehouse.silver_laps"} */
alter table "iceberg"."silver"."silver_laps__dbt_tmp" rename to "iceberg"."silver"."silver_laps"
[0m23:05:46.944093 [debug] [Thread-2 (]: Sending event: {'category': 'dbt', 'action': 'run_model', 'label': '8832e324-8b4f-420f-8971-10727d95e961', 'context': [<snowplow_tracker.self_describing_json.SelfDescribingJson object at 0x7f4818594b90>]}
[0m23:05:46.945453 [info ] [Thread-3 (]: 3 of 4 OK created sql table model silver.silver_weather ........................ [[32mCREATE TABLE (176 rows)[0m in 1.00s]
[0m23:05:46.949067 [info ] [Thread-2 (]: 2 of 4 OK created sql table model silver.silver_results ........................ [[32mCREATE TABLE (22 rows)[0m in 1.03s]
[0m23:05:46.950915 [debug] [Thread-3 (]: Finished running node model.f1_lakehouse.silver_weather
[0m23:05:46.952481 [debug] [Thread-2 (]: Finished running node model.f1_lakehouse.silver_results
[0m23:05:47.010165 [debug] [Thread-1 (]: SQL status: RENAME TABLE in 0.064 seconds
[0m23:05:47.015919 [debug] [Thread-1 (]: Applying DROP to: "iceberg"."silver"."silver_laps__dbt_backup"
[0m23:05:47.017115 [debug] [Thread-1 (]: Using trino connection "model.f1_lakehouse.silver_laps"
[0m23:05:47.017677 [debug] [Thread-1 (]: On model.f1_lakehouse.silver_laps: /* {"app": "dbt", "dbt_version": "1.12.4", "profile_name": "f1_lakehouse", "target_name": "dev", "node_id": "model.f1_lakehouse.silver_laps"} */

    drop table if exists "iceberg"."silver"."silver_laps__dbt_backup"
[0m23:05:47.067944 [debug] [Thread-1 (]: SQL status: DROP TABLE in 0.049 seconds
[0m23:05:47.073648 [debug] [Thread-1 (]: On model.f1_lakehouse.silver_laps: ROLLBACK
[0m23:05:47.074779 [debug] [Thread-1 (]: On model.f1_lakehouse.silver_laps: Close
[0m23:05:47.076562 [debug] [Thread-1 (]: Sending event: {'category': 'dbt', 'action': 'run_model', 'label': '8832e324-8b4f-420f-8971-10727d95e961', 'context': [<snowplow_tracker.self_describing_json.SelfDescribingJson object at 0x7f481b46e7b0>]}
[0m23:05:47.078279 [info ] [Thread-1 (]: 1 of 4 OK created sql table model silver.silver_laps ........................... [[32mCREATE TABLE (914 rows)[0m in 1.16s]
[0m23:05:47.079120 [debug] [Thread-1 (]: Finished running node model.f1_lakehouse.silver_laps
[0m23:05:47.080619 [debug] [Thread-4 (]: Began running node model.f1_lakehouse.race_driver_performance
[0m23:05:47.082485 [info ] [Thread-4 (]: 4 of 4 START sql table model gold.race_driver_performance ...................... [RUN]
[0m23:05:47.084381 [debug] [Thread-4 (]: Acquiring new trino connection 'model.f1_lakehouse.race_driver_performance'
[0m23:05:47.085778 [debug] [Thread-4 (]: Began compiling node model.f1_lakehouse.race_driver_performance
[0m23:05:47.092110 [debug] [Thread-4 (]: Writing injected SQL for node "model.f1_lakehouse.race_driver_performance"
[0m23:05:47.093016 [debug] [Thread-4 (]: Began executing node model.f1_lakehouse.race_driver_performance
[0m23:05:47.097816 [debug] [Thread-4 (]: Writing runtime sql for node "model.f1_lakehouse.race_driver_performance"
[0m23:05:47.109241 [debug] [Thread-4 (]: Using trino connection "model.f1_lakehouse.race_driver_performance"
[0m23:05:47.110055 [debug] [Thread-4 (]: On model.f1_lakehouse.race_driver_performance: /* {"app": "dbt", "dbt_version": "1.12.4", "profile_name": "f1_lakehouse", "target_name": "dev", "node_id": "model.f1_lakehouse.race_driver_performance"} */

  
    

    create table "iceberg"."gold"."race_driver_performance"
      
      
    as (
      

with lap_metrics as (

    select
        season,
        event_name,
        event_slug,
        session_type,
        driver_code,
        team_name,

        count(*) as valid_laps,

        round(
            avg(lap_time_seconds),
            3
        ) as avg_lap_seconds,

        round(
            min(lap_time_seconds),
            3
        ) as fastest_lap_seconds,

        round(
            max(lap_time_seconds),
            3
        ) as slowest_lap_seconds,

        round(
            avg(sector_1_ms) / 1000.0,
            3
        ) as avg_sector_1_seconds,

        round(
            avg(sector_2_ms) / 1000.0,
            3
        ) as avg_sector_2_seconds,

        round(
            avg(sector_3_ms) / 1000.0,
            3
        ) as avg_sector_3_seconds,

        round(
            avg(tyre_life),
            2
        ) as avg_tyre_life

    from "iceberg"."silver"."silver_laps"

    group by
        season,
        event_name,
        event_slug,
        session_type,
        driver_code,
        team_name
),

results as (

    select
        season,
        event_slug,
        session_type,
        driver_code,

        full_name,
        grid_position,
        position as finish_position,
        classified_position,
        points,
        status

    from "iceberg"."silver"."silver_results"

),

weather as (

    select
        season,
        event_slug,
        session_type,

        round(avg(air_temp_c), 2)
            as avg_air_temp_c,

        round(avg(track_temp_c), 2)
            as avg_track_temp_c,

        round(avg(humidity_pct), 2)
            as avg_humidity_pct,

        round(avg(wind_speed), 2)
            as avg_wind_speed,

        max(
            case
                when rainfall then 1
                else 0
            end
        ) as rain_detected

    from "iceberg"."silver"."silver_weather"

    group by
        season,
        event_slug,
        session_type
)

select
    l.season,
    l.event_name,
    l.event_slug,
    l.session_type,

    l.driver_code,
    r.full_name,
    l.team_name,

    r.grid_position,
    r.finish_position,

    (
        r.grid_position - r.finish_position
    ) as positions_gained,

    r.points,
    r.status,

    l.valid_laps,
    l.avg_lap_seconds,
    l.fastest_lap_seconds,
    l.slowest_lap_seconds,

    l.avg_sector_1_seconds,
    l.avg_sector_2_seconds,
    l.avg_sector_3_seconds,

    l.avg_tyre_life,

    w.avg_air_temp_c,
    w.avg_track_temp_c,
    w.avg_humidity_pct,
    w.avg_wind_speed,
    w.rain_detected

from lap_metrics l

left join results r

    on l.season = r.season
   and l.event_slug = r.event_slug
   and l.session_type = r.session_type
   and l.driver_code = r.driver_code

left join weather w

    on l.season = w.season
   and l.event_slug = w.event_slug
   and l.session_type = w.session_type
    )
[0m23:05:47.110662 [debug] [Thread-4 (]: Opening a new connection, currently in state init
[0m23:05:48.075729 [debug] [Thread-4 (]: SQL status: CREATE TABLE (21 rows) in 0.965 seconds
[0m23:05:48.080051 [debug] [Thread-4 (]: On model.f1_lakehouse.race_driver_performance: ROLLBACK
[0m23:05:48.080874 [debug] [Thread-4 (]: On model.f1_lakehouse.race_driver_performance: Close
[0m23:05:48.082282 [debug] [Thread-4 (]: Sending event: {'category': 'dbt', 'action': 'run_model', 'label': '8832e324-8b4f-420f-8971-10727d95e961', 'context': [<snowplow_tracker.self_describing_json.SelfDescribingJson object at 0x7f481854f1d0>]}
[0m23:05:48.083650 [info ] [Thread-4 (]: 4 of 4 OK created sql table model gold.race_driver_performance ................. [[32mCREATE TABLE (21 rows)[0m in 1.00s]
[0m23:05:48.084900 [debug] [Thread-4 (]: Finished running node model.f1_lakehouse.race_driver_performance
[0m23:05:48.088727 [debug] [MainThread]: On master: COMMIT
[0m23:05:48.090216 [debug] [MainThread]: Connection 'master' was properly closed.
[0m23:05:48.090967 [debug] [MainThread]: Connection 'model.f1_lakehouse.silver_results' was properly closed.
[0m23:05:48.091462 [debug] [MainThread]: Connection 'model.f1_lakehouse.silver_laps' was properly closed.
[0m23:05:48.091925 [debug] [MainThread]: Connection 'model.f1_lakehouse.silver_weather' was properly closed.
[0m23:05:48.092350 [debug] [MainThread]: Connection 'model.f1_lakehouse.race_driver_performance' was properly closed.
[0m23:05:48.092940 [info ] [MainThread]: 
[0m23:05:48.093529 [info ] [MainThread]: Finished running 4 table models in 0 hours 0 minutes and 2.74 seconds (2.74s).
[0m23:05:48.095081 [debug] [MainThread]: Command end result
[0m23:05:48.144249 [debug] [MainThread]: Wrote artifact WritableManifest to dbt/target/manifest.json
[0m23:05:48.147991 [debug] [MainThread]: Wrote artifact SemanticManifest to dbt/target/semantic_manifest.json
[0m23:05:48.151447 [debug] [MainThread]: Wrote artifact OsiDocument to dbt/target/osi_document.json
[0m23:05:48.161458 [debug] [MainThread]: Wrote artifact RunExecutionResult to dbt/target/run_results.json
[0m23:05:48.162053 [info ] [MainThread]: 
[0m23:05:48.162554 [info ] [MainThread]: [32mCompleted successfully[0m
[0m23:05:48.162955 [info ] [MainThread]: 
[0m23:05:48.163386 [info ] [MainThread]: Done. PASS=4 WARN=0 ERROR=0 SKIP=0 NO-OP=0 REUSED=0 TOTAL=4
[0m23:05:48.164635 [debug] [MainThread]: Resource report: {"command_name": "run", "command_success": true, "command_wall_clock_time": 5.3042297, "process_in_blocks": "0", "process_kernel_time": 0.22771, "process_mem_max_rss": "147264", "process_out_blocks": "4200", "process_user_time": 5.324768}
[0m23:05:48.165292 [debug] [MainThread]: Command `dbt run` succeeded at 23:05:48.165168 after 5.31 seconds
[0m23:05:48.165781 [debug] [MainThread]: Sending event: {'category': 'dbt', 'action': 'invocation', 'label': 'end', 'context': [<snowplow_tracker.self_describing_json.SelfDescribingJson object at 0x7f481b6137d0>, <snowplow_tracker.self_describing_json.SelfDescribingJson object at 0x7f4822558170>, <snowplow_tracker.self_describing_json.SelfDescribingJson object at 0x7f481856ebd0>]}
[0m23:05:48.166291 [debug] [MainThread]: Flushing usage events
[0m23:05:48.693316 [debug] [MainThread]: An error was encountered while trying to flush usage events
[0m23:06:03.592970 [debug] [MainThread]: Sending event: {'category': 'dbt', 'action': 'invocation', 'label': 'start', 'context': [<snowplow_tracker.self_describing_json.SelfDescribingJson object at 0x7fb4998916a0>, <snowplow_tracker.self_describing_json.SelfDescribingJson object at 0x7fb498337ed0>, <snowplow_tracker.self_describing_json.SelfDescribingJson object at 0x7fb498337b10>]}


============================== 23:06:03.597694 | dc8b8441-720b-45f2-b8bb-76d74e3795ef ==============================
[0m23:06:03.597694 [info ] [MainThread]: Running with dbt=1.12.4
[0m23:06:03.598476 [debug] [MainThread]: running dbt with arguments {'debug': 'False', 'hints_enabled': 'True', 'cache_selected_only': 'False', 'profiles_dir': './configs/dbt', 'indirect_selection': 'eager', 'invocation_command': 'dbt test --select +race_driver_performance --project-dir ./dbt --profiles-dir ./configs/dbt', 'static_parser': 'True', 'empty': 'None', 'write_json': 'True', 'use_colors': 'True', 'printer_width': '80', 'send_anonymous_usage_stats': 'True', 'log_path': 'dbt/logs', 'target_path': 'None', 'no_print': 'None', 'introspect': 'True', 'log_cache_events': 'False', 'fail_fast': 'False', 'log_format': 'default', 'warn_error_options': 'WarnErrorOptionsV2(error=[], warn=[], silence=[])', 'version_check': 'True', 'partial_parse': 'True', 'quiet': 'False', 'warn_error': 'None', 'maximum_seed_size_mib': '1', 'use_experimental_parser': 'False'}
[0m23:06:03.912400 [debug] [MainThread]: Sending event: {'category': 'dbt', 'action': 'project_id', 'label': 'dc8b8441-720b-45f2-b8bb-76d74e3795ef', 'context': [<snowplow_tracker.self_describing_json.SelfDescribingJson object at 0x7fb4995c9a70>]}
[0m23:06:04.091060 [debug] [MainThread]: Sending event: {'category': 'dbt', 'action': 'adapter_info', 'label': 'dc8b8441-720b-45f2-b8bb-76d74e3795ef', 'context': [<snowplow_tracker.self_describing_json.SelfDescribingJson object at 0x7fb4984cd8c0>]}
[0m23:06:04.092295 [info ] [MainThread]: Registered adapter: trino=1.10.3
[0m23:06:04.210220 [debug] [MainThread]: checksum: 6feb0373bf5e249bcfe93c2d0c493de2a05a899ef7ebdf18543bed5cf777135b, vars: {}, profile: f1_lakehouse, target: dev, version: 1.12.4
[0m23:06:04.537387 [debug] [MainThread]: Partial parsing enabled: 0 files deleted, 0 files added, 0 files changed.
[0m23:06:04.538012 [debug] [MainThread]: Nothing changed, skipping partial parsing.
[0m23:06:04.538407 [debug] [MainThread]: Partial parsing enabled, no changes found, skipping parsing
[0m23:06:04.552666 [debug] [MainThread]: Sending event: {'category': 'dbt', 'action': 'load_project', 'label': 'dc8b8441-720b-45f2-b8bb-76d74e3795ef', 'context': [<snowplow_tracker.self_describing_json.SelfDescribingJson object at 0x7fb497afaf50>]}
[0m23:06:04.774335 [debug] [MainThread]: Wrote artifact WritableManifest to dbt/target/manifest.json
[0m23:06:04.777961 [debug] [MainThread]: Wrote artifact SemanticManifest to dbt/target/semantic_manifest.json
[0m23:06:04.793978 [debug] [MainThread]: Wrote artifact OsiDocument to dbt/target/osi_document.json
[0m23:06:04.824393 [debug] [MainThread]: Sending event: {'category': 'dbt', 'action': 'resource_counts', 'label': 'dc8b8441-720b-45f2-b8bb-76d74e3795ef', 'context': [<snowplow_tracker.self_describing_json.SelfDescribingJson object at 0x7fb497988320>]}
[0m23:06:04.825147 [info ] [MainThread]: Found 31 data tests, 4 models, 3 sources, 498 macros
[0m23:06:04.825609 [debug] [MainThread]: Sending event: {'category': 'dbt', 'action': 'runnable_timing', 'label': 'dc8b8441-720b-45f2-b8bb-76d74e3795ef', 'context': [<snowplow_tracker.self_describing_json.SelfDescribingJson object at 0x7fb497921470>]}
[0m23:06:04.829403 [info ] [MainThread]: 
[0m23:06:04.829930 [info ] [MainThread]: Concurrency: 4 threads (target='dev')
[0m23:06:04.830318 [info ] [MainThread]: 
[0m23:06:04.831013 [debug] [MainThread]: Acquiring new trino connection 'master'
[0m23:06:04.838148 [debug] [ThreadPool]: Acquiring new trino connection 'list_iceberg_gold'
[0m23:06:04.856776 [debug] [ThreadPool]: Acquiring new trino connection 'list_iceberg_silver'
[0m23:06:04.902724 [debug] [ThreadPool]: Using trino connection "list_iceberg_gold"
[0m23:06:04.905564 [debug] [ThreadPool]: Using trino connection "list_iceberg_silver"
[0m23:06:04.906100 [debug] [ThreadPool]: On list_iceberg_gold: /* {"app": "dbt", "dbt_version": "1.12.4", "profile_name": "f1_lakehouse", "target_name": "dev", "connection_name": "list_iceberg_gold"} */
select
      t.table_catalog as database,
      t.table_name as name,
      t.table_schema as schema,
      case when mv.name is not null then 'materialized_view'
           when t.table_type = 'BASE TABLE' then 'table'
           when t.table_type = 'VIEW' then 'view'
           else t.table_type
      end as table_type
    from "iceberg".INFORMATION_SCHEMA.tables t
    left join (
            select * from system.metadata.materialized_views
            where catalog_name = 'iceberg'
              and schema_name = 'gold') mv
          on mv.catalog_name = t.table_catalog and mv.schema_name = t.table_schema and mv.name = t.table_name
    where t.table_schema = 'gold'
[0m23:06:04.906649 [debug] [ThreadPool]: On list_iceberg_silver: /* {"app": "dbt", "dbt_version": "1.12.4", "profile_name": "f1_lakehouse", "target_name": "dev", "connection_name": "list_iceberg_silver"} */
select
      t.table_catalog as database,
      t.table_name as name,
      t.table_schema as schema,
      case when mv.name is not null then 'materialized_view'
           when t.table_type = 'BASE TABLE' then 'table'
           when t.table_type = 'VIEW' then 'view'
           else t.table_type
      end as table_type
    from "iceberg".INFORMATION_SCHEMA.tables t
    left join (
            select * from system.metadata.materialized_views
            where catalog_name = 'iceberg'
              and schema_name = 'silver') mv
          on mv.catalog_name = t.table_catalog and mv.schema_name = t.table_schema and mv.name = t.table_name
    where t.table_schema = 'silver'
[0m23:06:04.907283 [debug] [ThreadPool]: Opening a new connection, currently in state init
[0m23:06:04.907760 [debug] [ThreadPool]: Opening a new connection, currently in state init
[0m23:06:04.908182 [warn ] [ThreadPool]: [[33mWARNING[0m]: SSL certificate validation is disabled by default. It is legacy behavior which will be changed in future releases. It is strongly advised to enable `require_certificate_validation` flag or explicitly set `cert` configuration to `True` for security reasons. You may receive an error after that if your SSL setup is incorrect.
You may opt into the new behavior sooner by setting `flags.require_certificate_validation` to `True` in `dbt_project.yml`.
Visit https://docs.getdbt.com/reference/global-configs/behavior-changes for more information.
[0m23:06:04.908693 [warn ] [ThreadPool]: [[33mWARNING[0m]: SSL certificate validation is disabled by default. It is legacy behavior which will be changed in future releases. It is strongly advised to enable `require_certificate_validation` flag or explicitly set `cert` configuration to `True` for security reasons. You may receive an error after that if your SSL setup is incorrect.
You may opt into the new behavior sooner by setting `flags.require_certificate_validation` to `True` in `dbt_project.yml`.
Visit https://docs.getdbt.com/reference/global-configs/behavior-changes for more information.
[0m23:06:04.909340 [debug] [ThreadPool]: Sending event: {'category': 'dbt', 'action': 'BehaviorChangeEvent', 'label': 'dc8b8441-720b-45f2-b8bb-76d74e3795ef', 'context': [<snowplow_tracker.self_describing_json.SelfDescribingJson object at 0x7fb496504600>]}
[0m23:06:04.909864 [debug] [ThreadPool]: Sending event: {'category': 'dbt', 'action': 'BehaviorChangeEvent', 'label': 'dc8b8441-720b-45f2-b8bb-76d74e3795ef', 'context': [<snowplow_tracker.self_describing_json.SelfDescribingJson object at 0x7fb4978e5c10>]}
[0m23:06:05.077598 [debug] [ThreadPool]: SQL status: SUCCESS in 0.170 seconds
[0m23:06:05.083690 [debug] [ThreadPool]: On list_iceberg_gold: ROLLBACK
[0m23:06:05.085573 [debug] [ThreadPool]: On list_iceberg_gold: Close
[0m23:06:05.125007 [debug] [ThreadPool]: SQL status: SUCCESS in 0.217 seconds
[0m23:06:05.127139 [debug] [ThreadPool]: On list_iceberg_silver: ROLLBACK
[0m23:06:05.127673 [debug] [ThreadPool]: On list_iceberg_silver: Close
[0m23:06:05.130845 [debug] [MainThread]: Sending event: {'category': 'dbt', 'action': 'runnable_timing', 'label': 'dc8b8441-720b-45f2-b8bb-76d74e3795ef', 'context': [<snowplow_tracker.self_describing_json.SelfDescribingJson object at 0x7fb4978c6990>]}
[0m23:06:05.132283 [debug] [MainThread]: On master: COMMIT
[0m23:06:05.140655 [debug] [Thread-3 (]: Began running node test.f1_lakehouse.not_null_race_driver_performance_avg_lap_seconds.64634b7579
[0m23:06:05.142052 [debug] [Thread-1 (]: Began running node test.f1_lakehouse.no_duplicate_gold_driver_performance
[0m23:06:05.143350 [debug] [Thread-2 (]: Began running node test.f1_lakehouse.no_duplicate_silver_laps
[0m23:06:05.144615 [info ] [Thread-3 (]: 3 of 31 START test not_null_race_driver_performance_avg_lap_seconds ............ [RUN]
[0m23:06:05.146017 [info ] [Thread-1 (]: 1 of 31 START test no_duplicate_gold_driver_performance ........................ [RUN]
[0m23:06:05.147302 [info ] [Thread-2 (]: 2 of 31 START test no_duplicate_silver_laps .................................... [RUN]
[0m23:06:05.149051 [debug] [Thread-3 (]: Acquiring new trino connection 'test.f1_lakehouse.not_null_race_driver_performance_avg_lap_seconds.64634b7579'
[0m23:06:05.150433 [debug] [Thread-4 (]: Began running node test.f1_lakehouse.not_null_race_driver_performance_driver_code.d00b8aaad1
[0m23:06:05.152119 [debug] [Thread-1 (]: Re-using an available connection from the pool (formerly list_iceberg_silver, now test.f1_lakehouse.no_duplicate_gold_driver_performance)
[0m23:06:05.153475 [debug] [Thread-2 (]: Re-using an available connection from the pool (formerly list_iceberg_gold, now test.f1_lakehouse.no_duplicate_silver_laps)
[0m23:06:05.154706 [debug] [Thread-3 (]: Began compiling node test.f1_lakehouse.not_null_race_driver_performance_avg_lap_seconds.64634b7579
[0m23:06:05.156050 [info ] [Thread-4 (]: 4 of 31 START test not_null_race_driver_performance_driver_code ................ [RUN]
[0m23:06:05.157542 [debug] [Thread-1 (]: Began compiling node test.f1_lakehouse.no_duplicate_gold_driver_performance
[0m23:06:05.158984 [debug] [Thread-2 (]: Began compiling node test.f1_lakehouse.no_duplicate_silver_laps
[0m23:06:05.166552 [debug] [Thread-4 (]: Acquiring new trino connection 'test.f1_lakehouse.not_null_race_driver_performance_driver_code.d00b8aaad1'
[0m23:06:05.180988 [debug] [Thread-1 (]: Writing injected SQL for node "test.f1_lakehouse.no_duplicate_gold_driver_performance"
[0m23:06:05.190652 [debug] [Thread-2 (]: Writing injected SQL for node "test.f1_lakehouse.no_duplicate_silver_laps"
[0m23:06:05.194390 [debug] [Thread-3 (]: Writing injected SQL for node "test.f1_lakehouse.not_null_race_driver_performance_avg_lap_seconds.64634b7579"
[0m23:06:05.195309 [debug] [Thread-4 (]: Began compiling node test.f1_lakehouse.not_null_race_driver_performance_driver_code.d00b8aaad1
[0m23:06:05.209589 [debug] [Thread-4 (]: Writing injected SQL for node "test.f1_lakehouse.not_null_race_driver_performance_driver_code.d00b8aaad1"
[0m23:06:05.210642 [debug] [Thread-1 (]: Began executing node test.f1_lakehouse.no_duplicate_gold_driver_performance
[0m23:06:05.217211 [debug] [Thread-2 (]: Began executing node test.f1_lakehouse.no_duplicate_silver_laps
[0m23:06:05.233716 [debug] [Thread-4 (]: Began executing node test.f1_lakehouse.not_null_race_driver_performance_driver_code.d00b8aaad1
[0m23:06:05.290264 [debug] [Thread-2 (]: Writing runtime sql for node "test.f1_lakehouse.no_duplicate_silver_laps"
[0m23:06:05.291326 [debug] [Thread-1 (]: Writing runtime sql for node "test.f1_lakehouse.no_duplicate_gold_driver_performance"
[0m23:06:05.292354 [debug] [Thread-3 (]: Began executing node test.f1_lakehouse.not_null_race_driver_performance_avg_lap_seconds.64634b7579
[0m23:06:05.296280 [debug] [Thread-4 (]: Writing runtime sql for node "test.f1_lakehouse.not_null_race_driver_performance_driver_code.d00b8aaad1"
[0m23:06:05.299945 [debug] [Thread-3 (]: Writing runtime sql for node "test.f1_lakehouse.not_null_race_driver_performance_avg_lap_seconds.64634b7579"
[0m23:06:05.303036 [debug] [Thread-2 (]: Using trino connection "test.f1_lakehouse.no_duplicate_silver_laps"
[0m23:06:05.306796 [debug] [Thread-1 (]: Using trino connection "test.f1_lakehouse.no_duplicate_gold_driver_performance"
[0m23:06:05.308050 [debug] [Thread-2 (]: On test.f1_lakehouse.no_duplicate_silver_laps: /* {"app": "dbt", "dbt_version": "1.12.4", "profile_name": "f1_lakehouse", "target_name": "dev", "node_id": "test.f1_lakehouse.no_duplicate_silver_laps"} */

    
    select
      count(*) as failures,
      count(*) != 0 as should_warn,
      count(*) != 0 as should_error
    from (
      
    
  select
    season,
    event_slug,
    session_type,
    driver_code,
    lap_number,
    count(*) as record_count

from "iceberg"."silver"."silver_laps"

group by
    season,
    event_slug,
    session_type,
    driver_code,
    lap_number

having count(*) > 1
  
  
      
    ) dbt_internal_test
[0m23:06:05.309264 [debug] [Thread-1 (]: On test.f1_lakehouse.no_duplicate_gold_driver_performance: /* {"app": "dbt", "dbt_version": "1.12.4", "profile_name": "f1_lakehouse", "target_name": "dev", "node_id": "test.f1_lakehouse.no_duplicate_gold_driver_performance"} */

    
    select
      count(*) as failures,
      count(*) != 0 as should_warn,
      count(*) != 0 as should_error
    from (
      
    
  select
    season,
    event_slug,
    session_type,
    driver_code,
    count(*) as record_count

from "iceberg"."gold"."race_driver_performance"

group by
    season,
    event_slug,
    session_type,
    driver_code

having count(*) > 1
  
  
      
    ) dbt_internal_test
[0m23:06:05.310251 [debug] [Thread-2 (]: Opening a new connection, currently in state closed
[0m23:06:05.312555 [debug] [Thread-4 (]: Using trino connection "test.f1_lakehouse.not_null_race_driver_performance_driver_code.d00b8aaad1"
[0m23:06:05.313300 [debug] [Thread-1 (]: Opening a new connection, currently in state closed
[0m23:06:05.317418 [debug] [Thread-3 (]: Using trino connection "test.f1_lakehouse.not_null_race_driver_performance_avg_lap_seconds.64634b7579"
[0m23:06:05.318375 [debug] [Thread-4 (]: On test.f1_lakehouse.not_null_race_driver_performance_driver_code.d00b8aaad1: /* {"app": "dbt", "dbt_version": "1.12.4", "profile_name": "f1_lakehouse", "target_name": "dev", "node_id": "test.f1_lakehouse.not_null_race_driver_performance_driver_code.d00b8aaad1"} */

    
    select
      count(*) as failures,
      count(*) != 0 as should_warn,
      count(*) != 0 as should_error
    from (
      
    
  
    
    



select driver_code
from "iceberg"."gold"."race_driver_performance"
where driver_code is null



  
  
      
    ) dbt_internal_test
[0m23:06:05.320479 [debug] [Thread-3 (]: On test.f1_lakehouse.not_null_race_driver_performance_avg_lap_seconds.64634b7579: /* {"app": "dbt", "dbt_version": "1.12.4", "profile_name": "f1_lakehouse", "target_name": "dev", "node_id": "test.f1_lakehouse.not_null_race_driver_performance_avg_lap_seconds.64634b7579"} */

    
    select
      count(*) as failures,
      count(*) != 0 as should_warn,
      count(*) != 0 as should_error
    from (
      
    
  
    
    



select avg_lap_seconds
from "iceberg"."gold"."race_driver_performance"
where avg_lap_seconds is null



  
  
      
    ) dbt_internal_test
[0m23:06:05.321273 [debug] [Thread-4 (]: Opening a new connection, currently in state init
[0m23:06:05.322232 [debug] [Thread-3 (]: Opening a new connection, currently in state init
[0m23:06:05.530587 [debug] [Thread-4 (]: SQL status: SUCCESS in 0.209 seconds
[0m23:06:05.553062 [debug] [Thread-4 (]: On test.f1_lakehouse.not_null_race_driver_performance_driver_code.d00b8aaad1: ROLLBACK
[0m23:06:05.555311 [debug] [Thread-4 (]: On test.f1_lakehouse.not_null_race_driver_performance_driver_code.d00b8aaad1: Close
[0m23:06:05.559348 [info ] [Thread-4 (]: 4 of 31 PASS not_null_race_driver_performance_driver_code ...................... [[32mPASS[0m in 0.39s]
[0m23:06:05.563258 [debug] [Thread-4 (]: Finished running node test.f1_lakehouse.not_null_race_driver_performance_driver_code.d00b8aaad1
[0m23:06:05.565638 [debug] [Thread-4 (]: Began running node test.f1_lakehouse.not_null_race_driver_performance_event_slug.9a1a5023d8
[0m23:06:05.568296 [info ] [Thread-4 (]: 5 of 31 START test not_null_race_driver_performance_event_slug ................. [RUN]
[0m23:06:05.573580 [debug] [Thread-4 (]: Re-using an available connection from the pool (formerly test.f1_lakehouse.not_null_race_driver_performance_driver_code.d00b8aaad1, now test.f1_lakehouse.not_null_race_driver_performance_event_slug.9a1a5023d8)
[0m23:06:05.575278 [debug] [Thread-4 (]: Began compiling node test.f1_lakehouse.not_null_race_driver_performance_event_slug.9a1a5023d8
[0m23:06:05.596010 [debug] [Thread-3 (]: SQL status: SUCCESS in 0.273 seconds
[0m23:06:05.616417 [debug] [Thread-3 (]: On test.f1_lakehouse.not_null_race_driver_performance_avg_lap_seconds.64634b7579: ROLLBACK
[0m23:06:05.623705 [debug] [Thread-3 (]: On test.f1_lakehouse.not_null_race_driver_performance_avg_lap_seconds.64634b7579: Close
[0m23:06:05.631754 [debug] [Thread-4 (]: Writing injected SQL for node "test.f1_lakehouse.not_null_race_driver_performance_event_slug.9a1a5023d8"
[0m23:06:05.626624 [info ] [Thread-3 (]: 3 of 31 PASS not_null_race_driver_performance_avg_lap_seconds .................. [[32mPASS[0m in 0.48s]
[0m23:06:05.638592 [debug] [Thread-3 (]: Finished running node test.f1_lakehouse.not_null_race_driver_performance_avg_lap_seconds.64634b7579
[0m23:06:05.644315 [debug] [Thread-3 (]: Began running node test.f1_lakehouse.not_null_race_driver_performance_season.67b10c0cb5
[0m23:06:05.645964 [info ] [Thread-3 (]: 6 of 31 START test not_null_race_driver_performance_season ..................... [RUN]
[0m23:06:05.647072 [debug] [Thread-3 (]: Re-using an available connection from the pool (formerly test.f1_lakehouse.not_null_race_driver_performance_avg_lap_seconds.64634b7579, now test.f1_lakehouse.not_null_race_driver_performance_season.67b10c0cb5)
[0m23:06:05.647703 [debug] [Thread-3 (]: Began compiling node test.f1_lakehouse.not_null_race_driver_performance_season.67b10c0cb5
[0m23:06:05.657297 [debug] [Thread-3 (]: Writing injected SQL for node "test.f1_lakehouse.not_null_race_driver_performance_season.67b10c0cb5"
[0m23:06:05.658913 [debug] [Thread-4 (]: Began executing node test.f1_lakehouse.not_null_race_driver_performance_event_slug.9a1a5023d8
[0m23:06:05.661070 [debug] [Thread-4 (]: Writing runtime sql for node "test.f1_lakehouse.not_null_race_driver_performance_event_slug.9a1a5023d8"
[0m23:06:05.663028 [debug] [Thread-2 (]: SQL status: SUCCESS in 0.353 seconds
[0m23:06:05.664551 [debug] [Thread-1 (]: SQL status: SUCCESS in 0.351 seconds
[0m23:06:05.668676 [debug] [Thread-2 (]: On test.f1_lakehouse.no_duplicate_silver_laps: ROLLBACK
[0m23:06:05.672608 [debug] [Thread-1 (]: On test.f1_lakehouse.no_duplicate_gold_driver_performance: ROLLBACK
[0m23:06:05.673637 [debug] [Thread-3 (]: Began executing node test.f1_lakehouse.not_null_race_driver_performance_season.67b10c0cb5
[0m23:06:05.677191 [debug] [Thread-4 (]: Using trino connection "test.f1_lakehouse.not_null_race_driver_performance_event_slug.9a1a5023d8"
[0m23:06:05.678527 [debug] [Thread-2 (]: On test.f1_lakehouse.no_duplicate_silver_laps: Close
[0m23:06:05.679687 [debug] [Thread-1 (]: On test.f1_lakehouse.no_duplicate_gold_driver_performance: Close
[0m23:06:05.682616 [debug] [Thread-3 (]: Writing runtime sql for node "test.f1_lakehouse.not_null_race_driver_performance_season.67b10c0cb5"
[0m23:06:05.683871 [debug] [Thread-4 (]: On test.f1_lakehouse.not_null_race_driver_performance_event_slug.9a1a5023d8: /* {"app": "dbt", "dbt_version": "1.12.4", "profile_name": "f1_lakehouse", "target_name": "dev", "node_id": "test.f1_lakehouse.not_null_race_driver_performance_event_slug.9a1a5023d8"} */

    
    select
      count(*) as failures,
      count(*) != 0 as should_warn,
      count(*) != 0 as should_error
    from (
      
    
  
    
    



select event_slug
from "iceberg"."gold"."race_driver_performance"
where event_slug is null



  
  
      
    ) dbt_internal_test
[0m23:06:05.686347 [info ] [Thread-2 (]: 2 of 31 PASS no_duplicate_silver_laps .......................................... [[32mPASS[0m in 0.53s]
[0m23:06:05.688523 [info ] [Thread-1 (]: 1 of 31 PASS no_duplicate_gold_driver_performance .............................. [[32mPASS[0m in 0.54s]
[0m23:06:05.690060 [debug] [Thread-4 (]: Opening a new connection, currently in state closed
[0m23:06:05.691944 [debug] [Thread-2 (]: Finished running node test.f1_lakehouse.no_duplicate_silver_laps
[0m23:06:05.694331 [debug] [Thread-3 (]: Using trino connection "test.f1_lakehouse.not_null_race_driver_performance_season.67b10c0cb5"
[0m23:06:05.695753 [debug] [Thread-1 (]: Finished running node test.f1_lakehouse.no_duplicate_gold_driver_performance
[0m23:06:05.699251 [debug] [Thread-2 (]: Began running node test.f1_lakehouse.not_null_race_driver_performance_valid_laps.14ae6daa20
[0m23:06:05.699902 [debug] [Thread-3 (]: On test.f1_lakehouse.not_null_race_driver_performance_season.67b10c0cb5: /* {"app": "dbt", "dbt_version": "1.12.4", "profile_name": "f1_lakehouse", "target_name": "dev", "node_id": "test.f1_lakehouse.not_null_race_driver_performance_season.67b10c0cb5"} */

    
    select
      count(*) as failures,
      count(*) != 0 as should_warn,
      count(*) != 0 as should_error
    from (
      
    
  
    
    



select season
from "iceberg"."gold"."race_driver_performance"
where season is null



  
  
      
    ) dbt_internal_test
[0m23:06:05.700878 [debug] [Thread-1 (]: Began running node test.f1_lakehouse.not_null_silver_laps_driver_code.485b9cd37a
[0m23:06:05.702305 [info ] [Thread-2 (]: 7 of 31 START test not_null_race_driver_performance_valid_laps ................. [RUN]
[0m23:06:05.703194 [debug] [Thread-3 (]: Opening a new connection, currently in state closed
[0m23:06:05.704191 [info ] [Thread-1 (]: 8 of 31 START test not_null_silver_laps_driver_code ............................ [RUN]
[0m23:06:05.705490 [debug] [Thread-2 (]: Re-using an available connection from the pool (formerly test.f1_lakehouse.no_duplicate_silver_laps, now test.f1_lakehouse.not_null_race_driver_performance_valid_laps.14ae6daa20)
[0m23:06:05.709272 [debug] [Thread-1 (]: Re-using an available connection from the pool (formerly test.f1_lakehouse.no_duplicate_gold_driver_performance, now test.f1_lakehouse.not_null_silver_laps_driver_code.485b9cd37a)
[0m23:06:05.712256 [debug] [Thread-2 (]: Began compiling node test.f1_lakehouse.not_null_race_driver_performance_valid_laps.14ae6daa20
[0m23:06:05.713412 [debug] [Thread-1 (]: Began compiling node test.f1_lakehouse.not_null_silver_laps_driver_code.485b9cd37a
[0m23:06:05.726955 [debug] [Thread-2 (]: Writing injected SQL for node "test.f1_lakehouse.not_null_race_driver_performance_valid_laps.14ae6daa20"
[0m23:06:05.741164 [debug] [Thread-1 (]: Writing injected SQL for node "test.f1_lakehouse.not_null_silver_laps_driver_code.485b9cd37a"
[0m23:06:05.745450 [debug] [Thread-1 (]: Began executing node test.f1_lakehouse.not_null_silver_laps_driver_code.485b9cd37a
[0m23:06:05.749820 [debug] [Thread-1 (]: Writing runtime sql for node "test.f1_lakehouse.not_null_silver_laps_driver_code.485b9cd37a"
[0m23:06:05.750951 [debug] [Thread-2 (]: Began executing node test.f1_lakehouse.not_null_race_driver_performance_valid_laps.14ae6daa20
[0m23:06:05.755308 [debug] [Thread-2 (]: Writing runtime sql for node "test.f1_lakehouse.not_null_race_driver_performance_valid_laps.14ae6daa20"
[0m23:06:05.762323 [debug] [Thread-1 (]: Using trino connection "test.f1_lakehouse.not_null_silver_laps_driver_code.485b9cd37a"
[0m23:06:05.763379 [debug] [Thread-1 (]: On test.f1_lakehouse.not_null_silver_laps_driver_code.485b9cd37a: /* {"app": "dbt", "dbt_version": "1.12.4", "profile_name": "f1_lakehouse", "target_name": "dev", "node_id": "test.f1_lakehouse.not_null_silver_laps_driver_code.485b9cd37a"} */

    
    select
      count(*) as failures,
      count(*) != 0 as should_warn,
      count(*) != 0 as should_error
    from (
      
    
  
    
    



select driver_code
from "iceberg"."silver"."silver_laps"
where driver_code is null



  
  
      
    ) dbt_internal_test
[0m23:06:05.764086 [debug] [Thread-1 (]: Opening a new connection, currently in state closed
[0m23:06:05.769808 [debug] [Thread-2 (]: Using trino connection "test.f1_lakehouse.not_null_race_driver_performance_valid_laps.14ae6daa20"
[0m23:06:05.771345 [debug] [Thread-2 (]: On test.f1_lakehouse.not_null_race_driver_performance_valid_laps.14ae6daa20: /* {"app": "dbt", "dbt_version": "1.12.4", "profile_name": "f1_lakehouse", "target_name": "dev", "node_id": "test.f1_lakehouse.not_null_race_driver_performance_valid_laps.14ae6daa20"} */

    
    select
      count(*) as failures,
      count(*) != 0 as should_warn,
      count(*) != 0 as should_error
    from (
      
    
  
    
    



select valid_laps
from "iceberg"."gold"."race_driver_performance"
where valid_laps is null



  
  
      
    ) dbt_internal_test
[0m23:06:05.772820 [debug] [Thread-2 (]: Opening a new connection, currently in state closed
[0m23:06:05.859112 [debug] [Thread-4 (]: SQL status: SUCCESS in 0.169 seconds
[0m23:06:05.864425 [debug] [Thread-4 (]: On test.f1_lakehouse.not_null_race_driver_performance_event_slug.9a1a5023d8: ROLLBACK
[0m23:06:05.867518 [debug] [Thread-4 (]: On test.f1_lakehouse.not_null_race_driver_performance_event_slug.9a1a5023d8: Close
[0m23:06:05.870645 [info ] [Thread-4 (]: 5 of 31 PASS not_null_race_driver_performance_event_slug ....................... [[32mPASS[0m in 0.30s]
[0m23:06:05.875251 [debug] [Thread-4 (]: Finished running node test.f1_lakehouse.not_null_race_driver_performance_event_slug.9a1a5023d8
[0m23:06:05.876565 [debug] [Thread-4 (]: Began running node test.f1_lakehouse.not_null_silver_laps_event_slug.cde7249f28
[0m23:06:05.877604 [info ] [Thread-4 (]: 9 of 31 START test not_null_silver_laps_event_slug ............................. [RUN]
[0m23:06:05.879321 [debug] [Thread-4 (]: Re-using an available connection from the pool (formerly test.f1_lakehouse.not_null_race_driver_performance_event_slug.9a1a5023d8, now test.f1_lakehouse.not_null_silver_laps_event_slug.cde7249f28)
[0m23:06:05.880871 [debug] [Thread-4 (]: Began compiling node test.f1_lakehouse.not_null_silver_laps_event_slug.cde7249f28
[0m23:06:05.912718 [debug] [Thread-4 (]: Writing injected SQL for node "test.f1_lakehouse.not_null_silver_laps_event_slug.cde7249f28"
[0m23:06:05.924958 [debug] [Thread-3 (]: SQL status: SUCCESS in 0.221 seconds
[0m23:06:05.933120 [debug] [Thread-3 (]: On test.f1_lakehouse.not_null_race_driver_performance_season.67b10c0cb5: ROLLBACK
[0m23:06:05.935791 [debug] [Thread-3 (]: On test.f1_lakehouse.not_null_race_driver_performance_season.67b10c0cb5: Close
[0m23:06:05.940714 [debug] [Thread-4 (]: Began executing node test.f1_lakehouse.not_null_silver_laps_event_slug.cde7249f28
[0m23:06:05.949733 [debug] [Thread-4 (]: Writing runtime sql for node "test.f1_lakehouse.not_null_silver_laps_event_slug.cde7249f28"
[0m23:06:05.951847 [info ] [Thread-3 (]: 6 of 31 PASS not_null_race_driver_performance_season ........................... [[32mPASS[0m in 0.30s]
[0m23:06:05.953927 [debug] [Thread-2 (]: SQL status: SUCCESS in 0.181 seconds
[0m23:06:05.956461 [debug] [Thread-1 (]: SQL status: SUCCESS in 0.192 seconds
[0m23:06:05.958247 [debug] [Thread-3 (]: Finished running node test.f1_lakehouse.not_null_race_driver_performance_season.67b10c0cb5
[0m23:06:05.963132 [debug] [Thread-2 (]: On test.f1_lakehouse.not_null_race_driver_performance_valid_laps.14ae6daa20: ROLLBACK
[0m23:06:05.967404 [debug] [Thread-4 (]: Using trino connection "test.f1_lakehouse.not_null_silver_laps_event_slug.cde7249f28"
[0m23:06:05.971779 [debug] [Thread-1 (]: On test.f1_lakehouse.not_null_silver_laps_driver_code.485b9cd37a: ROLLBACK
[0m23:06:05.973447 [debug] [Thread-3 (]: Began running node test.f1_lakehouse.not_null_silver_laps_lap_number.bb2186e779
[0m23:06:05.974966 [debug] [Thread-2 (]: On test.f1_lakehouse.not_null_race_driver_performance_valid_laps.14ae6daa20: Close
[0m23:06:05.976319 [debug] [Thread-4 (]: On test.f1_lakehouse.not_null_silver_laps_event_slug.cde7249f28: /* {"app": "dbt", "dbt_version": "1.12.4", "profile_name": "f1_lakehouse", "target_name": "dev", "node_id": "test.f1_lakehouse.not_null_silver_laps_event_slug.cde7249f28"} */

    
    select
      count(*) as failures,
      count(*) != 0 as should_warn,
      count(*) != 0 as should_error
    from (
      
    
  
    
    



select event_slug
from "iceberg"."silver"."silver_laps"
where event_slug is null



  
  
      
    ) dbt_internal_test
[0m23:06:05.977656 [debug] [Thread-1 (]: On test.f1_lakehouse.not_null_silver_laps_driver_code.485b9cd37a: Close
[0m23:06:05.979097 [info ] [Thread-3 (]: 10 of 31 START test not_null_silver_laps_lap_number ............................ [RUN]
[0m23:06:05.980673 [debug] [Thread-4 (]: Opening a new connection, currently in state closed
[0m23:06:05.982634 [info ] [Thread-2 (]: 7 of 31 PASS not_null_race_driver_performance_valid_laps ....................... [[32mPASS[0m in 0.28s]
[0m23:06:05.984605 [info ] [Thread-1 (]: 8 of 31 PASS not_null_silver_laps_driver_code .................................. [[32mPASS[0m in 0.28s]
[0m23:06:05.986036 [debug] [Thread-3 (]: Re-using an available connection from the pool (formerly test.f1_lakehouse.not_null_race_driver_performance_season.67b10c0cb5, now test.f1_lakehouse.not_null_silver_laps_lap_number.bb2186e779)
[0m23:06:05.992739 [debug] [Thread-2 (]: Finished running node test.f1_lakehouse.not_null_race_driver_performance_valid_laps.14ae6daa20
[0m23:06:05.994919 [debug] [Thread-1 (]: Finished running node test.f1_lakehouse.not_null_silver_laps_driver_code.485b9cd37a
[0m23:06:05.996332 [debug] [Thread-3 (]: Began compiling node test.f1_lakehouse.not_null_silver_laps_lap_number.bb2186e779
[0m23:06:05.997995 [debug] [Thread-2 (]: Began running node test.f1_lakehouse.not_null_silver_laps_lap_time_ms.a0e949ff3c
[0m23:06:05.999434 [debug] [Thread-1 (]: Began running node test.f1_lakehouse.not_null_silver_laps_season.8fff702bd2
[0m23:06:06.011702 [info ] [Thread-2 (]: 11 of 31 START test not_null_silver_laps_lap_time_ms ........................... [RUN]
[0m23:06:06.016436 [debug] [Thread-2 (]: Re-using an available connection from the pool (formerly test.f1_lakehouse.not_null_race_driver_performance_valid_laps.14ae6daa20, now test.f1_lakehouse.not_null_silver_laps_lap_time_ms.a0e949ff3c)
[0m23:06:06.017641 [debug] [Thread-2 (]: Began compiling node test.f1_lakehouse.not_null_silver_laps_lap_time_ms.a0e949ff3c
[0m23:06:06.015089 [info ] [Thread-1 (]: 12 of 31 START test not_null_silver_laps_season ................................ [RUN]
[0m23:06:06.038073 [debug] [Thread-3 (]: Writing injected SQL for node "test.f1_lakehouse.not_null_silver_laps_lap_number.bb2186e779"
[0m23:06:06.039052 [debug] [Thread-1 (]: Re-using an available connection from the pool (formerly test.f1_lakehouse.not_null_silver_laps_driver_code.485b9cd37a, now test.f1_lakehouse.not_null_silver_laps_season.8fff702bd2)
[0m23:06:06.044811 [debug] [Thread-2 (]: Writing injected SQL for node "test.f1_lakehouse.not_null_silver_laps_lap_time_ms.a0e949ff3c"
[0m23:06:06.046861 [debug] [Thread-1 (]: Began compiling node test.f1_lakehouse.not_null_silver_laps_season.8fff702bd2
[0m23:06:06.049011 [debug] [Thread-3 (]: Began executing node test.f1_lakehouse.not_null_silver_laps_lap_number.bb2186e779
[0m23:06:06.058819 [debug] [Thread-3 (]: Writing runtime sql for node "test.f1_lakehouse.not_null_silver_laps_lap_number.bb2186e779"
[0m23:06:06.074699 [debug] [Thread-2 (]: Began executing node test.f1_lakehouse.not_null_silver_laps_lap_time_ms.a0e949ff3c
[0m23:06:06.077117 [debug] [Thread-1 (]: Writing injected SQL for node "test.f1_lakehouse.not_null_silver_laps_season.8fff702bd2"
[0m23:06:06.081209 [debug] [Thread-2 (]: Writing runtime sql for node "test.f1_lakehouse.not_null_silver_laps_lap_time_ms.a0e949ff3c"
[0m23:06:06.085717 [debug] [Thread-3 (]: Using trino connection "test.f1_lakehouse.not_null_silver_laps_lap_number.bb2186e779"
[0m23:06:06.089417 [debug] [Thread-3 (]: On test.f1_lakehouse.not_null_silver_laps_lap_number.bb2186e779: /* {"app": "dbt", "dbt_version": "1.12.4", "profile_name": "f1_lakehouse", "target_name": "dev", "node_id": "test.f1_lakehouse.not_null_silver_laps_lap_number.bb2186e779"} */

    
    select
      count(*) as failures,
      count(*) != 0 as should_warn,
      count(*) != 0 as should_error
    from (
      
    
  
    
    



select lap_number
from "iceberg"."silver"."silver_laps"
where lap_number is null



  
  
      
    ) dbt_internal_test
[0m23:06:06.090817 [debug] [Thread-3 (]: Opening a new connection, currently in state closed
[0m23:06:06.094811 [debug] [Thread-1 (]: Began executing node test.f1_lakehouse.not_null_silver_laps_season.8fff702bd2
[0m23:06:06.099977 [debug] [Thread-1 (]: Writing runtime sql for node "test.f1_lakehouse.not_null_silver_laps_season.8fff702bd2"
[0m23:06:06.102546 [debug] [Thread-2 (]: Using trino connection "test.f1_lakehouse.not_null_silver_laps_lap_time_ms.a0e949ff3c"
[0m23:06:06.104226 [debug] [Thread-2 (]: On test.f1_lakehouse.not_null_silver_laps_lap_time_ms.a0e949ff3c: /* {"app": "dbt", "dbt_version": "1.12.4", "profile_name": "f1_lakehouse", "target_name": "dev", "node_id": "test.f1_lakehouse.not_null_silver_laps_lap_time_ms.a0e949ff3c"} */

    
    select
      count(*) as failures,
      count(*) != 0 as should_warn,
      count(*) != 0 as should_error
    from (
      
    
  
    
    



select lap_time_ms
from "iceberg"."silver"."silver_laps"
where lap_time_ms is null



  
  
      
    ) dbt_internal_test
[0m23:06:06.105717 [debug] [Thread-2 (]: Opening a new connection, currently in state closed
[0m23:06:06.114366 [debug] [Thread-1 (]: Using trino connection "test.f1_lakehouse.not_null_silver_laps_season.8fff702bd2"
[0m23:06:06.117659 [debug] [Thread-1 (]: On test.f1_lakehouse.not_null_silver_laps_season.8fff702bd2: /* {"app": "dbt", "dbt_version": "1.12.4", "profile_name": "f1_lakehouse", "target_name": "dev", "node_id": "test.f1_lakehouse.not_null_silver_laps_season.8fff702bd2"} */

    
    select
      count(*) as failures,
      count(*) != 0 as should_warn,
      count(*) != 0 as should_error
    from (
      
    
  
    
    



select season
from "iceberg"."silver"."silver_laps"
where season is null



  
  
      
    ) dbt_internal_test
[0m23:06:06.120084 [debug] [Thread-1 (]: Opening a new connection, currently in state closed
[0m23:06:06.176002 [debug] [Thread-4 (]: SQL status: SUCCESS in 0.195 seconds
[0m23:06:06.181241 [debug] [Thread-4 (]: On test.f1_lakehouse.not_null_silver_laps_event_slug.cde7249f28: ROLLBACK
[0m23:06:06.182251 [debug] [Thread-4 (]: On test.f1_lakehouse.not_null_silver_laps_event_slug.cde7249f28: Close
[0m23:06:06.183782 [info ] [Thread-4 (]: 9 of 31 PASS not_null_silver_laps_event_slug ................................... [[32mPASS[0m in 0.30s]
[0m23:06:06.184986 [debug] [Thread-4 (]: Finished running node test.f1_lakehouse.not_null_silver_laps_event_slug.cde7249f28
[0m23:06:06.185728 [debug] [Thread-4 (]: Began running node test.f1_lakehouse.not_null_silver_results_driver_code.76dd8fa226
[0m23:06:06.186522 [info ] [Thread-4 (]: 13 of 31 START test not_null_silver_results_driver_code ........................ [RUN]
[0m23:06:06.187488 [debug] [Thread-4 (]: Re-using an available connection from the pool (formerly test.f1_lakehouse.not_null_silver_laps_event_slug.cde7249f28, now test.f1_lakehouse.not_null_silver_results_driver_code.76dd8fa226)
[0m23:06:06.188213 [debug] [Thread-4 (]: Began compiling node test.f1_lakehouse.not_null_silver_results_driver_code.76dd8fa226
[0m23:06:06.199216 [debug] [Thread-4 (]: Writing injected SQL for node "test.f1_lakehouse.not_null_silver_results_driver_code.76dd8fa226"
[0m23:06:06.200578 [debug] [Thread-4 (]: Began executing node test.f1_lakehouse.not_null_silver_results_driver_code.76dd8fa226
[0m23:06:06.204021 [debug] [Thread-4 (]: Writing runtime sql for node "test.f1_lakehouse.not_null_silver_results_driver_code.76dd8fa226"
[0m23:06:06.208506 [debug] [Thread-4 (]: Using trino connection "test.f1_lakehouse.not_null_silver_results_driver_code.76dd8fa226"
[0m23:06:06.209676 [debug] [Thread-4 (]: On test.f1_lakehouse.not_null_silver_results_driver_code.76dd8fa226: /* {"app": "dbt", "dbt_version": "1.12.4", "profile_name": "f1_lakehouse", "target_name": "dev", "node_id": "test.f1_lakehouse.not_null_silver_results_driver_code.76dd8fa226"} */

    
    select
      count(*) as failures,
      count(*) != 0 as should_warn,
      count(*) != 0 as should_error
    from (
      
    
  
    
    



select driver_code
from "iceberg"."silver"."silver_results"
where driver_code is null



  
  
      
    ) dbt_internal_test
[0m23:06:06.214383 [debug] [Thread-4 (]: Opening a new connection, currently in state closed
[0m23:06:06.368473 [debug] [Thread-3 (]: SQL status: SUCCESS in 0.277 seconds
[0m23:06:06.373158 [debug] [Thread-3 (]: On test.f1_lakehouse.not_null_silver_laps_lap_number.bb2186e779: ROLLBACK
[0m23:06:06.377327 [debug] [Thread-2 (]: SQL status: SUCCESS in 0.271 seconds
[0m23:06:06.379119 [debug] [Thread-3 (]: On test.f1_lakehouse.not_null_silver_laps_lap_number.bb2186e779: Close
[0m23:06:06.385779 [debug] [Thread-2 (]: On test.f1_lakehouse.not_null_silver_laps_lap_time_ms.a0e949ff3c: ROLLBACK
[0m23:06:06.387676 [debug] [Thread-1 (]: SQL status: SUCCESS in 0.268 seconds
[0m23:06:06.392778 [debug] [Thread-2 (]: On test.f1_lakehouse.not_null_silver_laps_lap_time_ms.a0e949ff3c: Close
[0m23:06:06.391471 [info ] [Thread-3 (]: 10 of 31 PASS not_null_silver_laps_lap_number .................................. [[32mPASS[0m in 0.41s]
[0m23:06:06.398446 [debug] [Thread-1 (]: On test.f1_lakehouse.not_null_silver_laps_season.8fff702bd2: ROLLBACK
[0m23:06:06.401556 [debug] [Thread-3 (]: Finished running node test.f1_lakehouse.not_null_silver_laps_lap_number.bb2186e779
[0m23:06:06.404742 [info ] [Thread-2 (]: 11 of 31 PASS not_null_silver_laps_lap_time_ms ................................. [[32mPASS[0m in 0.39s]
[0m23:06:06.407293 [debug] [Thread-1 (]: On test.f1_lakehouse.not_null_silver_laps_season.8fff702bd2: Close
[0m23:06:06.410032 [debug] [Thread-3 (]: Began running node test.f1_lakehouse.not_null_silver_results_event_slug.a03711c975
[0m23:06:06.413889 [debug] [Thread-2 (]: Finished running node test.f1_lakehouse.not_null_silver_laps_lap_time_ms.a0e949ff3c
[0m23:06:06.417344 [info ] [Thread-1 (]: 12 of 31 PASS not_null_silver_laps_season ...................................... [[32mPASS[0m in 0.38s]
[0m23:06:06.421814 [debug] [Thread-2 (]: Began running node test.f1_lakehouse.not_null_silver_results_position.3eabe38b8e
[0m23:06:06.419485 [info ] [Thread-3 (]: 14 of 31 START test not_null_silver_results_event_slug ......................... [RUN]
[0m23:06:06.424185 [debug] [Thread-1 (]: Finished running node test.f1_lakehouse.not_null_silver_laps_season.8fff702bd2
[0m23:06:06.426658 [info ] [Thread-2 (]: 15 of 31 START test not_null_silver_results_position ........................... [RUN]
[0m23:06:06.428491 [debug] [Thread-3 (]: Re-using an available connection from the pool (formerly test.f1_lakehouse.not_null_silver_laps_lap_number.bb2186e779, now test.f1_lakehouse.not_null_silver_results_event_slug.a03711c975)
[0m23:06:06.432006 [debug] [Thread-1 (]: Began running node test.f1_lakehouse.not_null_silver_results_season.6a71e3dc5d
[0m23:06:06.434154 [debug] [Thread-2 (]: Re-using an available connection from the pool (formerly test.f1_lakehouse.not_null_silver_laps_lap_time_ms.a0e949ff3c, now test.f1_lakehouse.not_null_silver_results_position.3eabe38b8e)
[0m23:06:06.435234 [debug] [Thread-3 (]: Began compiling node test.f1_lakehouse.not_null_silver_results_event_slug.a03711c975
[0m23:06:06.437599 [debug] [Thread-4 (]: SQL status: SUCCESS in 0.223 seconds
[0m23:06:06.439184 [info ] [Thread-1 (]: 16 of 31 START test not_null_silver_results_season ............................. [RUN]
[0m23:06:06.440509 [debug] [Thread-2 (]: Began compiling node test.f1_lakehouse.not_null_silver_results_position.3eabe38b8e
[0m23:06:06.454380 [debug] [Thread-3 (]: Writing injected SQL for node "test.f1_lakehouse.not_null_silver_results_event_slug.a03711c975"
[0m23:06:06.458190 [debug] [Thread-4 (]: On test.f1_lakehouse.not_null_silver_results_driver_code.76dd8fa226: ROLLBACK
[0m23:06:06.459652 [debug] [Thread-1 (]: Re-using an available connection from the pool (formerly test.f1_lakehouse.not_null_silver_laps_season.8fff702bd2, now test.f1_lakehouse.not_null_silver_results_season.6a71e3dc5d)
[0m23:06:06.471549 [debug] [Thread-4 (]: On test.f1_lakehouse.not_null_silver_results_driver_code.76dd8fa226: Close
[0m23:06:06.476169 [debug] [Thread-2 (]: Writing injected SQL for node "test.f1_lakehouse.not_null_silver_results_position.3eabe38b8e"
[0m23:06:06.477707 [debug] [Thread-1 (]: Began compiling node test.f1_lakehouse.not_null_silver_results_season.6a71e3dc5d
[0m23:06:06.481699 [debug] [Thread-3 (]: Began executing node test.f1_lakehouse.not_null_silver_results_event_slug.a03711c975
[0m23:06:06.480473 [info ] [Thread-4 (]: 13 of 31 PASS not_null_silver_results_driver_code .............................. [[32mPASS[0m in 0.29s]
[0m23:06:06.491995 [debug] [Thread-3 (]: Writing runtime sql for node "test.f1_lakehouse.not_null_silver_results_event_slug.a03711c975"
[0m23:06:06.499569 [debug] [Thread-2 (]: Began executing node test.f1_lakehouse.not_null_silver_results_position.3eabe38b8e
[0m23:06:06.501470 [debug] [Thread-4 (]: Finished running node test.f1_lakehouse.not_null_silver_results_driver_code.76dd8fa226
[0m23:06:06.505222 [debug] [Thread-1 (]: Writing injected SQL for node "test.f1_lakehouse.not_null_silver_results_season.6a71e3dc5d"
[0m23:06:06.508763 [debug] [Thread-2 (]: Writing runtime sql for node "test.f1_lakehouse.not_null_silver_results_position.3eabe38b8e"
[0m23:06:06.509747 [debug] [Thread-4 (]: Began running node test.f1_lakehouse.not_null_silver_results_session_type.a859c54406
[0m23:06:06.513446 [debug] [Thread-3 (]: Using trino connection "test.f1_lakehouse.not_null_silver_results_event_slug.a03711c975"
[0m23:06:06.514725 [info ] [Thread-4 (]: 17 of 31 START test not_null_silver_results_session_type ....................... [RUN]
[0m23:06:06.515890 [debug] [Thread-3 (]: On test.f1_lakehouse.not_null_silver_results_event_slug.a03711c975: /* {"app": "dbt", "dbt_version": "1.12.4", "profile_name": "f1_lakehouse", "target_name": "dev", "node_id": "test.f1_lakehouse.not_null_silver_results_event_slug.a03711c975"} */

    
    select
      count(*) as failures,
      count(*) != 0 as should_warn,
      count(*) != 0 as should_error
    from (
      
    
  
    
    



select event_slug
from "iceberg"."silver"."silver_results"
where event_slug is null



  
  
      
    ) dbt_internal_test
[0m23:06:06.516876 [debug] [Thread-1 (]: Began executing node test.f1_lakehouse.not_null_silver_results_season.6a71e3dc5d
[0m23:06:06.519737 [debug] [Thread-2 (]: Using trino connection "test.f1_lakehouse.not_null_silver_results_position.3eabe38b8e"
[0m23:06:06.521007 [debug] [Thread-4 (]: Re-using an available connection from the pool (formerly test.f1_lakehouse.not_null_silver_results_driver_code.76dd8fa226, now test.f1_lakehouse.not_null_silver_results_session_type.a859c54406)
[0m23:06:06.522470 [debug] [Thread-3 (]: Opening a new connection, currently in state closed
[0m23:06:06.528043 [debug] [Thread-1 (]: Writing runtime sql for node "test.f1_lakehouse.not_null_silver_results_season.6a71e3dc5d"
[0m23:06:06.529454 [debug] [Thread-2 (]: On test.f1_lakehouse.not_null_silver_results_position.3eabe38b8e: /* {"app": "dbt", "dbt_version": "1.12.4", "profile_name": "f1_lakehouse", "target_name": "dev", "node_id": "test.f1_lakehouse.not_null_silver_results_position.3eabe38b8e"} */

    
    select
      count(*) as failures,
      count(*) != 0 as should_warn,
      count(*) != 0 as should_error
    from (
      
    
  
    
    



select position
from "iceberg"."silver"."silver_results"
where position is null



  
  
      
    ) dbt_internal_test
[0m23:06:06.531212 [debug] [Thread-4 (]: Began compiling node test.f1_lakehouse.not_null_silver_results_session_type.a859c54406
[0m23:06:06.535386 [debug] [Thread-2 (]: Opening a new connection, currently in state closed
[0m23:06:06.549165 [debug] [Thread-4 (]: Writing injected SQL for node "test.f1_lakehouse.not_null_silver_results_session_type.a859c54406"
[0m23:06:06.553217 [debug] [Thread-1 (]: Using trino connection "test.f1_lakehouse.not_null_silver_results_season.6a71e3dc5d"
[0m23:06:06.556270 [debug] [Thread-1 (]: On test.f1_lakehouse.not_null_silver_results_season.6a71e3dc5d: /* {"app": "dbt", "dbt_version": "1.12.4", "profile_name": "f1_lakehouse", "target_name": "dev", "node_id": "test.f1_lakehouse.not_null_silver_results_season.6a71e3dc5d"} */

    
    select
      count(*) as failures,
      count(*) != 0 as should_warn,
      count(*) != 0 as should_error
    from (
      
    
  
    
    



select season
from "iceberg"."silver"."silver_results"
where season is null



  
  
      
    ) dbt_internal_test
[0m23:06:06.557617 [debug] [Thread-1 (]: Opening a new connection, currently in state closed
[0m23:06:06.560795 [debug] [Thread-4 (]: Began executing node test.f1_lakehouse.not_null_silver_results_session_type.a859c54406
[0m23:06:06.567345 [debug] [Thread-4 (]: Writing runtime sql for node "test.f1_lakehouse.not_null_silver_results_session_type.a859c54406"
[0m23:06:06.575144 [debug] [Thread-4 (]: Using trino connection "test.f1_lakehouse.not_null_silver_results_session_type.a859c54406"
[0m23:06:06.577847 [debug] [Thread-4 (]: On test.f1_lakehouse.not_null_silver_results_session_type.a859c54406: /* {"app": "dbt", "dbt_version": "1.12.4", "profile_name": "f1_lakehouse", "target_name": "dev", "node_id": "test.f1_lakehouse.not_null_silver_results_session_type.a859c54406"} */

    
    select
      count(*) as failures,
      count(*) != 0 as should_warn,
      count(*) != 0 as should_error
    from (
      
    
  
    
    



select session_type
from "iceberg"."silver"."silver_results"
where session_type is null



  
  
      
    ) dbt_internal_test
[0m23:06:06.580553 [debug] [Thread-4 (]: Opening a new connection, currently in state closed
[0m23:06:06.782506 [debug] [Thread-3 (]: SQL status: SUCCESS in 0.260 seconds
[0m23:06:06.793967 [debug] [Thread-3 (]: On test.f1_lakehouse.not_null_silver_results_event_slug.a03711c975: ROLLBACK
[0m23:06:06.795569 [debug] [Thread-3 (]: On test.f1_lakehouse.not_null_silver_results_event_slug.a03711c975: Close
[0m23:06:06.800971 [info ] [Thread-3 (]: 14 of 31 PASS not_null_silver_results_event_slug ............................... [[32mPASS[0m in 0.37s]
[0m23:06:06.806574 [debug] [Thread-3 (]: Finished running node test.f1_lakehouse.not_null_silver_results_event_slug.a03711c975
[0m23:06:06.808739 [debug] [Thread-3 (]: Began running node test.f1_lakehouse.not_null_silver_weather_event_slug.83e41644f8
[0m23:06:06.813135 [info ] [Thread-3 (]: 18 of 31 START test not_null_silver_weather_event_slug ......................... [RUN]
[0m23:06:06.814154 [debug] [Thread-3 (]: Re-using an available connection from the pool (formerly test.f1_lakehouse.not_null_silver_results_event_slug.a03711c975, now test.f1_lakehouse.not_null_silver_weather_event_slug.83e41644f8)
[0m23:06:06.818798 [debug] [Thread-3 (]: Began compiling node test.f1_lakehouse.not_null_silver_weather_event_slug.83e41644f8
[0m23:06:06.820603 [debug] [Thread-2 (]: SQL status: SUCCESS in 0.285 seconds
[0m23:06:06.823043 [debug] [Thread-4 (]: SQL status: SUCCESS in 0.243 seconds
[0m23:06:06.832261 [debug] [Thread-2 (]: On test.f1_lakehouse.not_null_silver_results_position.3eabe38b8e: ROLLBACK
[0m23:06:06.837671 [debug] [Thread-3 (]: Writing injected SQL for node "test.f1_lakehouse.not_null_silver_weather_event_slug.83e41644f8"
[0m23:06:06.841229 [debug] [Thread-4 (]: On test.f1_lakehouse.not_null_silver_results_session_type.a859c54406: ROLLBACK
[0m23:06:06.842433 [debug] [Thread-1 (]: SQL status: SUCCESS in 0.285 seconds
[0m23:06:06.843739 [debug] [Thread-2 (]: On test.f1_lakehouse.not_null_silver_results_position.3eabe38b8e: Close
[0m23:06:06.845299 [debug] [Thread-4 (]: On test.f1_lakehouse.not_null_silver_results_session_type.a859c54406: Close
[0m23:06:06.849279 [debug] [Thread-1 (]: On test.f1_lakehouse.not_null_silver_results_season.6a71e3dc5d: ROLLBACK
[0m23:06:06.850645 [debug] [Thread-3 (]: Began executing node test.f1_lakehouse.not_null_silver_weather_event_slug.83e41644f8
[0m23:06:06.852207 [info ] [Thread-2 (]: 15 of 31 PASS not_null_silver_results_position ................................. [[32mPASS[0m in 0.42s]
[0m23:06:06.853860 [info ] [Thread-4 (]: 17 of 31 PASS not_null_silver_results_session_type ............................. [[32mPASS[0m in 0.33s]
[0m23:06:06.855191 [debug] [Thread-1 (]: On test.f1_lakehouse.not_null_silver_results_season.6a71e3dc5d: Close
[0m23:06:06.858020 [debug] [Thread-3 (]: Writing runtime sql for node "test.f1_lakehouse.not_null_silver_weather_event_slug.83e41644f8"
[0m23:06:06.859421 [debug] [Thread-2 (]: Finished running node test.f1_lakehouse.not_null_silver_results_position.3eabe38b8e
[0m23:06:06.861264 [debug] [Thread-4 (]: Finished running node test.f1_lakehouse.not_null_silver_results_session_type.a859c54406
[0m23:06:06.863165 [debug] [Thread-2 (]: Began running node test.f1_lakehouse.not_null_silver_weather_season.0db96ba0b5
[0m23:06:06.865091 [info ] [Thread-1 (]: 16 of 31 PASS not_null_silver_results_season ................................... [[32mPASS[0m in 0.41s]
[0m23:06:06.866702 [debug] [Thread-4 (]: Began running node test.f1_lakehouse.not_null_silver_weather_session_time_ms.938b05ed68
[0m23:06:06.868182 [info ] [Thread-2 (]: 19 of 31 START test not_null_silver_weather_season ............................. [RUN]
[0m23:06:06.870203 [debug] [Thread-1 (]: Finished running node test.f1_lakehouse.not_null_silver_results_season.6a71e3dc5d
[0m23:06:06.872566 [debug] [Thread-3 (]: Using trino connection "test.f1_lakehouse.not_null_silver_weather_event_slug.83e41644f8"
[0m23:06:06.873437 [info ] [Thread-4 (]: 20 of 31 START test not_null_silver_weather_session_time_ms .................... [RUN]
[0m23:06:06.874937 [debug] [Thread-2 (]: Re-using an available connection from the pool (formerly test.f1_lakehouse.not_null_silver_results_position.3eabe38b8e, now test.f1_lakehouse.not_null_silver_weather_season.0db96ba0b5)
[0m23:06:06.876282 [debug] [Thread-1 (]: Began running node test.f1_lakehouse.not_null_silver_weather_session_type.10ca5ae6a5
[0m23:06:06.877601 [debug] [Thread-3 (]: On test.f1_lakehouse.not_null_silver_weather_event_slug.83e41644f8: /* {"app": "dbt", "dbt_version": "1.12.4", "profile_name": "f1_lakehouse", "target_name": "dev", "node_id": "test.f1_lakehouse.not_null_silver_weather_event_slug.83e41644f8"} */

    
    select
      count(*) as failures,
      count(*) != 0 as should_warn,
      count(*) != 0 as should_error
    from (
      
    
  
    
    



select event_slug
from "iceberg"."silver"."silver_weather"
where event_slug is null



  
  
      
    ) dbt_internal_test
[0m23:06:06.879084 [debug] [Thread-4 (]: Re-using an available connection from the pool (formerly test.f1_lakehouse.not_null_silver_results_session_type.a859c54406, now test.f1_lakehouse.not_null_silver_weather_session_time_ms.938b05ed68)
[0m23:06:06.880326 [debug] [Thread-2 (]: Began compiling node test.f1_lakehouse.not_null_silver_weather_season.0db96ba0b5
[0m23:06:06.881821 [info ] [Thread-1 (]: 21 of 31 START test not_null_silver_weather_session_type ....................... [RUN]
[0m23:06:06.883565 [debug] [Thread-3 (]: Opening a new connection, currently in state closed
[0m23:06:06.885039 [debug] [Thread-4 (]: Began compiling node test.f1_lakehouse.not_null_silver_weather_session_time_ms.938b05ed68
[0m23:06:06.896946 [debug] [Thread-1 (]: Re-using an available connection from the pool (formerly test.f1_lakehouse.not_null_silver_results_season.6a71e3dc5d, now test.f1_lakehouse.not_null_silver_weather_session_type.10ca5ae6a5)
[0m23:06:06.900093 [debug] [Thread-2 (]: Writing injected SQL for node "test.f1_lakehouse.not_null_silver_weather_season.0db96ba0b5"
[0m23:06:06.914080 [debug] [Thread-1 (]: Began compiling node test.f1_lakehouse.not_null_silver_weather_session_type.10ca5ae6a5
[0m23:06:06.919304 [debug] [Thread-4 (]: Writing injected SQL for node "test.f1_lakehouse.not_null_silver_weather_session_time_ms.938b05ed68"
[0m23:06:06.932961 [debug] [Thread-1 (]: Writing injected SQL for node "test.f1_lakehouse.not_null_silver_weather_session_type.10ca5ae6a5"
[0m23:06:06.934180 [debug] [Thread-2 (]: Began executing node test.f1_lakehouse.not_null_silver_weather_season.0db96ba0b5
[0m23:06:06.936003 [debug] [Thread-4 (]: Began executing node test.f1_lakehouse.not_null_silver_weather_session_time_ms.938b05ed68
[0m23:06:06.940154 [debug] [Thread-2 (]: Writing runtime sql for node "test.f1_lakehouse.not_null_silver_weather_season.0db96ba0b5"
[0m23:06:06.943535 [debug] [Thread-4 (]: Writing runtime sql for node "test.f1_lakehouse.not_null_silver_weather_session_time_ms.938b05ed68"
[0m23:06:06.945242 [debug] [Thread-1 (]: Began executing node test.f1_lakehouse.not_null_silver_weather_session_type.10ca5ae6a5
[0m23:06:06.952327 [debug] [Thread-1 (]: Writing runtime sql for node "test.f1_lakehouse.not_null_silver_weather_session_type.10ca5ae6a5"
[0m23:06:06.960664 [debug] [Thread-2 (]: Using trino connection "test.f1_lakehouse.not_null_silver_weather_season.0db96ba0b5"
[0m23:06:06.965585 [debug] [Thread-1 (]: Using trino connection "test.f1_lakehouse.not_null_silver_weather_session_type.10ca5ae6a5"
[0m23:06:06.970088 [debug] [Thread-4 (]: Using trino connection "test.f1_lakehouse.not_null_silver_weather_session_time_ms.938b05ed68"
[0m23:06:06.971498 [debug] [Thread-2 (]: On test.f1_lakehouse.not_null_silver_weather_season.0db96ba0b5: /* {"app": "dbt", "dbt_version": "1.12.4", "profile_name": "f1_lakehouse", "target_name": "dev", "node_id": "test.f1_lakehouse.not_null_silver_weather_season.0db96ba0b5"} */

    
    select
      count(*) as failures,
      count(*) != 0 as should_warn,
      count(*) != 0 as should_error
    from (
      
    
  
    
    



select season
from "iceberg"."silver"."silver_weather"
where season is null



  
  
      
    ) dbt_internal_test
[0m23:06:06.973189 [debug] [Thread-1 (]: On test.f1_lakehouse.not_null_silver_weather_session_type.10ca5ae6a5: /* {"app": "dbt", "dbt_version": "1.12.4", "profile_name": "f1_lakehouse", "target_name": "dev", "node_id": "test.f1_lakehouse.not_null_silver_weather_session_type.10ca5ae6a5"} */

    
    select
      count(*) as failures,
      count(*) != 0 as should_warn,
      count(*) != 0 as should_error
    from (
      
    
  
    
    



select session_type
from "iceberg"."silver"."silver_weather"
where session_type is null



  
  
      
    ) dbt_internal_test
[0m23:06:06.974961 [debug] [Thread-4 (]: On test.f1_lakehouse.not_null_silver_weather_session_time_ms.938b05ed68: /* {"app": "dbt", "dbt_version": "1.12.4", "profile_name": "f1_lakehouse", "target_name": "dev", "node_id": "test.f1_lakehouse.not_null_silver_weather_session_time_ms.938b05ed68"} */

    
    select
      count(*) as failures,
      count(*) != 0 as should_warn,
      count(*) != 0 as should_error
    from (
      
    
  
    
    



select session_time_ms
from "iceberg"."silver"."silver_weather"
where session_time_ms is null



  
  
      
    ) dbt_internal_test
[0m23:06:06.976332 [debug] [Thread-2 (]: Opening a new connection, currently in state closed
[0m23:06:06.977757 [debug] [Thread-1 (]: Opening a new connection, currently in state closed
[0m23:06:06.979165 [debug] [Thread-4 (]: Opening a new connection, currently in state closed
[0m23:06:07.095492 [debug] [Thread-3 (]: SQL status: SUCCESS in 0.212 seconds
[0m23:06:07.102685 [debug] [Thread-3 (]: On test.f1_lakehouse.not_null_silver_weather_event_slug.83e41644f8: ROLLBACK
[0m23:06:07.104356 [debug] [Thread-3 (]: On test.f1_lakehouse.not_null_silver_weather_event_slug.83e41644f8: Close
[0m23:06:07.106967 [info ] [Thread-3 (]: 18 of 31 PASS not_null_silver_weather_event_slug ............................... [[32mPASS[0m in 0.29s]
[0m23:06:07.109592 [debug] [Thread-3 (]: Finished running node test.f1_lakehouse.not_null_silver_weather_event_slug.83e41644f8
[0m23:06:07.111313 [debug] [Thread-3 (]: Began running node test.f1_lakehouse.source_not_null_bronze_laps_driver_code.56bd742ed7
[0m23:06:07.113462 [info ] [Thread-3 (]: 22 of 31 START test source_not_null_bronze_laps_driver_code .................... [RUN]
[0m23:06:07.116125 [debug] [Thread-3 (]: Re-using an available connection from the pool (formerly test.f1_lakehouse.not_null_silver_weather_event_slug.83e41644f8, now test.f1_lakehouse.source_not_null_bronze_laps_driver_code.56bd742ed7)
[0m23:06:07.118487 [debug] [Thread-3 (]: Began compiling node test.f1_lakehouse.source_not_null_bronze_laps_driver_code.56bd742ed7
[0m23:06:07.161512 [debug] [Thread-3 (]: Writing injected SQL for node "test.f1_lakehouse.source_not_null_bronze_laps_driver_code.56bd742ed7"
[0m23:06:07.166887 [debug] [Thread-3 (]: Began executing node test.f1_lakehouse.source_not_null_bronze_laps_driver_code.56bd742ed7
[0m23:06:07.176302 [debug] [Thread-3 (]: Writing runtime sql for node "test.f1_lakehouse.source_not_null_bronze_laps_driver_code.56bd742ed7"
[0m23:06:07.192419 [debug] [Thread-3 (]: Using trino connection "test.f1_lakehouse.source_not_null_bronze_laps_driver_code.56bd742ed7"
[0m23:06:07.194931 [debug] [Thread-3 (]: On test.f1_lakehouse.source_not_null_bronze_laps_driver_code.56bd742ed7: /* {"app": "dbt", "dbt_version": "1.12.4", "profile_name": "f1_lakehouse", "target_name": "dev", "node_id": "test.f1_lakehouse.source_not_null_bronze_laps_driver_code.56bd742ed7"} */

    
    select
      count(*) as failures,
      count(*) != 0 as should_warn,
      count(*) != 0 as should_error
    from (
      
    
  
    
    



select driver_code
from "iceberg"."bronze"."laps"
where driver_code is null



  
  
      
    ) dbt_internal_test
[0m23:06:07.200469 [debug] [Thread-3 (]: Opening a new connection, currently in state closed
[0m23:06:07.205127 [debug] [Thread-2 (]: SQL status: SUCCESS in 0.228 seconds
[0m23:06:07.216247 [debug] [Thread-2 (]: On test.f1_lakehouse.not_null_silver_weather_season.0db96ba0b5: ROLLBACK
[0m23:06:07.218473 [debug] [Thread-2 (]: On test.f1_lakehouse.not_null_silver_weather_season.0db96ba0b5: Close
[0m23:06:07.222351 [debug] [Thread-4 (]: SQL status: SUCCESS in 0.243 seconds
[0m23:06:07.220985 [info ] [Thread-2 (]: 19 of 31 PASS not_null_silver_weather_season ................................... [[32mPASS[0m in 0.35s]
[0m23:06:07.227247 [debug] [Thread-4 (]: On test.f1_lakehouse.not_null_silver_weather_session_time_ms.938b05ed68: ROLLBACK
[0m23:06:07.230823 [debug] [Thread-2 (]: Finished running node test.f1_lakehouse.not_null_silver_weather_season.0db96ba0b5
[0m23:06:07.231871 [debug] [Thread-4 (]: On test.f1_lakehouse.not_null_silver_weather_session_time_ms.938b05ed68: Close
[0m23:06:07.233330 [debug] [Thread-2 (]: Began running node test.f1_lakehouse.source_not_null_bronze_laps_event_slug.07baad0280
[0m23:06:07.235194 [debug] [Thread-1 (]: SQL status: SUCCESS in 0.257 seconds
[0m23:06:07.238345 [info ] [Thread-4 (]: 20 of 31 PASS not_null_silver_weather_session_time_ms .......................... [[32mPASS[0m in 0.36s]
[0m23:06:07.240204 [info ] [Thread-2 (]: 23 of 31 START test source_not_null_bronze_laps_event_slug ..................... [RUN]
[0m23:06:07.244698 [debug] [Thread-1 (]: On test.f1_lakehouse.not_null_silver_weather_session_type.10ca5ae6a5: ROLLBACK
[0m23:06:07.247283 [debug] [Thread-4 (]: Finished running node test.f1_lakehouse.not_null_silver_weather_session_time_ms.938b05ed68
[0m23:06:07.248420 [debug] [Thread-2 (]: Re-using an available connection from the pool (formerly test.f1_lakehouse.not_null_silver_weather_season.0db96ba0b5, now test.f1_lakehouse.source_not_null_bronze_laps_event_slug.07baad0280)
[0m23:06:07.249737 [debug] [Thread-1 (]: On test.f1_lakehouse.not_null_silver_weather_session_type.10ca5ae6a5: Close
[0m23:06:07.251001 [debug] [Thread-4 (]: Began running node test.f1_lakehouse.source_not_null_bronze_laps_lap_number.82b2201cba
[0m23:06:07.253184 [debug] [Thread-2 (]: Began compiling node test.f1_lakehouse.source_not_null_bronze_laps_event_slug.07baad0280
[0m23:06:07.257131 [info ] [Thread-4 (]: 24 of 31 START test source_not_null_bronze_laps_lap_number ..................... [RUN]
[0m23:06:07.259073 [info ] [Thread-1 (]: 21 of 31 PASS not_null_silver_weather_session_type ............................. [[32mPASS[0m in 0.36s]
[0m23:06:07.276178 [debug] [Thread-4 (]: Re-using an available connection from the pool (formerly test.f1_lakehouse.not_null_silver_weather_session_time_ms.938b05ed68, now test.f1_lakehouse.source_not_null_bronze_laps_lap_number.82b2201cba)
[0m23:06:07.281980 [debug] [Thread-2 (]: Writing injected SQL for node "test.f1_lakehouse.source_not_null_bronze_laps_event_slug.07baad0280"
[0m23:06:07.284230 [debug] [Thread-1 (]: Finished running node test.f1_lakehouse.not_null_silver_weather_session_type.10ca5ae6a5
[0m23:06:07.285783 [debug] [Thread-4 (]: Began compiling node test.f1_lakehouse.source_not_null_bronze_laps_lap_number.82b2201cba
[0m23:06:07.288876 [debug] [Thread-1 (]: Began running node test.f1_lakehouse.source_not_null_bronze_laps_season.a9a8566ca5
[0m23:06:07.300559 [info ] [Thread-1 (]: 25 of 31 START test source_not_null_bronze_laps_season ......................... [RUN]
[0m23:06:07.304966 [debug] [Thread-4 (]: Writing injected SQL for node "test.f1_lakehouse.source_not_null_bronze_laps_lap_number.82b2201cba"
[0m23:06:07.306365 [debug] [Thread-1 (]: Re-using an available connection from the pool (formerly test.f1_lakehouse.not_null_silver_weather_session_type.10ca5ae6a5, now test.f1_lakehouse.source_not_null_bronze_laps_season.a9a8566ca5)
[0m23:06:07.307309 [debug] [Thread-2 (]: Began executing node test.f1_lakehouse.source_not_null_bronze_laps_event_slug.07baad0280
[0m23:06:07.308424 [debug] [Thread-1 (]: Began compiling node test.f1_lakehouse.source_not_null_bronze_laps_season.a9a8566ca5
[0m23:06:07.311298 [debug] [Thread-2 (]: Writing runtime sql for node "test.f1_lakehouse.source_not_null_bronze_laps_event_slug.07baad0280"
[0m23:06:07.317582 [debug] [Thread-4 (]: Began executing node test.f1_lakehouse.source_not_null_bronze_laps_lap_number.82b2201cba
[0m23:06:07.327541 [debug] [Thread-4 (]: Writing runtime sql for node "test.f1_lakehouse.source_not_null_bronze_laps_lap_number.82b2201cba"
[0m23:06:07.322905 [debug] [Thread-1 (]: Writing injected SQL for node "test.f1_lakehouse.source_not_null_bronze_laps_season.a9a8566ca5"
[0m23:06:07.337109 [debug] [Thread-2 (]: Using trino connection "test.f1_lakehouse.source_not_null_bronze_laps_event_slug.07baad0280"
[0m23:06:07.338648 [debug] [Thread-2 (]: On test.f1_lakehouse.source_not_null_bronze_laps_event_slug.07baad0280: /* {"app": "dbt", "dbt_version": "1.12.4", "profile_name": "f1_lakehouse", "target_name": "dev", "node_id": "test.f1_lakehouse.source_not_null_bronze_laps_event_slug.07baad0280"} */

    
    select
      count(*) as failures,
      count(*) != 0 as should_warn,
      count(*) != 0 as should_error
    from (
      
    
  
    
    



select event_slug
from "iceberg"."bronze"."laps"
where event_slug is null



  
  
      
    ) dbt_internal_test
[0m23:06:07.339861 [debug] [Thread-2 (]: Opening a new connection, currently in state closed
[0m23:06:07.347321 [debug] [Thread-4 (]: Using trino connection "test.f1_lakehouse.source_not_null_bronze_laps_lap_number.82b2201cba"
[0m23:06:07.349044 [debug] [Thread-4 (]: On test.f1_lakehouse.source_not_null_bronze_laps_lap_number.82b2201cba: /* {"app": "dbt", "dbt_version": "1.12.4", "profile_name": "f1_lakehouse", "target_name": "dev", "node_id": "test.f1_lakehouse.source_not_null_bronze_laps_lap_number.82b2201cba"} */

    
    select
      count(*) as failures,
      count(*) != 0 as should_warn,
      count(*) != 0 as should_error
    from (
      
    
  
    
    



select lap_number
from "iceberg"."bronze"."laps"
where lap_number is null



  
  
      
    ) dbt_internal_test
[0m23:06:07.351054 [debug] [Thread-4 (]: Opening a new connection, currently in state closed
[0m23:06:07.359934 [debug] [Thread-1 (]: Began executing node test.f1_lakehouse.source_not_null_bronze_laps_season.a9a8566ca5
[0m23:06:07.368744 [debug] [Thread-1 (]: Writing runtime sql for node "test.f1_lakehouse.source_not_null_bronze_laps_season.a9a8566ca5"
[0m23:06:07.377822 [debug] [Thread-1 (]: Using trino connection "test.f1_lakehouse.source_not_null_bronze_laps_season.a9a8566ca5"
[0m23:06:07.391663 [debug] [Thread-1 (]: On test.f1_lakehouse.source_not_null_bronze_laps_season.a9a8566ca5: /* {"app": "dbt", "dbt_version": "1.12.4", "profile_name": "f1_lakehouse", "target_name": "dev", "node_id": "test.f1_lakehouse.source_not_null_bronze_laps_season.a9a8566ca5"} */

    
    select
      count(*) as failures,
      count(*) != 0 as should_warn,
      count(*) != 0 as should_error
    from (
      
    
  
    
    



select season
from "iceberg"."bronze"."laps"
where season is null



  
  
      
    ) dbt_internal_test
[0m23:06:07.396700 [debug] [Thread-1 (]: Opening a new connection, currently in state closed
[0m23:06:07.411547 [debug] [Thread-3 (]: SQL status: SUCCESS in 0.211 seconds
[0m23:06:07.417681 [debug] [Thread-3 (]: On test.f1_lakehouse.source_not_null_bronze_laps_driver_code.56bd742ed7: ROLLBACK
[0m23:06:07.419752 [debug] [Thread-3 (]: On test.f1_lakehouse.source_not_null_bronze_laps_driver_code.56bd742ed7: Close
[0m23:06:07.424541 [info ] [Thread-3 (]: 22 of 31 PASS source_not_null_bronze_laps_driver_code .......................... [[32mPASS[0m in 0.31s]
[0m23:06:07.430372 [debug] [Thread-3 (]: Finished running node test.f1_lakehouse.source_not_null_bronze_laps_driver_code.56bd742ed7
[0m23:06:07.433083 [debug] [Thread-3 (]: Began running node test.f1_lakehouse.source_not_null_bronze_laps_session_type.743f4e9922
[0m23:06:07.435399 [info ] [Thread-3 (]: 26 of 31 START test source_not_null_bronze_laps_session_type ................... [RUN]
[0m23:06:07.441967 [debug] [Thread-3 (]: Re-using an available connection from the pool (formerly test.f1_lakehouse.source_not_null_bronze_laps_driver_code.56bd742ed7, now test.f1_lakehouse.source_not_null_bronze_laps_session_type.743f4e9922)
[0m23:06:07.446976 [debug] [Thread-3 (]: Began compiling node test.f1_lakehouse.source_not_null_bronze_laps_session_type.743f4e9922
[0m23:06:07.469194 [debug] [Thread-3 (]: Writing injected SQL for node "test.f1_lakehouse.source_not_null_bronze_laps_session_type.743f4e9922"
[0m23:06:07.478613 [debug] [Thread-3 (]: Began executing node test.f1_lakehouse.source_not_null_bronze_laps_session_type.743f4e9922
[0m23:06:07.482825 [debug] [Thread-3 (]: Writing runtime sql for node "test.f1_lakehouse.source_not_null_bronze_laps_session_type.743f4e9922"
[0m23:06:07.486798 [debug] [Thread-3 (]: Using trino connection "test.f1_lakehouse.source_not_null_bronze_laps_session_type.743f4e9922"
[0m23:06:07.488489 [debug] [Thread-3 (]: On test.f1_lakehouse.source_not_null_bronze_laps_session_type.743f4e9922: /* {"app": "dbt", "dbt_version": "1.12.4", "profile_name": "f1_lakehouse", "target_name": "dev", "node_id": "test.f1_lakehouse.source_not_null_bronze_laps_session_type.743f4e9922"} */

    
    select
      count(*) as failures,
      count(*) != 0 as should_warn,
      count(*) != 0 as should_error
    from (
      
    
  
    
    



select session_type
from "iceberg"."bronze"."laps"
where session_type is null



  
  
      
    ) dbt_internal_test
[0m23:06:07.489916 [debug] [Thread-3 (]: Opening a new connection, currently in state closed
[0m23:06:07.563788 [debug] [Thread-4 (]: SQL status: SUCCESS in 0.212 seconds
[0m23:06:07.570187 [debug] [Thread-4 (]: On test.f1_lakehouse.source_not_null_bronze_laps_lap_number.82b2201cba: ROLLBACK
[0m23:06:07.573215 [debug] [Thread-4 (]: On test.f1_lakehouse.source_not_null_bronze_laps_lap_number.82b2201cba: Close
[0m23:06:07.576365 [info ] [Thread-4 (]: 24 of 31 PASS source_not_null_bronze_laps_lap_number ........................... [[32mPASS[0m in 0.30s]
[0m23:06:07.578108 [debug] [Thread-2 (]: SQL status: SUCCESS in 0.238 seconds
[0m23:06:07.580778 [debug] [Thread-4 (]: Finished running node test.f1_lakehouse.source_not_null_bronze_laps_lap_number.82b2201cba
[0m23:06:07.584178 [debug] [Thread-2 (]: On test.f1_lakehouse.source_not_null_bronze_laps_event_slug.07baad0280: ROLLBACK
[0m23:06:07.588598 [debug] [Thread-4 (]: Began running node test.f1_lakehouse.source_not_null_bronze_results_driver_code.7cdeb71009
[0m23:06:07.590009 [debug] [Thread-2 (]: On test.f1_lakehouse.source_not_null_bronze_laps_event_slug.07baad0280: Close
[0m23:06:07.592114 [info ] [Thread-4 (]: 27 of 31 START test source_not_null_bronze_results_driver_code ................. [RUN]
[0m23:06:07.594757 [debug] [Thread-1 (]: SQL status: SUCCESS in 0.198 seconds
[0m23:06:07.597092 [info ] [Thread-2 (]: 23 of 31 PASS source_not_null_bronze_laps_event_slug ........................... [[32mPASS[0m in 0.35s]
[0m23:06:07.599060 [debug] [Thread-4 (]: Re-using an available connection from the pool (formerly test.f1_lakehouse.source_not_null_bronze_laps_lap_number.82b2201cba, now test.f1_lakehouse.source_not_null_bronze_results_driver_code.7cdeb71009)
[0m23:06:07.604116 [debug] [Thread-1 (]: On test.f1_lakehouse.source_not_null_bronze_laps_season.a9a8566ca5: ROLLBACK
[0m23:06:07.606574 [debug] [Thread-2 (]: Finished running node test.f1_lakehouse.source_not_null_bronze_laps_event_slug.07baad0280
[0m23:06:07.607537 [debug] [Thread-4 (]: Began compiling node test.f1_lakehouse.source_not_null_bronze_results_driver_code.7cdeb71009
[0m23:06:07.609724 [debug] [Thread-1 (]: On test.f1_lakehouse.source_not_null_bronze_laps_season.a9a8566ca5: Close
[0m23:06:07.613987 [debug] [Thread-2 (]: Began running node test.f1_lakehouse.source_not_null_bronze_results_event_slug.109a08e592
[0m23:06:07.634921 [debug] [Thread-4 (]: Writing injected SQL for node "test.f1_lakehouse.source_not_null_bronze_results_driver_code.7cdeb71009"
[0m23:06:07.638603 [info ] [Thread-1 (]: 25 of 31 PASS source_not_null_bronze_laps_season ............................... [[32mPASS[0m in 0.33s]
[0m23:06:07.640223 [info ] [Thread-2 (]: 28 of 31 START test source_not_null_bronze_results_event_slug .................. [RUN]
[0m23:06:07.645184 [debug] [Thread-1 (]: Finished running node test.f1_lakehouse.source_not_null_bronze_laps_season.a9a8566ca5
[0m23:06:07.647027 [debug] [Thread-2 (]: Re-using an available connection from the pool (formerly test.f1_lakehouse.source_not_null_bronze_laps_event_slug.07baad0280, now test.f1_lakehouse.source_not_null_bronze_results_event_slug.109a08e592)
[0m23:06:07.648089 [debug] [Thread-1 (]: Began running node test.f1_lakehouse.source_not_null_bronze_results_season.8589053577
[0m23:06:07.648757 [debug] [Thread-4 (]: Began executing node test.f1_lakehouse.source_not_null_bronze_results_driver_code.7cdeb71009
[0m23:06:07.650297 [debug] [Thread-2 (]: Began compiling node test.f1_lakehouse.source_not_null_bronze_results_event_slug.109a08e592
[0m23:06:07.651413 [info ] [Thread-1 (]: 29 of 31 START test source_not_null_bronze_results_season ...................... [RUN]
[0m23:06:07.655216 [debug] [Thread-4 (]: Writing runtime sql for node "test.f1_lakehouse.source_not_null_bronze_results_driver_code.7cdeb71009"
[0m23:06:07.661761 [debug] [Thread-1 (]: Re-using an available connection from the pool (formerly test.f1_lakehouse.source_not_null_bronze_laps_season.a9a8566ca5, now test.f1_lakehouse.source_not_null_bronze_results_season.8589053577)
[0m23:06:07.673478 [debug] [Thread-1 (]: Began compiling node test.f1_lakehouse.source_not_null_bronze_results_season.8589053577
[0m23:06:07.682789 [debug] [Thread-1 (]: Writing injected SQL for node "test.f1_lakehouse.source_not_null_bronze_results_season.8589053577"
[0m23:06:07.684309 [debug] [Thread-3 (]: SQL status: SUCCESS in 0.194 seconds
[0m23:06:07.686372 [debug] [Thread-2 (]: Writing injected SQL for node "test.f1_lakehouse.source_not_null_bronze_results_event_slug.109a08e592"
[0m23:06:07.688877 [debug] [Thread-3 (]: On test.f1_lakehouse.source_not_null_bronze_laps_session_type.743f4e9922: ROLLBACK
[0m23:06:07.690680 [debug] [Thread-4 (]: Using trino connection "test.f1_lakehouse.source_not_null_bronze_results_driver_code.7cdeb71009"
[0m23:06:07.691735 [debug] [Thread-1 (]: Began executing node test.f1_lakehouse.source_not_null_bronze_results_season.8589053577
[0m23:06:07.693157 [debug] [Thread-2 (]: Began executing node test.f1_lakehouse.source_not_null_bronze_results_event_slug.109a08e592
[0m23:06:07.694229 [debug] [Thread-3 (]: On test.f1_lakehouse.source_not_null_bronze_laps_session_type.743f4e9922: Close
[0m23:06:07.694867 [debug] [Thread-4 (]: On test.f1_lakehouse.source_not_null_bronze_results_driver_code.7cdeb71009: /* {"app": "dbt", "dbt_version": "1.12.4", "profile_name": "f1_lakehouse", "target_name": "dev", "node_id": "test.f1_lakehouse.source_not_null_bronze_results_driver_code.7cdeb71009"} */

    
    select
      count(*) as failures,
      count(*) != 0 as should_warn,
      count(*) != 0 as should_error
    from (
      
    
  
    
    



select driver_code
from "iceberg"."bronze"."results"
where driver_code is null



  
  
      
    ) dbt_internal_test
[0m23:06:07.698001 [debug] [Thread-1 (]: Writing runtime sql for node "test.f1_lakehouse.source_not_null_bronze_results_season.8589053577"
[0m23:06:07.701903 [debug] [Thread-2 (]: Writing runtime sql for node "test.f1_lakehouse.source_not_null_bronze_results_event_slug.109a08e592"
[0m23:06:07.703429 [debug] [Thread-4 (]: Opening a new connection, currently in state closed
[0m23:06:07.704694 [info ] [Thread-3 (]: 26 of 31 PASS source_not_null_bronze_laps_session_type ......................... [[32mPASS[0m in 0.26s]
[0m23:06:07.710012 [debug] [Thread-1 (]: Using trino connection "test.f1_lakehouse.source_not_null_bronze_results_season.8589053577"
[0m23:06:07.711637 [debug] [Thread-3 (]: Finished running node test.f1_lakehouse.source_not_null_bronze_laps_session_type.743f4e9922
[0m23:06:07.712826 [debug] [Thread-1 (]: On test.f1_lakehouse.source_not_null_bronze_results_season.8589053577: /* {"app": "dbt", "dbt_version": "1.12.4", "profile_name": "f1_lakehouse", "target_name": "dev", "node_id": "test.f1_lakehouse.source_not_null_bronze_results_season.8589053577"} */

    
    select
      count(*) as failures,
      count(*) != 0 as should_warn,
      count(*) != 0 as should_error
    from (
      
    
  
    
    



select season
from "iceberg"."bronze"."results"
where season is null



  
  
      
    ) dbt_internal_test
[0m23:06:07.716533 [debug] [Thread-2 (]: Using trino connection "test.f1_lakehouse.source_not_null_bronze_results_event_slug.109a08e592"
[0m23:06:07.718324 [debug] [Thread-3 (]: Began running node test.f1_lakehouse.source_not_null_bronze_weather_event_slug.f925f9a511
[0m23:06:07.719953 [debug] [Thread-1 (]: Opening a new connection, currently in state closed
[0m23:06:07.720918 [debug] [Thread-2 (]: On test.f1_lakehouse.source_not_null_bronze_results_event_slug.109a08e592: /* {"app": "dbt", "dbt_version": "1.12.4", "profile_name": "f1_lakehouse", "target_name": "dev", "node_id": "test.f1_lakehouse.source_not_null_bronze_results_event_slug.109a08e592"} */

    
    select
      count(*) as failures,
      count(*) != 0 as should_warn,
      count(*) != 0 as should_error
    from (
      
    
  
    
    



select event_slug
from "iceberg"."bronze"."results"
where event_slug is null



  
  
      
    ) dbt_internal_test
[0m23:06:07.721953 [info ] [Thread-3 (]: 30 of 31 START test source_not_null_bronze_weather_event_slug .................. [RUN]
[0m23:06:07.724501 [debug] [Thread-2 (]: Opening a new connection, currently in state closed
[0m23:06:07.727173 [debug] [Thread-3 (]: Re-using an available connection from the pool (formerly test.f1_lakehouse.source_not_null_bronze_laps_session_type.743f4e9922, now test.f1_lakehouse.source_not_null_bronze_weather_event_slug.f925f9a511)
[0m23:06:07.732255 [debug] [Thread-3 (]: Began compiling node test.f1_lakehouse.source_not_null_bronze_weather_event_slug.f925f9a511
[0m23:06:07.754607 [debug] [Thread-3 (]: Writing injected SQL for node "test.f1_lakehouse.source_not_null_bronze_weather_event_slug.f925f9a511"
[0m23:06:07.761774 [debug] [Thread-3 (]: Began executing node test.f1_lakehouse.source_not_null_bronze_weather_event_slug.f925f9a511
[0m23:06:07.767442 [debug] [Thread-3 (]: Writing runtime sql for node "test.f1_lakehouse.source_not_null_bronze_weather_event_slug.f925f9a511"
[0m23:06:07.775762 [debug] [Thread-3 (]: Using trino connection "test.f1_lakehouse.source_not_null_bronze_weather_event_slug.f925f9a511"
[0m23:06:07.778085 [debug] [Thread-3 (]: On test.f1_lakehouse.source_not_null_bronze_weather_event_slug.f925f9a511: /* {"app": "dbt", "dbt_version": "1.12.4", "profile_name": "f1_lakehouse", "target_name": "dev", "node_id": "test.f1_lakehouse.source_not_null_bronze_weather_event_slug.f925f9a511"} */

    
    select
      count(*) as failures,
      count(*) != 0 as should_warn,
      count(*) != 0 as should_error
    from (
      
    
  
    
    



select event_slug
from "iceberg"."bronze"."weather"
where event_slug is null



  
  
      
    ) dbt_internal_test
[0m23:06:07.779803 [debug] [Thread-3 (]: Opening a new connection, currently in state closed
[0m23:06:07.844108 [debug] [Thread-4 (]: SQL status: SUCCESS in 0.141 seconds
[0m23:06:07.849164 [debug] [Thread-4 (]: On test.f1_lakehouse.source_not_null_bronze_results_driver_code.7cdeb71009: ROLLBACK
[0m23:06:07.850733 [debug] [Thread-4 (]: On test.f1_lakehouse.source_not_null_bronze_results_driver_code.7cdeb71009: Close
[0m23:06:07.853813 [info ] [Thread-4 (]: 27 of 31 PASS source_not_null_bronze_results_driver_code ....................... [[32mPASS[0m in 0.25s]
[0m23:06:07.856243 [debug] [Thread-4 (]: Finished running node test.f1_lakehouse.source_not_null_bronze_results_driver_code.7cdeb71009
[0m23:06:07.857880 [debug] [Thread-4 (]: Began running node test.f1_lakehouse.source_not_null_bronze_weather_season.51bbd26c23
[0m23:06:07.859321 [info ] [Thread-4 (]: 31 of 31 START test source_not_null_bronze_weather_season ...................... [RUN]
[0m23:06:07.861059 [debug] [Thread-4 (]: Re-using an available connection from the pool (formerly test.f1_lakehouse.source_not_null_bronze_results_driver_code.7cdeb71009, now test.f1_lakehouse.source_not_null_bronze_weather_season.51bbd26c23)
[0m23:06:07.862628 [debug] [Thread-4 (]: Began compiling node test.f1_lakehouse.source_not_null_bronze_weather_season.51bbd26c23
[0m23:06:07.883860 [debug] [Thread-4 (]: Writing injected SQL for node "test.f1_lakehouse.source_not_null_bronze_weather_season.51bbd26c23"
[0m23:06:07.892986 [debug] [Thread-4 (]: Began executing node test.f1_lakehouse.source_not_null_bronze_weather_season.51bbd26c23
[0m23:06:07.901169 [debug] [Thread-1 (]: SQL status: SUCCESS in 0.181 seconds
[0m23:06:07.898464 [debug] [Thread-4 (]: Writing runtime sql for node "test.f1_lakehouse.source_not_null_bronze_weather_season.51bbd26c23"
[0m23:06:07.907246 [debug] [Thread-1 (]: On test.f1_lakehouse.source_not_null_bronze_results_season.8589053577: ROLLBACK
[0m23:06:07.912968 [debug] [Thread-2 (]: SQL status: SUCCESS in 0.188 seconds
[0m23:06:07.918276 [debug] [Thread-4 (]: Using trino connection "test.f1_lakehouse.source_not_null_bronze_weather_season.51bbd26c23"
[0m23:06:07.920174 [debug] [Thread-1 (]: On test.f1_lakehouse.source_not_null_bronze_results_season.8589053577: Close
[0m23:06:07.925739 [debug] [Thread-2 (]: On test.f1_lakehouse.source_not_null_bronze_results_event_slug.109a08e592: ROLLBACK
[0m23:06:07.928591 [debug] [Thread-4 (]: On test.f1_lakehouse.source_not_null_bronze_weather_season.51bbd26c23: /* {"app": "dbt", "dbt_version": "1.12.4", "profile_name": "f1_lakehouse", "target_name": "dev", "node_id": "test.f1_lakehouse.source_not_null_bronze_weather_season.51bbd26c23"} */

    
    select
      count(*) as failures,
      count(*) != 0 as should_warn,
      count(*) != 0 as should_error
    from (
      
    
  
    
    



select season
from "iceberg"."bronze"."weather"
where season is null



  
  
      
    ) dbt_internal_test
[0m23:06:07.935263 [debug] [Thread-2 (]: On test.f1_lakehouse.source_not_null_bronze_results_event_slug.109a08e592: Close
[0m23:06:07.933625 [info ] [Thread-1 (]: 29 of 31 PASS source_not_null_bronze_results_season ............................ [[32mPASS[0m in 0.27s]
[0m23:06:07.937670 [debug] [Thread-4 (]: Opening a new connection, currently in state closed
[0m23:06:07.940009 [debug] [Thread-3 (]: SQL status: SUCCESS in 0.160 seconds
[0m23:06:07.944076 [debug] [Thread-1 (]: Finished running node test.f1_lakehouse.source_not_null_bronze_results_season.8589053577
[0m23:06:07.942336 [info ] [Thread-2 (]: 28 of 31 PASS source_not_null_bronze_results_event_slug ........................ [[32mPASS[0m in 0.30s]
[0m23:06:07.949494 [debug] [Thread-3 (]: On test.f1_lakehouse.source_not_null_bronze_weather_event_slug.f925f9a511: ROLLBACK
[0m23:06:07.953493 [debug] [Thread-2 (]: Finished running node test.f1_lakehouse.source_not_null_bronze_results_event_slug.109a08e592
[0m23:06:07.954969 [debug] [Thread-3 (]: On test.f1_lakehouse.source_not_null_bronze_weather_event_slug.f925f9a511: Close
[0m23:06:07.957684 [info ] [Thread-3 (]: 30 of 31 PASS source_not_null_bronze_weather_event_slug ........................ [[32mPASS[0m in 0.23s]
[0m23:06:07.961128 [debug] [Thread-3 (]: Finished running node test.f1_lakehouse.source_not_null_bronze_weather_event_slug.f925f9a511
[0m23:06:08.060698 [debug] [Thread-4 (]: SQL status: SUCCESS in 0.123 seconds
[0m23:06:08.065482 [debug] [Thread-4 (]: On test.f1_lakehouse.source_not_null_bronze_weather_season.51bbd26c23: ROLLBACK
[0m23:06:08.066605 [debug] [Thread-4 (]: On test.f1_lakehouse.source_not_null_bronze_weather_season.51bbd26c23: Close
[0m23:06:08.067854 [info ] [Thread-4 (]: 31 of 31 PASS source_not_null_bronze_weather_season ............................ [[32mPASS[0m in 0.21s]
[0m23:06:08.068807 [debug] [Thread-4 (]: Finished running node test.f1_lakehouse.source_not_null_bronze_weather_season.51bbd26c23
[0m23:06:08.072283 [debug] [MainThread]: On master: COMMIT
[0m23:06:08.073729 [debug] [MainThread]: Connection 'master' was properly closed.
[0m23:06:08.074688 [debug] [MainThread]: Connection 'test.f1_lakehouse.source_not_null_bronze_results_event_slug.109a08e592' was properly closed.
[0m23:06:08.075562 [debug] [MainThread]: Connection 'test.f1_lakehouse.source_not_null_bronze_results_season.8589053577' was properly closed.
[0m23:06:08.076408 [debug] [MainThread]: Connection 'test.f1_lakehouse.source_not_null_bronze_weather_event_slug.f925f9a511' was properly closed.
[0m23:06:08.077268 [debug] [MainThread]: Connection 'test.f1_lakehouse.source_not_null_bronze_weather_season.51bbd26c23' was properly closed.
[0m23:06:08.078321 [info ] [MainThread]: 
[0m23:06:08.079000 [info ] [MainThread]: Finished running 31 data tests in 0 hours 0 minutes and 3.25 seconds (3.25s).
[0m23:06:08.084866 [debug] [MainThread]: Command end result
[0m23:06:08.142787 [debug] [MainThread]: Wrote artifact WritableManifest to dbt/target/manifest.json
[0m23:06:08.149878 [debug] [MainThread]: Wrote artifact SemanticManifest to dbt/target/semantic_manifest.json
[0m23:06:08.154148 [debug] [MainThread]: Wrote artifact OsiDocument to dbt/target/osi_document.json
[0m23:06:08.166388 [debug] [MainThread]: Wrote artifact RunExecutionResult to dbt/target/run_results.json
[0m23:06:08.167013 [info ] [MainThread]: 
[0m23:06:08.167524 [info ] [MainThread]: [32mCompleted successfully[0m
[0m23:06:08.167976 [info ] [MainThread]: 
[0m23:06:08.168409 [info ] [MainThread]: Done. PASS=31 WARN=0 ERROR=0 SKIP=0 NO-OP=0 REUSED=0 TOTAL=31
[0m23:06:08.169733 [debug] [MainThread]: Resource report: {"command_name": "test", "command_success": true, "command_wall_clock_time": 4.728715, "process_in_blocks": "0", "process_kernel_time": 0.378057, "process_mem_max_rss": "137992", "process_out_blocks": "3872", "process_user_time": 5.68415}
[0m23:06:08.170446 [debug] [MainThread]: Command `dbt test` succeeded at 23:06:08.170323 after 4.73 seconds
[0m23:06:08.170976 [debug] [MainThread]: Sending event: {'category': 'dbt', 'action': 'invocation', 'label': 'end', 'context': [<snowplow_tracker.self_describing_json.SelfDescribingJson object at 0x7fb4942bbd90>, <snowplow_tracker.self_describing_json.SelfDescribingJson object at 0x7fb494458050>, <snowplow_tracker.self_describing_json.SelfDescribingJson object at 0x7fb49a8383d0>]}
[0m23:06:08.171483 [debug] [MainThread]: Flushing usage events
[0m23:06:08.337243 [debug] [MainThread]: An error was encountered while trying to flush usage events
[0m23:48:12.137190 [debug] [MainThread]: Sending event: {'category': 'dbt', 'action': 'invocation', 'label': 'start', 'context': [<snowplow_tracker.self_describing_json.SelfDescribingJson object at 0x7f58cccc56a0>, <snowplow_tracker.self_describing_json.SelfDescribingJson object at 0x7f58cf938f50>, <snowplow_tracker.self_describing_json.SelfDescribingJson object at 0x7f58cb8afd90>]}


============================== 23:48:12.149510 | 876570d2-6ea3-430a-8b0d-bd2c8270b477 ==============================
[0m23:48:12.149510 [info ] [MainThread]: Running with dbt=1.12.4
[0m23:48:12.150418 [debug] [MainThread]: running dbt with arguments {'fail_fast': 'False', 'log_cache_events': 'False', 'quiet': 'False', 'partial_parse': 'True', 'log_format': 'default', 'debug': 'False', 'warn_error': 'None', 'invocation_command': 'dbt ls --select source:bronze.telemetry --project-dir ./dbt --profiles-dir ./configs/dbt', 'write_json': 'True', 'printer_width': '80', 'profiles_dir': './configs/dbt', 'maximum_seed_size_mib': '1', 'cache_selected_only': 'False', 'static_parser': 'True', 'use_experimental_parser': 'False', 'no_print': 'None', 'use_colors': 'True', 'hints_enabled': 'True', 'target_path': 'None', 'send_anonymous_usage_stats': 'True', 'log_path': 'dbt/logs', 'empty': 'None', 'version_check': 'True', 'warn_error_options': 'WarnErrorOptionsV2(error=[], warn=[], silence=[])', 'indirect_selection': 'eager', 'introspect': 'True'}
[0m23:48:12.496238 [debug] [MainThread]: Sending event: {'category': 'dbt', 'action': 'project_id', 'label': '876570d2-6ea3-430a-8b0d-bd2c8270b477', 'context': [<snowplow_tracker.self_describing_json.SelfDescribingJson object at 0x7f58cca01a70>]}
[0m23:48:12.631789 [debug] [MainThread]: Sending event: {'category': 'dbt', 'action': 'adapter_info', 'label': '876570d2-6ea3-430a-8b0d-bd2c8270b477', 'context': [<snowplow_tracker.self_describing_json.SelfDescribingJson object at 0x7f58cc3ed480>]}
[0m23:48:12.633000 [info ] [MainThread]: Registered adapter: trino=1.10.3
[0m23:48:12.741265 [debug] [MainThread]: checksum: 6feb0373bf5e249bcfe93c2d0c493de2a05a899ef7ebdf18543bed5cf777135b, vars: {}, profile: f1_lakehouse, target: dev, version: 1.12.4
[0m23:48:13.054222 [debug] [MainThread]: Partial parsing enabled: 0 files deleted, 0 files added, 1 files changed.
[0m23:48:13.056128 [debug] [MainThread]: Partial parsing: updated file: f1_lakehouse://models/bronze/sources.yml
[0m23:48:14.687359 [debug] [MainThread]: Sending event: {'category': 'dbt', 'action': 'load_project', 'label': '876570d2-6ea3-430a-8b0d-bd2c8270b477', 'context': [<snowplow_tracker.self_describing_json.SelfDescribingJson object at 0x7f58caf8f550>]}
[0m23:48:14.908209 [debug] [MainThread]: Wrote artifact WritableManifest to dbt/target/manifest.json
[0m23:48:14.912170 [debug] [MainThread]: Wrote artifact SemanticManifest to dbt/target/semantic_manifest.json
[0m23:48:14.929646 [debug] [MainThread]: Wrote artifact OsiDocument to dbt/target/osi_document.json
[0m23:48:14.943694 [debug] [MainThread]: Sending event: {'category': 'dbt', 'action': 'resource_counts', 'label': '876570d2-6ea3-430a-8b0d-bd2c8270b477', 'context': [<snowplow_tracker.self_describing_json.SelfDescribingJson object at 0x7f58c95297c0>]}
[0m23:48:14.944516 [info ] [MainThread]: Found 4 models, 37 data tests, 4 sources, 498 macros
[0m23:48:14.945048 [debug] [MainThread]: Sending event: {'category': 'dbt', 'action': 'runnable_timing', 'label': '876570d2-6ea3-430a-8b0d-bd2c8270b477', 'context': [<snowplow_tracker.self_describing_json.SelfDescribingJson object at 0x7f58c941eeb0>]}
[0m23:48:14.946315 [info ] [MainThread]: source:f1_lakehouse.bronze.telemetry
[0m23:48:14.946842 [info ] [MainThread]: f1_lakehouse.bronze.source_not_null_bronze_telemetry_driver_code
[0m23:48:14.947266 [info ] [MainThread]: f1_lakehouse.bronze.source_not_null_bronze_telemetry_event_slug
[0m23:48:14.947628 [info ] [MainThread]: f1_lakehouse.bronze.source_not_null_bronze_telemetry_lap_number
[0m23:48:14.947979 [info ] [MainThread]: f1_lakehouse.bronze.source_not_null_bronze_telemetry_sample_timestamp_utc
[0m23:48:14.948309 [info ] [MainThread]: f1_lakehouse.bronze.source_not_null_bronze_telemetry_season
[0m23:48:14.948632 [info ] [MainThread]: f1_lakehouse.bronze.source_not_null_bronze_telemetry_session_type
[0m23:48:14.949846 [debug] [MainThread]: Resource report: {"command_name": "list", "command_success": true, "command_wall_clock_time": 2.9634628, "process_in_blocks": "6856", "process_kernel_time": 0.186512, "process_mem_max_rss": "140508", "process_out_blocks": "2720", "process_user_time": 4.747895}
[0m23:48:14.950538 [debug] [MainThread]: Command `dbt ls` succeeded at 23:48:14.950389 after 2.96 seconds
[0m23:48:14.951062 [debug] [MainThread]: Sending event: {'category': 'dbt', 'action': 'invocation', 'label': 'end', 'context': [<snowplow_tracker.self_describing_json.SelfDescribingJson object at 0x7f58cb6c7ee0>, <snowplow_tracker.self_describing_json.SelfDescribingJson object at 0x7f58cb73d190>, <snowplow_tracker.self_describing_json.SelfDescribingJson object at 0x7f58c929e210>]}
[0m23:48:14.951574 [debug] [MainThread]: Flushing usage events
[0m23:48:15.233026 [debug] [MainThread]: An error was encountered while trying to flush usage events
[0m23:50:05.538878 [debug] [MainThread]: Sending event: {'category': 'dbt', 'action': 'invocation', 'label': 'start', 'context': [<snowplow_tracker.self_describing_json.SelfDescribingJson object at 0x7f3c5a5696a0>, <snowplow_tracker.self_describing_json.SelfDescribingJson object at 0x7f3c5900fed0>, <snowplow_tracker.self_describing_json.SelfDescribingJson object at 0x7f3c5900fb10>]}


============================== 23:50:05.546173 | c9aa043d-1839-43be-9255-b633fd21367a ==============================
[0m23:50:05.546173 [info ] [MainThread]: Running with dbt=1.12.4
[0m23:50:05.547363 [debug] [MainThread]: running dbt with arguments {'indirect_selection': 'eager', 'target_path': 'None', 'printer_width': '80', 'log_path': 'dbt/logs', 'profiles_dir': './configs/dbt', 'use_experimental_parser': 'False', 'introspect': 'True', 'empty': 'False', 'invocation_command': 'dbt run --select silver_telemetry --project-dir ./dbt --profiles-dir ./configs/dbt', 'debug': 'False', 'warn_error': 'None', 'use_colors': 'True', 'cache_selected_only': 'False', 'static_parser': 'True', 'log_cache_events': 'False', 'version_check': 'True', 'quiet': 'False', 'warn_error_options': 'WarnErrorOptionsV2(error=[], warn=[], silence=[])', 'hints_enabled': 'True', 'log_format': 'default', 'maximum_seed_size_mib': '1', 'partial_parse': 'True', 'no_print': 'None', 'send_anonymous_usage_stats': 'True', 'write_json': 'True', 'fail_fast': 'False'}
[0m23:50:05.874555 [debug] [MainThread]: Sending event: {'category': 'dbt', 'action': 'project_id', 'label': 'c9aa043d-1839-43be-9255-b633fd21367a', 'context': [<snowplow_tracker.self_describing_json.SelfDescribingJson object at 0x7f3c5a2a1a70>]}
[0m23:50:06.013337 [debug] [MainThread]: Sending event: {'category': 'dbt', 'action': 'adapter_info', 'label': 'c9aa043d-1839-43be-9255-b633fd21367a', 'context': [<snowplow_tracker.self_describing_json.SelfDescribingJson object at 0x7f3c591a98c0>]}
[0m23:50:06.014537 [info ] [MainThread]: Registered adapter: trino=1.10.3
[0m23:50:06.121633 [debug] [MainThread]: checksum: 6feb0373bf5e249bcfe93c2d0c493de2a05a899ef7ebdf18543bed5cf777135b, vars: {}, profile: f1_lakehouse, target: dev, version: 1.12.4
[0m23:50:06.422244 [debug] [MainThread]: Partial parsing enabled: 0 files deleted, 3 files added, 1 files changed.
[0m23:50:06.423177 [debug] [MainThread]: Partial parsing: added file: f1_lakehouse://tests/valid_telemetry_ranges.sql
[0m23:50:06.423692 [debug] [MainThread]: Partial parsing: added file: f1_lakehouse://models/silver/silver_telemetry.sql
[0m23:50:06.424137 [debug] [MainThread]: Partial parsing: added file: f1_lakehouse://tests/no_duplicate_telemetry_samples.sql
[0m23:50:06.424759 [debug] [MainThread]: Partial parsing: updated file: f1_lakehouse://models/silver/schema.yml
[0m23:50:07.714013 [debug] [MainThread]: Sending event: {'category': 'dbt', 'action': 'load_project', 'label': 'c9aa043d-1839-43be-9255-b633fd21367a', 'context': [<snowplow_tracker.self_describing_json.SelfDescribingJson object at 0x7f3c587bef50>]}
[0m23:50:07.885677 [debug] [MainThread]: Wrote artifact WritableManifest to dbt/target/manifest.json
[0m23:50:07.889387 [debug] [MainThread]: Wrote artifact SemanticManifest to dbt/target/semantic_manifest.json
[0m23:50:07.905936 [debug] [MainThread]: Wrote artifact OsiDocument to dbt/target/osi_document.json
[0m23:50:07.925356 [debug] [MainThread]: Sending event: {'category': 'dbt', 'action': 'resource_counts', 'label': 'c9aa043d-1839-43be-9255-b633fd21367a', 'context': [<snowplow_tracker.self_describing_json.SelfDescribingJson object at 0x7f3c56c356d0>]}
[0m23:50:07.926101 [info ] [MainThread]: Found 5 models, 47 data tests, 4 sources, 498 macros
[0m23:50:07.926614 [debug] [MainThread]: Sending event: {'category': 'dbt', 'action': 'runnable_timing', 'label': 'c9aa043d-1839-43be-9255-b633fd21367a', 'context': [<snowplow_tracker.self_describing_json.SelfDescribingJson object at 0x7f3c5856d550>]}
[0m23:50:07.929267 [info ] [MainThread]: 
[0m23:50:07.929826 [info ] [MainThread]: Concurrency: 4 threads (target='dev')
[0m23:50:07.930268 [info ] [MainThread]: 
[0m23:50:07.931002 [debug] [MainThread]: Acquiring new trino connection 'master'
[0m23:50:07.932555 [debug] [ThreadPool]: Acquiring new trino connection 'list_iceberg'
[0m23:50:07.996261 [debug] [ThreadPool]: Using trino connection "list_iceberg"
[0m23:50:07.996974 [debug] [ThreadPool]: On list_iceberg: /* {"app": "dbt", "dbt_version": "1.12.4", "profile_name": "f1_lakehouse", "target_name": "dev", "connection_name": "list_iceberg"} */

    select schema_name
    from "iceberg".INFORMATION_SCHEMA.schemata
[0m23:50:07.997466 [debug] [ThreadPool]: Opening a new connection, currently in state init
[0m23:50:07.997902 [warn ] [ThreadPool]: [[33mWARNING[0m]: SSL certificate validation is disabled by default. It is legacy behavior which will be changed in future releases. It is strongly advised to enable `require_certificate_validation` flag or explicitly set `cert` configuration to `True` for security reasons. You may receive an error after that if your SSL setup is incorrect.
You may opt into the new behavior sooner by setting `flags.require_certificate_validation` to `True` in `dbt_project.yml`.
Visit https://docs.getdbt.com/reference/global-configs/behavior-changes for more information.
[0m23:50:07.998629 [debug] [ThreadPool]: Sending event: {'category': 'dbt', 'action': 'BehaviorChangeEvent', 'label': 'c9aa043d-1839-43be-9255-b633fd21367a', 'context': [<snowplow_tracker.self_describing_json.SelfDescribingJson object at 0x7f3c560c06d0>]}
[0m23:50:08.078961 [debug] [ThreadPool]: SQL status: SUCCESS in 0.081 seconds
[0m23:50:08.083024 [debug] [ThreadPool]: On list_iceberg: Close
[0m23:50:08.096717 [debug] [ThreadPool]: Re-using an available connection from the pool (formerly list_iceberg, now list_iceberg_gold)
[0m23:50:08.109312 [debug] [ThreadPool]: Acquiring new trino connection 'list_iceberg_silver'
[0m23:50:08.130459 [debug] [ThreadPool]: Using trino connection "list_iceberg_gold"
[0m23:50:08.131491 [debug] [ThreadPool]: On list_iceberg_gold: /* {"app": "dbt", "dbt_version": "1.12.4", "profile_name": "f1_lakehouse", "target_name": "dev", "connection_name": "list_iceberg_gold"} */
select
      t.table_catalog as database,
      t.table_name as name,
      t.table_schema as schema,
      case when mv.name is not null then 'materialized_view'
           when t.table_type = 'BASE TABLE' then 'table'
           when t.table_type = 'VIEW' then 'view'
           else t.table_type
      end as table_type
    from "iceberg".INFORMATION_SCHEMA.tables t
    left join (
            select * from system.metadata.materialized_views
            where catalog_name = 'iceberg'
              and schema_name = 'gold') mv
          on mv.catalog_name = t.table_catalog and mv.schema_name = t.table_schema and mv.name = t.table_name
    where t.table_schema = 'gold'
[0m23:50:08.132223 [debug] [ThreadPool]: Opening a new connection, currently in state closed
[0m23:50:08.136547 [debug] [ThreadPool]: Using trino connection "list_iceberg_silver"
[0m23:50:08.137228 [debug] [ThreadPool]: On list_iceberg_silver: /* {"app": "dbt", "dbt_version": "1.12.4", "profile_name": "f1_lakehouse", "target_name": "dev", "connection_name": "list_iceberg_silver"} */
select
      t.table_catalog as database,
      t.table_name as name,
      t.table_schema as schema,
      case when mv.name is not null then 'materialized_view'
           when t.table_type = 'BASE TABLE' then 'table'
           when t.table_type = 'VIEW' then 'view'
           else t.table_type
      end as table_type
    from "iceberg".INFORMATION_SCHEMA.tables t
    left join (
            select * from system.metadata.materialized_views
            where catalog_name = 'iceberg'
              and schema_name = 'silver') mv
          on mv.catalog_name = t.table_catalog and mv.schema_name = t.table_schema and mv.name = t.table_name
    where t.table_schema = 'silver'
[0m23:50:08.137763 [debug] [ThreadPool]: Opening a new connection, currently in state init
[0m23:50:08.301472 [debug] [ThreadPool]: SQL status: SUCCESS in 0.163 seconds
[0m23:50:08.309150 [debug] [ThreadPool]: On list_iceberg_silver: ROLLBACK
[0m23:50:08.312044 [debug] [ThreadPool]: On list_iceberg_silver: Close
[0m23:50:08.364805 [debug] [ThreadPool]: SQL status: SUCCESS in 0.232 seconds
[0m23:50:08.368794 [debug] [ThreadPool]: On list_iceberg_gold: ROLLBACK
[0m23:50:08.369397 [debug] [ThreadPool]: On list_iceberg_gold: Close
[0m23:50:08.371715 [debug] [MainThread]: Sending event: {'category': 'dbt', 'action': 'runnable_timing', 'label': 'c9aa043d-1839-43be-9255-b633fd21367a', 'context': [<snowplow_tracker.self_describing_json.SelfDescribingJson object at 0x7f3c56c193d0>]}
[0m23:50:08.373101 [debug] [MainThread]: On master: COMMIT
[0m23:50:08.379787 [debug] [Thread-1 (]: Began running node model.f1_lakehouse.silver_telemetry
[0m23:50:08.381505 [info ] [Thread-1 (]: 1 of 1 START sql table model silver.silver_telemetry ........................... [RUN]
[0m23:50:08.383055 [debug] [Thread-1 (]: Re-using an available connection from the pool (formerly list_iceberg_gold, now model.f1_lakehouse.silver_telemetry)
[0m23:50:08.384262 [debug] [Thread-1 (]: Began compiling node model.f1_lakehouse.silver_telemetry
[0m23:50:08.390855 [debug] [Thread-1 (]: Writing injected SQL for node "model.f1_lakehouse.silver_telemetry"
[0m23:50:08.392529 [debug] [Thread-1 (]: Began executing node model.f1_lakehouse.silver_telemetry
[0m23:50:08.465115 [debug] [Thread-1 (]: Writing runtime sql for node "model.f1_lakehouse.silver_telemetry"
[0m23:50:08.472748 [debug] [Thread-1 (]: Using trino connection "model.f1_lakehouse.silver_telemetry"
[0m23:50:08.473451 [debug] [Thread-1 (]: On model.f1_lakehouse.silver_telemetry: /* {"app": "dbt", "dbt_version": "1.12.4", "profile_name": "f1_lakehouse", "target_name": "dev", "node_id": "model.f1_lakehouse.silver_telemetry"} */

  
    

    create table "iceberg"."silver"."silver_telemetry"
      
      
    as (
      

with source_telemetry as (

    select *

    from "iceberg"."bronze"."telemetry"

),

validated as (

    select
        season,
        event_name,
        event_slug,
        session_type,

        driver_code,
        driver_number,
        team_name,
        lap_number,

        sample_timestamp_utc,
        session_time_ms,
        sample_time_ms,

        rpm,
        speed_kph,
        gear,
        throttle_pct,
        brake,
        drs,

        x,
        y,
        z,

        distance,
        relative_distance,

        driver_ahead,
        distance_to_driver_ahead,

        source,
        status,

        source_system,
        ingested_at,

        row_number() over (

            partition by
                season,
                event_slug,
                session_type,
                driver_code,
                lap_number,
                sample_time_ms

            order by sample_timestamp_utc

        ) as telemetry_record_number

    from source_telemetry

    where sample_timestamp_utc is not null

      and lap_number is not null

      and speed_kph between 0 and 400

      and throttle_pct between 0 and 100

      and rpm between 0 and 20000

      and gear between 0 and 8

),

deduplicated as (

    select *

    from validated

    where telemetry_record_number = 1

)

select

    season,
    event_name,
    event_slug,
    session_type,

    driver_code,
    driver_number,
    team_name,
    lap_number,

    sample_timestamp_utc,
    session_time_ms,
    sample_time_ms,

    rpm,
    speed_kph,
    gear,
    throttle_pct,
    brake,

    drs,

    x,
    y,
    z,

    distance,
    relative_distance,

    driver_ahead,
    distance_to_driver_ahead,

    source,
    status,

    source_system,
    ingested_at

from deduplicated
    )
[0m23:50:08.474015 [debug] [Thread-1 (]: Opening a new connection, currently in state closed
[0m23:50:21.488827 [debug] [Thread-1 (]: SQL status: CREATE TABLE (732_176 rows) in 13.014 seconds
[0m23:50:21.528645 [debug] [Thread-1 (]: On model.f1_lakehouse.silver_telemetry: ROLLBACK
[0m23:50:21.529534 [debug] [Thread-1 (]: On model.f1_lakehouse.silver_telemetry: Close
[0m23:50:21.533867 [debug] [Thread-1 (]: Sending event: {'category': 'dbt', 'action': 'run_model', 'label': 'c9aa043d-1839-43be-9255-b633fd21367a', 'context': [<snowplow_tracker.self_describing_json.SelfDescribingJson object at 0x7f3c56c0fc20>]}
[0m23:50:21.535798 [info ] [Thread-1 (]: 1 of 1 OK created sql table model silver.silver_telemetry ...................... [[32mCREATE TABLE (732_176 rows)[0m in 13.15s]
[0m23:50:21.537652 [debug] [Thread-1 (]: Finished running node model.f1_lakehouse.silver_telemetry
[0m23:50:21.542111 [debug] [MainThread]: On master: COMMIT
[0m23:50:21.543438 [debug] [MainThread]: Connection 'master' was properly closed.
[0m23:50:21.544281 [debug] [MainThread]: Connection 'model.f1_lakehouse.silver_telemetry' was properly closed.
[0m23:50:21.545086 [debug] [MainThread]: Connection 'list_iceberg_silver' was properly closed.
[0m23:50:21.545983 [info ] [MainThread]: 
[0m23:50:21.546969 [info ] [MainThread]: Finished running 1 table model in 0 hours 0 minutes and 13.62 seconds (13.62s).
[0m23:50:21.548984 [debug] [MainThread]: Command end result
[0m23:50:21.619458 [debug] [MainThread]: Wrote artifact WritableManifest to dbt/target/manifest.json
[0m23:50:21.623627 [debug] [MainThread]: Wrote artifact SemanticManifest to dbt/target/semantic_manifest.json
[0m23:50:21.627083 [debug] [MainThread]: Wrote artifact OsiDocument to dbt/target/osi_document.json
[0m23:50:21.636243 [debug] [MainThread]: Wrote artifact RunExecutionResult to dbt/target/run_results.json
[0m23:50:21.636776 [info ] [MainThread]: 
[0m23:50:21.637316 [info ] [MainThread]: [32mCompleted successfully[0m
[0m23:50:21.637728 [info ] [MainThread]: 
[0m23:50:21.638168 [info ] [MainThread]: Done. PASS=1 WARN=0 ERROR=0 SKIP=0 NO-OP=0 REUSED=0 TOTAL=1
[0m23:50:21.639539 [debug] [MainThread]: Resource report: {"command_name": "run", "command_success": true, "command_wall_clock_time": 16.251715, "process_in_blocks": "56", "process_kernel_time": 0.23745, "process_mem_max_rss": "145544", "process_out_blocks": "4472", "process_user_time": 4.852115}
[0m23:50:21.640270 [debug] [MainThread]: Command `dbt run` succeeded at 23:50:21.640137 after 16.25 seconds
[0m23:50:21.640798 [debug] [MainThread]: Sending event: {'category': 'dbt', 'action': 'invocation', 'label': 'end', 'context': [<snowplow_tracker.self_describing_json.SelfDescribingJson object at 0x7f3c56037250>, <snowplow_tracker.self_describing_json.SelfDescribingJson object at 0x7f3c56c5b650>, <snowplow_tracker.self_describing_json.SelfDescribingJson object at 0x7f3c56be1350>]}
[0m23:50:21.641313 [debug] [MainThread]: Flushing usage events
[0m23:50:21.863190 [debug] [MainThread]: An error was encountered while trying to flush usage events
[0m23:50:33.313499 [debug] [MainThread]: Sending event: {'category': 'dbt', 'action': 'invocation', 'label': 'start', 'context': [<snowplow_tracker.self_describing_json.SelfDescribingJson object at 0x7f09a09c16a0>, <snowplow_tracker.self_describing_json.SelfDescribingJson object at 0x7f099f46bed0>, <snowplow_tracker.self_describing_json.SelfDescribingJson object at 0x7f099f46bb10>]}


============================== 23:50:33.318288 | 516a0218-7608-4939-8e57-f7b9137ab77d ==============================
[0m23:50:33.318288 [info ] [MainThread]: Running with dbt=1.12.4
[0m23:50:33.319050 [debug] [MainThread]: running dbt with arguments {'debug': 'False', 'no_print': 'None', 'quiet': 'False', 'partial_parse': 'True', 'warn_error_options': 'WarnErrorOptionsV2(error=[], warn=[], silence=[])', 'introspect': 'True', 'static_parser': 'True', 'maximum_seed_size_mib': '1', 'log_format': 'default', 'version_check': 'True', 'hints_enabled': 'True', 'empty': 'None', 'log_cache_events': 'False', 'use_colors': 'True', 'printer_width': '80', 'indirect_selection': 'eager', 'log_path': 'dbt/logs', 'write_json': 'True', 'target_path': 'None', 'invocation_command': 'dbt test --select silver_telemetry --project-dir ./dbt --profiles-dir ./configs/dbt', 'fail_fast': 'False', 'use_experimental_parser': 'False', 'profiles_dir': './configs/dbt', 'cache_selected_only': 'False', 'send_anonymous_usage_stats': 'True', 'warn_error': 'None'}
[0m23:50:33.643473 [debug] [MainThread]: Sending event: {'category': 'dbt', 'action': 'project_id', 'label': '516a0218-7608-4939-8e57-f7b9137ab77d', 'context': [<snowplow_tracker.self_describing_json.SelfDescribingJson object at 0x7f09a06fda70>]}
[0m23:50:33.780847 [debug] [MainThread]: Sending event: {'category': 'dbt', 'action': 'adapter_info', 'label': '516a0218-7608-4939-8e57-f7b9137ab77d', 'context': [<snowplow_tracker.self_describing_json.SelfDescribingJson object at 0x7f099f6018c0>]}
[0m23:50:33.782073 [info ] [MainThread]: Registered adapter: trino=1.10.3
[0m23:50:33.889895 [debug] [MainThread]: checksum: 6feb0373bf5e249bcfe93c2d0c493de2a05a899ef7ebdf18543bed5cf777135b, vars: {}, profile: f1_lakehouse, target: dev, version: 1.12.4
[0m23:50:34.204864 [debug] [MainThread]: Partial parsing enabled: 0 files deleted, 0 files added, 0 files changed.
[0m23:50:34.205467 [debug] [MainThread]: Nothing changed, skipping partial parsing.
[0m23:50:34.205857 [debug] [MainThread]: Partial parsing enabled, no changes found, skipping parsing
[0m23:50:34.221258 [debug] [MainThread]: Sending event: {'category': 'dbt', 'action': 'load_project', 'label': '516a0218-7608-4939-8e57-f7b9137ab77d', 'context': [<snowplow_tracker.self_describing_json.SelfDescribingJson object at 0x7f099ec4b150>]}
[0m23:50:34.453998 [debug] [MainThread]: Wrote artifact WritableManifest to dbt/target/manifest.json
[0m23:50:34.457650 [debug] [MainThread]: Wrote artifact SemanticManifest to dbt/target/semantic_manifest.json
[0m23:50:34.474019 [debug] [MainThread]: Wrote artifact OsiDocument to dbt/target/osi_document.json
[0m23:50:34.503913 [debug] [MainThread]: Sending event: {'category': 'dbt', 'action': 'resource_counts', 'label': '516a0218-7608-4939-8e57-f7b9137ab77d', 'context': [<snowplow_tracker.self_describing_json.SelfDescribingJson object at 0x7f099ea0d220>]}
[0m23:50:34.504645 [info ] [MainThread]: Found 5 models, 47 data tests, 4 sources, 498 macros
[0m23:50:34.505143 [debug] [MainThread]: Sending event: {'category': 'dbt', 'action': 'runnable_timing', 'label': '516a0218-7608-4939-8e57-f7b9137ab77d', 'context': [<snowplow_tracker.self_describing_json.SelfDescribingJson object at 0x7f099ea15c50>]}
[0m23:50:34.508275 [info ] [MainThread]: 
[0m23:50:34.508823 [info ] [MainThread]: Concurrency: 4 threads (target='dev')
[0m23:50:34.509268 [info ] [MainThread]: 
[0m23:50:34.510000 [debug] [MainThread]: Acquiring new trino connection 'master'
[0m23:50:34.517256 [debug] [ThreadPool]: Acquiring new trino connection 'list_iceberg_silver'
[0m23:50:34.526904 [debug] [ThreadPool]: Acquiring new trino connection 'list_iceberg_gold'
[0m23:50:34.599930 [debug] [ThreadPool]: Using trino connection "list_iceberg_silver"
[0m23:50:34.602844 [debug] [ThreadPool]: Using trino connection "list_iceberg_gold"
[0m23:50:34.603427 [debug] [ThreadPool]: On list_iceberg_silver: /* {"app": "dbt", "dbt_version": "1.12.4", "profile_name": "f1_lakehouse", "target_name": "dev", "connection_name": "list_iceberg_silver"} */
select
      t.table_catalog as database,
      t.table_name as name,
      t.table_schema as schema,
      case when mv.name is not null then 'materialized_view'
           when t.table_type = 'BASE TABLE' then 'table'
           when t.table_type = 'VIEW' then 'view'
           else t.table_type
      end as table_type
    from "iceberg".INFORMATION_SCHEMA.tables t
    left join (
            select * from system.metadata.materialized_views
            where catalog_name = 'iceberg'
              and schema_name = 'silver') mv
          on mv.catalog_name = t.table_catalog and mv.schema_name = t.table_schema and mv.name = t.table_name
    where t.table_schema = 'silver'
[0m23:50:34.603986 [debug] [ThreadPool]: On list_iceberg_gold: /* {"app": "dbt", "dbt_version": "1.12.4", "profile_name": "f1_lakehouse", "target_name": "dev", "connection_name": "list_iceberg_gold"} */
select
      t.table_catalog as database,
      t.table_name as name,
      t.table_schema as schema,
      case when mv.name is not null then 'materialized_view'
           when t.table_type = 'BASE TABLE' then 'table'
           when t.table_type = 'VIEW' then 'view'
           else t.table_type
      end as table_type
    from "iceberg".INFORMATION_SCHEMA.tables t
    left join (
            select * from system.metadata.materialized_views
            where catalog_name = 'iceberg'
              and schema_name = 'gold') mv
          on mv.catalog_name = t.table_catalog and mv.schema_name = t.table_schema and mv.name = t.table_name
    where t.table_schema = 'gold'
[0m23:50:34.604463 [debug] [ThreadPool]: Opening a new connection, currently in state init
[0m23:50:34.604906 [debug] [ThreadPool]: Opening a new connection, currently in state init
[0m23:50:34.605296 [warn ] [ThreadPool]: [[33mWARNING[0m]: SSL certificate validation is disabled by default. It is legacy behavior which will be changed in future releases. It is strongly advised to enable `require_certificate_validation` flag or explicitly set `cert` configuration to `True` for security reasons. You may receive an error after that if your SSL setup is incorrect.
You may opt into the new behavior sooner by setting `flags.require_certificate_validation` to `True` in `dbt_project.yml`.
Visit https://docs.getdbt.com/reference/global-configs/behavior-changes for more information.
[0m23:50:34.605800 [warn ] [ThreadPool]: [[33mWARNING[0m]: SSL certificate validation is disabled by default. It is legacy behavior which will be changed in future releases. It is strongly advised to enable `require_certificate_validation` flag or explicitly set `cert` configuration to `True` for security reasons. You may receive an error after that if your SSL setup is incorrect.
You may opt into the new behavior sooner by setting `flags.require_certificate_validation` to `True` in `dbt_project.yml`.
Visit https://docs.getdbt.com/reference/global-configs/behavior-changes for more information.
[0m23:50:34.606447 [debug] [ThreadPool]: Sending event: {'category': 'dbt', 'action': 'BehaviorChangeEvent', 'label': '516a0218-7608-4939-8e57-f7b9137ab77d', 'context': [<snowplow_tracker.self_describing_json.SelfDescribingJson object at 0x7f099d775230>]}
[0m23:50:34.606948 [debug] [ThreadPool]: Sending event: {'category': 'dbt', 'action': 'BehaviorChangeEvent', 'label': '516a0218-7608-4939-8e57-f7b9137ab77d', 'context': [<snowplow_tracker.self_describing_json.SelfDescribingJson object at 0x7f099ea56750>]}
[0m23:50:34.792776 [debug] [ThreadPool]: SQL status: SUCCESS in 0.188 seconds
[0m23:50:34.796258 [debug] [ThreadPool]: On list_iceberg_silver: ROLLBACK
[0m23:50:34.796900 [debug] [ThreadPool]: On list_iceberg_silver: Close
[0m23:50:34.806730 [debug] [ThreadPool]: SQL status: SUCCESS in 0.202 seconds
[0m23:50:34.810430 [debug] [ThreadPool]: On list_iceberg_gold: ROLLBACK
[0m23:50:34.811512 [debug] [ThreadPool]: On list_iceberg_gold: Close
[0m23:50:34.813161 [debug] [MainThread]: Sending event: {'category': 'dbt', 'action': 'runnable_timing', 'label': '516a0218-7608-4939-8e57-f7b9137ab77d', 'context': [<snowplow_tracker.self_describing_json.SelfDescribingJson object at 0x7f099ea328e0>]}
[0m23:50:34.813838 [debug] [MainThread]: On master: COMMIT
[0m23:50:34.818549 [debug] [Thread-3 (]: Began running node test.f1_lakehouse.not_null_silver_telemetry_event_slug.90c8dcdf82
[0m23:50:34.820066 [debug] [Thread-4 (]: Began running node test.f1_lakehouse.not_null_silver_telemetry_lap_number.02734480cf
[0m23:50:34.821428 [debug] [Thread-1 (]: Began running node test.f1_lakehouse.no_duplicate_telemetry_samples
[0m23:50:34.822792 [info ] [Thread-3 (]: 3 of 10 START test not_null_silver_telemetry_event_slug ........................ [RUN]
[0m23:50:34.824315 [debug] [Thread-2 (]: Began running node test.f1_lakehouse.not_null_silver_telemetry_driver_code.ac9586aafa
[0m23:50:34.825584 [info ] [Thread-4 (]: 4 of 10 START test not_null_silver_telemetry_lap_number ........................ [RUN]
[0m23:50:34.827041 [info ] [Thread-1 (]: 1 of 10 START test no_duplicate_telemetry_samples .............................. [RUN]
[0m23:50:34.828823 [debug] [Thread-3 (]: Acquiring new trino connection 'test.f1_lakehouse.not_null_silver_telemetry_event_slug.90c8dcdf82'
[0m23:50:34.829882 [info ] [Thread-2 (]: 2 of 10 START test not_null_silver_telemetry_driver_code ....................... [RUN]
[0m23:50:34.831147 [debug] [Thread-4 (]: Acquiring new trino connection 'test.f1_lakehouse.not_null_silver_telemetry_lap_number.02734480cf'
[0m23:50:34.832446 [debug] [Thread-1 (]: Re-using an available connection from the pool (formerly list_iceberg_silver, now test.f1_lakehouse.no_duplicate_telemetry_samples)
[0m23:50:34.833717 [debug] [Thread-3 (]: Began compiling node test.f1_lakehouse.not_null_silver_telemetry_event_slug.90c8dcdf82
[0m23:50:34.834779 [debug] [Thread-2 (]: Re-using an available connection from the pool (formerly list_iceberg_gold, now test.f1_lakehouse.not_null_silver_telemetry_driver_code.ac9586aafa)
[0m23:50:34.835756 [debug] [Thread-4 (]: Began compiling node test.f1_lakehouse.not_null_silver_telemetry_lap_number.02734480cf
[0m23:50:34.836995 [debug] [Thread-1 (]: Began compiling node test.f1_lakehouse.no_duplicate_telemetry_samples
[0m23:50:34.848325 [debug] [Thread-2 (]: Began compiling node test.f1_lakehouse.not_null_silver_telemetry_driver_code.ac9586aafa
[0m23:50:34.877801 [debug] [Thread-1 (]: Writing injected SQL for node "test.f1_lakehouse.no_duplicate_telemetry_samples"
[0m23:50:34.878715 [debug] [Thread-3 (]: Writing injected SQL for node "test.f1_lakehouse.not_null_silver_telemetry_event_slug.90c8dcdf82"
[0m23:50:34.883578 [debug] [Thread-4 (]: Writing injected SQL for node "test.f1_lakehouse.not_null_silver_telemetry_lap_number.02734480cf"
[0m23:50:34.893543 [debug] [Thread-2 (]: Writing injected SQL for node "test.f1_lakehouse.not_null_silver_telemetry_driver_code.ac9586aafa"
[0m23:50:34.894820 [debug] [Thread-1 (]: Began executing node test.f1_lakehouse.no_duplicate_telemetry_samples
[0m23:50:34.895688 [debug] [Thread-3 (]: Began executing node test.f1_lakehouse.not_null_silver_telemetry_event_slug.90c8dcdf82
[0m23:50:34.896857 [debug] [Thread-4 (]: Began executing node test.f1_lakehouse.not_null_silver_telemetry_lap_number.02734480cf
[0m23:50:34.913557 [debug] [Thread-2 (]: Began executing node test.f1_lakehouse.not_null_silver_telemetry_driver_code.ac9586aafa
[0m23:50:34.957351 [debug] [Thread-1 (]: Writing runtime sql for node "test.f1_lakehouse.no_duplicate_telemetry_samples"
[0m23:50:34.959202 [debug] [Thread-3 (]: Writing runtime sql for node "test.f1_lakehouse.not_null_silver_telemetry_event_slug.90c8dcdf82"
[0m23:50:34.960115 [debug] [Thread-4 (]: Writing runtime sql for node "test.f1_lakehouse.not_null_silver_telemetry_lap_number.02734480cf"
[0m23:50:34.962718 [debug] [Thread-2 (]: Writing runtime sql for node "test.f1_lakehouse.not_null_silver_telemetry_driver_code.ac9586aafa"
[0m23:50:34.965364 [debug] [Thread-3 (]: Using trino connection "test.f1_lakehouse.not_null_silver_telemetry_event_slug.90c8dcdf82"
[0m23:50:34.965947 [debug] [Thread-3 (]: On test.f1_lakehouse.not_null_silver_telemetry_event_slug.90c8dcdf82: /* {"app": "dbt", "dbt_version": "1.12.4", "profile_name": "f1_lakehouse", "target_name": "dev", "node_id": "test.f1_lakehouse.not_null_silver_telemetry_event_slug.90c8dcdf82"} */

    
    select
      count(*) as failures,
      count(*) != 0 as should_warn,
      count(*) != 0 as should_error
    from (
      
    
  
    
    



select event_slug
from "iceberg"."silver"."silver_telemetry"
where event_slug is null



  
  
      
    ) dbt_internal_test
[0m23:50:34.966437 [debug] [Thread-3 (]: Opening a new connection, currently in state init
[0m23:50:34.969545 [debug] [Thread-2 (]: Using trino connection "test.f1_lakehouse.not_null_silver_telemetry_driver_code.ac9586aafa"
[0m23:50:34.970190 [debug] [Thread-2 (]: On test.f1_lakehouse.not_null_silver_telemetry_driver_code.ac9586aafa: /* {"app": "dbt", "dbt_version": "1.12.4", "profile_name": "f1_lakehouse", "target_name": "dev", "node_id": "test.f1_lakehouse.not_null_silver_telemetry_driver_code.ac9586aafa"} */

    
    select
      count(*) as failures,
      count(*) != 0 as should_warn,
      count(*) != 0 as should_error
    from (
      
    
  
    
    



select driver_code
from "iceberg"."silver"."silver_telemetry"
where driver_code is null



  
  
      
    ) dbt_internal_test
[0m23:50:34.970763 [debug] [Thread-2 (]: Opening a new connection, currently in state closed
[0m23:50:34.975500 [debug] [Thread-4 (]: Using trino connection "test.f1_lakehouse.not_null_silver_telemetry_lap_number.02734480cf"
[0m23:50:34.976738 [debug] [Thread-4 (]: On test.f1_lakehouse.not_null_silver_telemetry_lap_number.02734480cf: /* {"app": "dbt", "dbt_version": "1.12.4", "profile_name": "f1_lakehouse", "target_name": "dev", "node_id": "test.f1_lakehouse.not_null_silver_telemetry_lap_number.02734480cf"} */

    
    select
      count(*) as failures,
      count(*) != 0 as should_warn,
      count(*) != 0 as should_error
    from (
      
    
  
    
    



select lap_number
from "iceberg"."silver"."silver_telemetry"
where lap_number is null



  
  
      
    ) dbt_internal_test
[0m23:50:34.977686 [debug] [Thread-4 (]: Opening a new connection, currently in state init
[0m23:50:34.982411 [debug] [Thread-1 (]: Using trino connection "test.f1_lakehouse.no_duplicate_telemetry_samples"
[0m23:50:34.985670 [debug] [Thread-1 (]: On test.f1_lakehouse.no_duplicate_telemetry_samples: /* {"app": "dbt", "dbt_version": "1.12.4", "profile_name": "f1_lakehouse", "target_name": "dev", "node_id": "test.f1_lakehouse.no_duplicate_telemetry_samples"} */

    
    select
      count(*) as failures,
      count(*) != 0 as should_warn,
      count(*) != 0 as should_error
    from (
      
    
  select

    season,
    event_slug,
    session_type,
    driver_code,
    lap_number,
    sample_time_ms,

    count(*) as record_count

from "iceberg"."silver"."silver_telemetry"

group by

    season,
    event_slug,
    session_type,
    driver_code,
    lap_number,
    sample_time_ms

having count(*) > 1
  
  
      
    ) dbt_internal_test
[0m23:50:34.986555 [debug] [Thread-1 (]: Opening a new connection, currently in state closed
[0m23:50:35.197016 [debug] [Thread-2 (]: SQL status: SUCCESS in 0.226 seconds
[0m23:50:35.211789 [debug] [Thread-3 (]: SQL status: SUCCESS in 0.245 seconds
[0m23:50:35.219203 [debug] [Thread-2 (]: On test.f1_lakehouse.not_null_silver_telemetry_driver_code.ac9586aafa: ROLLBACK
[0m23:50:35.224523 [debug] [Thread-3 (]: On test.f1_lakehouse.not_null_silver_telemetry_event_slug.90c8dcdf82: ROLLBACK
[0m23:50:35.227624 [debug] [Thread-4 (]: SQL status: SUCCESS in 0.250 seconds
[0m23:50:35.229467 [debug] [Thread-2 (]: On test.f1_lakehouse.not_null_silver_telemetry_driver_code.ac9586aafa: Close
[0m23:50:35.231413 [debug] [Thread-3 (]: On test.f1_lakehouse.not_null_silver_telemetry_event_slug.90c8dcdf82: Close
[0m23:50:35.236542 [debug] [Thread-4 (]: On test.f1_lakehouse.not_null_silver_telemetry_lap_number.02734480cf: ROLLBACK
[0m23:50:35.239513 [info ] [Thread-2 (]: 2 of 10 PASS not_null_silver_telemetry_driver_code ............................. [[32mPASS[0m in 0.40s]
[0m23:50:35.243103 [debug] [Thread-4 (]: On test.f1_lakehouse.not_null_silver_telemetry_lap_number.02734480cf: Close
[0m23:50:35.242077 [info ] [Thread-3 (]: 3 of 10 PASS not_null_silver_telemetry_event_slug .............................. [[32mPASS[0m in 0.41s]
[0m23:50:35.245564 [debug] [Thread-2 (]: Finished running node test.f1_lakehouse.not_null_silver_telemetry_driver_code.ac9586aafa
[0m23:50:35.247926 [debug] [Thread-3 (]: Finished running node test.f1_lakehouse.not_null_silver_telemetry_event_slug.90c8dcdf82
[0m23:50:35.249564 [info ] [Thread-4 (]: 4 of 10 PASS not_null_silver_telemetry_lap_number .............................. [[32mPASS[0m in 0.42s]
[0m23:50:35.251144 [debug] [Thread-2 (]: Began running node test.f1_lakehouse.not_null_silver_telemetry_sample_timestamp_utc.b0240babd2
[0m23:50:35.252988 [debug] [Thread-3 (]: Began running node test.f1_lakehouse.not_null_silver_telemetry_season.4b66f38975
[0m23:50:35.254566 [debug] [Thread-4 (]: Finished running node test.f1_lakehouse.not_null_silver_telemetry_lap_number.02734480cf
[0m23:50:35.255670 [info ] [Thread-2 (]: 5 of 10 START test not_null_silver_telemetry_sample_timestamp_utc .............. [RUN]
[0m23:50:35.257157 [info ] [Thread-3 (]: 6 of 10 START test not_null_silver_telemetry_season ............................ [RUN]
[0m23:50:35.258557 [debug] [Thread-4 (]: Began running node test.f1_lakehouse.not_null_silver_telemetry_session_type.a6262f09f7
[0m23:50:35.260006 [debug] [Thread-2 (]: Re-using an available connection from the pool (formerly test.f1_lakehouse.not_null_silver_telemetry_driver_code.ac9586aafa, now test.f1_lakehouse.not_null_silver_telemetry_sample_timestamp_utc.b0240babd2)
[0m23:50:35.261360 [debug] [Thread-3 (]: Re-using an available connection from the pool (formerly test.f1_lakehouse.not_null_silver_telemetry_event_slug.90c8dcdf82, now test.f1_lakehouse.not_null_silver_telemetry_season.4b66f38975)
[0m23:50:35.262683 [info ] [Thread-4 (]: 7 of 10 START test not_null_silver_telemetry_session_type ...................... [RUN]
[0m23:50:35.264025 [debug] [Thread-2 (]: Began compiling node test.f1_lakehouse.not_null_silver_telemetry_sample_timestamp_utc.b0240babd2
[0m23:50:35.265311 [debug] [Thread-3 (]: Began compiling node test.f1_lakehouse.not_null_silver_telemetry_season.4b66f38975
[0m23:50:35.266765 [debug] [Thread-4 (]: Re-using an available connection from the pool (formerly test.f1_lakehouse.not_null_silver_telemetry_lap_number.02734480cf, now test.f1_lakehouse.not_null_silver_telemetry_session_type.a6262f09f7)
[0m23:50:35.288973 [debug] [Thread-4 (]: Began compiling node test.f1_lakehouse.not_null_silver_telemetry_session_type.a6262f09f7
[0m23:50:35.307099 [debug] [Thread-2 (]: Writing injected SQL for node "test.f1_lakehouse.not_null_silver_telemetry_sample_timestamp_utc.b0240babd2"
[0m23:50:35.309197 [debug] [Thread-3 (]: Writing injected SQL for node "test.f1_lakehouse.not_null_silver_telemetry_season.4b66f38975"
[0m23:50:35.330240 [debug] [Thread-4 (]: Writing injected SQL for node "test.f1_lakehouse.not_null_silver_telemetry_session_type.a6262f09f7"
[0m23:50:35.331759 [debug] [Thread-2 (]: Began executing node test.f1_lakehouse.not_null_silver_telemetry_sample_timestamp_utc.b0240babd2
[0m23:50:35.333114 [debug] [Thread-3 (]: Began executing node test.f1_lakehouse.not_null_silver_telemetry_season.4b66f38975
[0m23:50:35.334290 [debug] [Thread-4 (]: Began executing node test.f1_lakehouse.not_null_silver_telemetry_session_type.a6262f09f7
[0m23:50:35.338025 [debug] [Thread-2 (]: Writing runtime sql for node "test.f1_lakehouse.not_null_silver_telemetry_sample_timestamp_utc.b0240babd2"
[0m23:50:35.342877 [debug] [Thread-3 (]: Writing runtime sql for node "test.f1_lakehouse.not_null_silver_telemetry_season.4b66f38975"
[0m23:50:35.348149 [debug] [Thread-4 (]: Writing runtime sql for node "test.f1_lakehouse.not_null_silver_telemetry_session_type.a6262f09f7"
[0m23:50:35.354011 [debug] [Thread-2 (]: Using trino connection "test.f1_lakehouse.not_null_silver_telemetry_sample_timestamp_utc.b0240babd2"
[0m23:50:35.355672 [debug] [Thread-2 (]: On test.f1_lakehouse.not_null_silver_telemetry_sample_timestamp_utc.b0240babd2: /* {"app": "dbt", "dbt_version": "1.12.4", "profile_name": "f1_lakehouse", "target_name": "dev", "node_id": "test.f1_lakehouse.not_null_silver_telemetry_sample_timestamp_utc.b0240babd2"} */

    
    select
      count(*) as failures,
      count(*) != 0 as should_warn,
      count(*) != 0 as should_error
    from (
      
    
  
    
    



select sample_timestamp_utc
from "iceberg"."silver"."silver_telemetry"
where sample_timestamp_utc is null



  
  
      
    ) dbt_internal_test
[0m23:50:35.357267 [debug] [Thread-2 (]: Opening a new connection, currently in state closed
[0m23:50:35.362132 [debug] [Thread-4 (]: Using trino connection "test.f1_lakehouse.not_null_silver_telemetry_session_type.a6262f09f7"
[0m23:50:35.369986 [debug] [Thread-4 (]: On test.f1_lakehouse.not_null_silver_telemetry_session_type.a6262f09f7: /* {"app": "dbt", "dbt_version": "1.12.4", "profile_name": "f1_lakehouse", "target_name": "dev", "node_id": "test.f1_lakehouse.not_null_silver_telemetry_session_type.a6262f09f7"} */

    
    select
      count(*) as failures,
      count(*) != 0 as should_warn,
      count(*) != 0 as should_error
    from (
      
    
  
    
    



select session_type
from "iceberg"."silver"."silver_telemetry"
where session_type is null



  
  
      
    ) dbt_internal_test
[0m23:50:35.367331 [debug] [Thread-3 (]: Using trino connection "test.f1_lakehouse.not_null_silver_telemetry_season.4b66f38975"
[0m23:50:35.371616 [debug] [Thread-4 (]: Opening a new connection, currently in state closed
[0m23:50:35.372772 [debug] [Thread-3 (]: On test.f1_lakehouse.not_null_silver_telemetry_season.4b66f38975: /* {"app": "dbt", "dbt_version": "1.12.4", "profile_name": "f1_lakehouse", "target_name": "dev", "node_id": "test.f1_lakehouse.not_null_silver_telemetry_season.4b66f38975"} */

    
    select
      count(*) as failures,
      count(*) != 0 as should_warn,
      count(*) != 0 as should_error
    from (
      
    
  
    
    



select season
from "iceberg"."silver"."silver_telemetry"
where season is null



  
  
      
    ) dbt_internal_test
[0m23:50:35.376445 [debug] [Thread-3 (]: Opening a new connection, currently in state closed
[0m23:50:35.500731 [debug] [Thread-2 (]: SQL status: SUCCESS in 0.143 seconds
[0m23:50:35.507335 [debug] [Thread-2 (]: On test.f1_lakehouse.not_null_silver_telemetry_sample_timestamp_utc.b0240babd2: ROLLBACK
[0m23:50:35.509217 [debug] [Thread-2 (]: On test.f1_lakehouse.not_null_silver_telemetry_sample_timestamp_utc.b0240babd2: Close
[0m23:50:35.515293 [info ] [Thread-2 (]: 5 of 10 PASS not_null_silver_telemetry_sample_timestamp_utc .................... [[32mPASS[0m in 0.25s]
[0m23:50:35.518788 [debug] [Thread-2 (]: Finished running node test.f1_lakehouse.not_null_silver_telemetry_sample_timestamp_utc.b0240babd2
[0m23:50:35.521802 [debug] [Thread-2 (]: Began running node test.f1_lakehouse.not_null_silver_telemetry_speed_kph.8c000e7e8d
[0m23:50:35.523903 [info ] [Thread-2 (]: 8 of 10 START test not_null_silver_telemetry_speed_kph ......................... [RUN]
[0m23:50:35.525987 [debug] [Thread-2 (]: Re-using an available connection from the pool (formerly test.f1_lakehouse.not_null_silver_telemetry_sample_timestamp_utc.b0240babd2, now test.f1_lakehouse.not_null_silver_telemetry_speed_kph.8c000e7e8d)
[0m23:50:35.527610 [debug] [Thread-2 (]: Began compiling node test.f1_lakehouse.not_null_silver_telemetry_speed_kph.8c000e7e8d
[0m23:50:35.542194 [debug] [Thread-2 (]: Writing injected SQL for node "test.f1_lakehouse.not_null_silver_telemetry_speed_kph.8c000e7e8d"
[0m23:50:35.546696 [debug] [Thread-4 (]: SQL status: SUCCESS in 0.175 seconds
[0m23:50:35.553369 [debug] [Thread-2 (]: Began executing node test.f1_lakehouse.not_null_silver_telemetry_speed_kph.8c000e7e8d
[0m23:50:35.552050 [debug] [Thread-4 (]: On test.f1_lakehouse.not_null_silver_telemetry_session_type.a6262f09f7: ROLLBACK
[0m23:50:35.559094 [debug] [Thread-2 (]: Writing runtime sql for node "test.f1_lakehouse.not_null_silver_telemetry_speed_kph.8c000e7e8d"
[0m23:50:35.562823 [debug] [Thread-4 (]: On test.f1_lakehouse.not_null_silver_telemetry_session_type.a6262f09f7: Close
[0m23:50:35.564460 [debug] [Thread-3 (]: SQL status: SUCCESS in 0.188 seconds
[0m23:50:35.567403 [info ] [Thread-4 (]: 7 of 10 PASS not_null_silver_telemetry_session_type ............................ [[32mPASS[0m in 0.30s]
[0m23:50:35.572177 [debug] [Thread-3 (]: On test.f1_lakehouse.not_null_silver_telemetry_season.4b66f38975: ROLLBACK
[0m23:50:35.576782 [debug] [Thread-2 (]: Using trino connection "test.f1_lakehouse.not_null_silver_telemetry_speed_kph.8c000e7e8d"
[0m23:50:35.579013 [debug] [Thread-4 (]: Finished running node test.f1_lakehouse.not_null_silver_telemetry_session_type.a6262f09f7
[0m23:50:35.580234 [debug] [Thread-3 (]: On test.f1_lakehouse.not_null_silver_telemetry_season.4b66f38975: Close
[0m23:50:35.581919 [debug] [Thread-2 (]: On test.f1_lakehouse.not_null_silver_telemetry_speed_kph.8c000e7e8d: /* {"app": "dbt", "dbt_version": "1.12.4", "profile_name": "f1_lakehouse", "target_name": "dev", "node_id": "test.f1_lakehouse.not_null_silver_telemetry_speed_kph.8c000e7e8d"} */

    
    select
      count(*) as failures,
      count(*) != 0 as should_warn,
      count(*) != 0 as should_error
    from (
      
    
  
    
    



select speed_kph
from "iceberg"."silver"."silver_telemetry"
where speed_kph is null



  
  
      
    ) dbt_internal_test
[0m23:50:35.583718 [debug] [Thread-4 (]: Began running node test.f1_lakehouse.not_null_silver_telemetry_throttle_pct.7041d97265
[0m23:50:35.585745 [debug] [Thread-2 (]: Opening a new connection, currently in state closed
[0m23:50:35.588044 [info ] [Thread-3 (]: 6 of 10 PASS not_null_silver_telemetry_season .................................. [[32mPASS[0m in 0.33s]
[0m23:50:35.589281 [info ] [Thread-4 (]: 9 of 10 START test not_null_silver_telemetry_throttle_pct ...................... [RUN]
[0m23:50:35.593045 [debug] [Thread-3 (]: Finished running node test.f1_lakehouse.not_null_silver_telemetry_season.4b66f38975
[0m23:50:35.596493 [debug] [Thread-4 (]: Re-using an available connection from the pool (formerly test.f1_lakehouse.not_null_silver_telemetry_session_type.a6262f09f7, now test.f1_lakehouse.not_null_silver_telemetry_throttle_pct.7041d97265)
[0m23:50:35.598015 [debug] [Thread-3 (]: Began running node test.f1_lakehouse.valid_telemetry_ranges
[0m23:50:35.599382 [debug] [Thread-4 (]: Began compiling node test.f1_lakehouse.not_null_silver_telemetry_throttle_pct.7041d97265
[0m23:50:35.600873 [info ] [Thread-3 (]: 10 of 10 START test valid_telemetry_ranges ..................................... [RUN]
[0m23:50:35.608299 [debug] [Thread-3 (]: Re-using an available connection from the pool (formerly test.f1_lakehouse.not_null_silver_telemetry_season.4b66f38975, now test.f1_lakehouse.valid_telemetry_ranges)
[0m23:50:35.609768 [debug] [Thread-3 (]: Began compiling node test.f1_lakehouse.valid_telemetry_ranges
[0m23:50:35.627085 [debug] [Thread-3 (]: Writing injected SQL for node "test.f1_lakehouse.valid_telemetry_ranges"
[0m23:50:35.637189 [debug] [Thread-4 (]: Writing injected SQL for node "test.f1_lakehouse.not_null_silver_telemetry_throttle_pct.7041d97265"
[0m23:50:35.639393 [debug] [Thread-3 (]: Began executing node test.f1_lakehouse.valid_telemetry_ranges
[0m23:50:35.645438 [debug] [Thread-3 (]: Writing runtime sql for node "test.f1_lakehouse.valid_telemetry_ranges"
[0m23:50:35.648113 [debug] [Thread-4 (]: Began executing node test.f1_lakehouse.not_null_silver_telemetry_throttle_pct.7041d97265
[0m23:50:35.655580 [debug] [Thread-4 (]: Writing runtime sql for node "test.f1_lakehouse.not_null_silver_telemetry_throttle_pct.7041d97265"
[0m23:50:35.662953 [debug] [Thread-3 (]: Using trino connection "test.f1_lakehouse.valid_telemetry_ranges"
[0m23:50:35.668483 [debug] [Thread-3 (]: On test.f1_lakehouse.valid_telemetry_ranges: /* {"app": "dbt", "dbt_version": "1.12.4", "profile_name": "f1_lakehouse", "target_name": "dev", "node_id": "test.f1_lakehouse.valid_telemetry_ranges"} */

    
    select
      count(*) as failures,
      count(*) != 0 as should_warn,
      count(*) != 0 as should_error
    from (
      
    
  select *

from "iceberg"."silver"."silver_telemetry"

where speed_kph < 0
   or speed_kph > 400

   or throttle_pct < 0
   or throttle_pct > 100

   or rpm < 0
   or rpm > 20000

   or gear < 0
   or gear > 8
  
  
      
    ) dbt_internal_test
[0m23:50:35.671967 [debug] [Thread-4 (]: Using trino connection "test.f1_lakehouse.not_null_silver_telemetry_throttle_pct.7041d97265"
[0m23:50:35.672988 [debug] [Thread-3 (]: Opening a new connection, currently in state closed
[0m23:50:35.674208 [debug] [Thread-4 (]: On test.f1_lakehouse.not_null_silver_telemetry_throttle_pct.7041d97265: /* {"app": "dbt", "dbt_version": "1.12.4", "profile_name": "f1_lakehouse", "target_name": "dev", "node_id": "test.f1_lakehouse.not_null_silver_telemetry_throttle_pct.7041d97265"} */

    
    select
      count(*) as failures,
      count(*) != 0 as should_warn,
      count(*) != 0 as should_error
    from (
      
    
  
    
    



select throttle_pct
from "iceberg"."silver"."silver_telemetry"
where throttle_pct is null



  
  
      
    ) dbt_internal_test
[0m23:50:35.677456 [debug] [Thread-4 (]: Opening a new connection, currently in state closed
[0m23:50:35.760562 [debug] [Thread-2 (]: SQL status: SUCCESS in 0.175 seconds
[0m23:50:35.764541 [debug] [Thread-2 (]: On test.f1_lakehouse.not_null_silver_telemetry_speed_kph.8c000e7e8d: ROLLBACK
[0m23:50:35.765664 [debug] [Thread-2 (]: On test.f1_lakehouse.not_null_silver_telemetry_speed_kph.8c000e7e8d: Close
[0m23:50:35.767631 [info ] [Thread-2 (]: 8 of 10 PASS not_null_silver_telemetry_speed_kph ............................... [[32mPASS[0m in 0.24s]
[0m23:50:35.769416 [debug] [Thread-2 (]: Finished running node test.f1_lakehouse.not_null_silver_telemetry_speed_kph.8c000e7e8d
[0m23:50:35.823805 [debug] [Thread-4 (]: SQL status: SUCCESS in 0.146 seconds
[0m23:50:35.830255 [debug] [Thread-4 (]: On test.f1_lakehouse.not_null_silver_telemetry_throttle_pct.7041d97265: ROLLBACK
[0m23:50:35.832258 [debug] [Thread-4 (]: On test.f1_lakehouse.not_null_silver_telemetry_throttle_pct.7041d97265: Close
[0m23:50:35.835734 [info ] [Thread-4 (]: 9 of 10 PASS not_null_silver_telemetry_throttle_pct ............................ [[32mPASS[0m in 0.24s]
[0m23:50:35.838678 [debug] [Thread-4 (]: Finished running node test.f1_lakehouse.not_null_silver_telemetry_throttle_pct.7041d97265
[0m23:50:36.563715 [debug] [Thread-1 (]: SQL status: SUCCESS in 1.577 seconds
[0m23:50:36.568915 [debug] [Thread-1 (]: On test.f1_lakehouse.no_duplicate_telemetry_samples: ROLLBACK
[0m23:50:36.570400 [debug] [Thread-1 (]: On test.f1_lakehouse.no_duplicate_telemetry_samples: Close
[0m23:50:36.572950 [info ] [Thread-1 (]: 1 of 10 PASS no_duplicate_telemetry_samples .................................... [[32mPASS[0m in 1.74s]
[0m23:50:36.575446 [debug] [Thread-1 (]: Finished running node test.f1_lakehouse.no_duplicate_telemetry_samples
[0m23:50:36.653688 [debug] [Thread-3 (]: SQL status: SUCCESS in 0.981 seconds
[0m23:50:36.657609 [debug] [Thread-3 (]: On test.f1_lakehouse.valid_telemetry_ranges: ROLLBACK
[0m23:50:36.658353 [debug] [Thread-3 (]: On test.f1_lakehouse.valid_telemetry_ranges: Close
[0m23:50:36.659617 [info ] [Thread-3 (]: 10 of 10 PASS valid_telemetry_ranges ........................................... [[32mPASS[0m in 1.05s]
[0m23:50:36.660635 [debug] [Thread-3 (]: Finished running node test.f1_lakehouse.valid_telemetry_ranges
[0m23:50:36.663453 [debug] [MainThread]: On master: COMMIT
[0m23:50:36.664283 [debug] [MainThread]: Connection 'master' was properly closed.
[0m23:50:36.664739 [debug] [MainThread]: Connection 'test.f1_lakehouse.no_duplicate_telemetry_samples' was properly closed.
[0m23:50:36.665136 [debug] [MainThread]: Connection 'test.f1_lakehouse.not_null_silver_telemetry_speed_kph.8c000e7e8d' was properly closed.
[0m23:50:36.665497 [debug] [MainThread]: Connection 'test.f1_lakehouse.valid_telemetry_ranges' was properly closed.
[0m23:50:36.665890 [debug] [MainThread]: Connection 'test.f1_lakehouse.not_null_silver_telemetry_throttle_pct.7041d97265' was properly closed.
[0m23:50:36.666347 [info ] [MainThread]: 
[0m23:50:36.666820 [info ] [MainThread]: Finished running 10 data tests in 0 hours 0 minutes and 2.16 seconds (2.16s).
[0m23:50:36.668998 [debug] [MainThread]: Command end result
[0m23:50:36.719124 [debug] [MainThread]: Wrote artifact WritableManifest to dbt/target/manifest.json
[0m23:50:36.722955 [debug] [MainThread]: Wrote artifact SemanticManifest to dbt/target/semantic_manifest.json
[0m23:50:36.726889 [debug] [MainThread]: Wrote artifact OsiDocument to dbt/target/osi_document.json
[0m23:50:36.738075 [debug] [MainThread]: Wrote artifact RunExecutionResult to dbt/target/run_results.json
[0m23:50:36.738650 [info ] [MainThread]: 
[0m23:50:36.739154 [info ] [MainThread]: [32mCompleted successfully[0m
[0m23:50:36.739575 [info ] [MainThread]: 
[0m23:50:36.740010 [info ] [MainThread]: Done. PASS=10 WARN=0 ERROR=0 SKIP=0 NO-OP=0 REUSED=0 TOTAL=10
[0m23:50:36.741290 [debug] [MainThread]: Resource report: {"command_name": "test", "command_success": true, "command_wall_clock_time": 3.602931, "process_in_blocks": "6704", "process_kernel_time": 0.248374, "process_mem_max_rss": "136908", "process_out_blocks": "3368", "process_user_time": 4.181973}
[0m23:50:36.741994 [debug] [MainThread]: Command `dbt test` succeeded at 23:50:36.741866 after 3.60 seconds
[0m23:50:36.742501 [debug] [MainThread]: Sending event: {'category': 'dbt', 'action': 'invocation', 'label': 'end', 'context': [<snowplow_tracker.self_describing_json.SelfDescribingJson object at 0x7f099d5125d0>, <snowplow_tracker.self_describing_json.SelfDescribingJson object at 0x7f099d660d40>, <snowplow_tracker.self_describing_json.SelfDescribingJson object at 0x7f09a21ad0d0>]}
[0m23:50:36.743003 [debug] [MainThread]: Flushing usage events
[0m23:50:36.900491 [debug] [MainThread]: An error was encountered while trying to flush usage events
[0m23:54:22.704979 [debug] [MainThread]: Sending event: {'category': 'dbt', 'action': 'invocation', 'label': 'start', 'context': [<snowplow_tracker.self_describing_json.SelfDescribingJson object at 0x7f87c51756a0>, <snowplow_tracker.self_describing_json.SelfDescribingJson object at 0x7f87c3c1fed0>, <snowplow_tracker.self_describing_json.SelfDescribingJson object at 0x7f87c3c1fb10>]}


============================== 23:54:22.710958 | 2c2cd6eb-fbc8-496b-91cc-da019ee4bdb5 ==============================
[0m23:54:22.710958 [info ] [MainThread]: Running with dbt=1.12.4
[0m23:54:22.711669 [debug] [MainThread]: running dbt with arguments {'log_format': 'default', 'static_parser': 'True', 'send_anonymous_usage_stats': 'True', 'profiles_dir': './configs/dbt', 'warn_error': 'None', 'use_experimental_parser': 'False', 'invocation_command': 'dbt run --select lap_telemetry_metrics --project-dir ./dbt --profiles-dir ./configs/dbt', 'introspect': 'True', 'write_json': 'True', 'indirect_selection': 'eager', 'version_check': 'True', 'printer_width': '80', 'quiet': 'False', 'warn_error_options': 'WarnErrorOptionsV2(error=[], warn=[], silence=[])', 'hints_enabled': 'True', 'empty': 'False', 'cache_selected_only': 'False', 'log_cache_events': 'False', 'partial_parse': 'True', 'target_path': 'None', 'no_print': 'None', 'fail_fast': 'False', 'log_path': 'dbt/logs', 'debug': 'False', 'use_colors': 'True', 'maximum_seed_size_mib': '1'}
[0m23:54:23.045553 [debug] [MainThread]: Sending event: {'category': 'dbt', 'action': 'project_id', 'label': '2c2cd6eb-fbc8-496b-91cc-da019ee4bdb5', 'context': [<snowplow_tracker.self_describing_json.SelfDescribingJson object at 0x7f87c4eb1a70>]}
[0m23:54:23.179854 [debug] [MainThread]: Sending event: {'category': 'dbt', 'action': 'adapter_info', 'label': '2c2cd6eb-fbc8-496b-91cc-da019ee4bdb5', 'context': [<snowplow_tracker.self_describing_json.SelfDescribingJson object at 0x7f87c3db98c0>]}
[0m23:54:23.181067 [info ] [MainThread]: Registered adapter: trino=1.10.3
[0m23:54:23.287947 [debug] [MainThread]: checksum: 6feb0373bf5e249bcfe93c2d0c493de2a05a899ef7ebdf18543bed5cf777135b, vars: {}, profile: f1_lakehouse, target: dev, version: 1.12.4
[0m23:54:23.589237 [debug] [MainThread]: Partial parsing enabled: 0 files deleted, 1 files added, 0 files changed.
[0m23:54:23.590254 [debug] [MainThread]: Partial parsing: added file: f1_lakehouse://models/gold/lap_telemetry_metrics.sql
[0m23:54:24.139942 [debug] [MainThread]: Sending event: {'category': 'dbt', 'action': 'load_project', 'label': '2c2cd6eb-fbc8-496b-91cc-da019ee4bdb5', 'context': [<snowplow_tracker.self_describing_json.SelfDescribingJson object at 0x7f87c33f9250>]}
[0m23:54:24.336391 [debug] [MainThread]: Wrote artifact WritableManifest to dbt/target/manifest.json
[0m23:54:24.340398 [debug] [MainThread]: Wrote artifact SemanticManifest to dbt/target/semantic_manifest.json
[0m23:54:24.357861 [debug] [MainThread]: Wrote artifact OsiDocument to dbt/target/osi_document.json
[0m23:54:24.378166 [debug] [MainThread]: Sending event: {'category': 'dbt', 'action': 'resource_counts', 'label': '2c2cd6eb-fbc8-496b-91cc-da019ee4bdb5', 'context': [<snowplow_tracker.self_describing_json.SelfDescribingJson object at 0x7f87c316e7b0>]}
[0m23:54:24.378961 [info ] [MainThread]: Found 6 models, 47 data tests, 4 sources, 498 macros
[0m23:54:24.379469 [debug] [MainThread]: Sending event: {'category': 'dbt', 'action': 'runnable_timing', 'label': '2c2cd6eb-fbc8-496b-91cc-da019ee4bdb5', 'context': [<snowplow_tracker.self_describing_json.SelfDescribingJson object at 0x7f87c317d470>]}
[0m23:54:24.382342 [info ] [MainThread]: 
[0m23:54:24.382934 [info ] [MainThread]: Concurrency: 4 threads (target='dev')
[0m23:54:24.383343 [info ] [MainThread]: 
[0m23:54:24.384031 [debug] [MainThread]: Acquiring new trino connection 'master'
[0m23:54:24.385775 [debug] [ThreadPool]: Acquiring new trino connection 'list_iceberg'
[0m23:54:24.439738 [debug] [ThreadPool]: Using trino connection "list_iceberg"
[0m23:54:24.440432 [debug] [ThreadPool]: On list_iceberg: /* {"app": "dbt", "dbt_version": "1.12.4", "profile_name": "f1_lakehouse", "target_name": "dev", "connection_name": "list_iceberg"} */

    select schema_name
    from "iceberg".INFORMATION_SCHEMA.schemata
[0m23:54:24.440987 [debug] [ThreadPool]: Opening a new connection, currently in state init
[0m23:54:24.441369 [warn ] [ThreadPool]: [[33mWARNING[0m]: SSL certificate validation is disabled by default. It is legacy behavior which will be changed in future releases. It is strongly advised to enable `require_certificate_validation` flag or explicitly set `cert` configuration to `True` for security reasons. You may receive an error after that if your SSL setup is incorrect.
You may opt into the new behavior sooner by setting `flags.require_certificate_validation` to `True` in `dbt_project.yml`.
Visit https://docs.getdbt.com/reference/global-configs/behavior-changes for more information.
[0m23:54:24.441980 [debug] [ThreadPool]: Sending event: {'category': 'dbt', 'action': 'BehaviorChangeEvent', 'label': '2c2cd6eb-fbc8-496b-91cc-da019ee4bdb5', 'context': [<snowplow_tracker.self_describing_json.SelfDescribingJson object at 0x7f87c0f342c0>]}
[0m23:54:24.515396 [debug] [ThreadPool]: SQL status: SUCCESS in 0.074 seconds
[0m23:54:24.519001 [debug] [ThreadPool]: On list_iceberg: Close
[0m23:54:24.537222 [debug] [ThreadPool]: Re-using an available connection from the pool (formerly list_iceberg, now list_iceberg_silver)
[0m23:54:24.544921 [debug] [ThreadPool]: Acquiring new trino connection 'list_iceberg_gold'
[0m23:54:24.612141 [debug] [ThreadPool]: Using trino connection "list_iceberg_gold"
[0m23:54:24.619264 [debug] [ThreadPool]: Using trino connection "list_iceberg_silver"
[0m23:54:24.620487 [debug] [ThreadPool]: On list_iceberg_gold: /* {"app": "dbt", "dbt_version": "1.12.4", "profile_name": "f1_lakehouse", "target_name": "dev", "connection_name": "list_iceberg_gold"} */
select
      t.table_catalog as database,
      t.table_name as name,
      t.table_schema as schema,
      case when mv.name is not null then 'materialized_view'
           when t.table_type = 'BASE TABLE' then 'table'
           when t.table_type = 'VIEW' then 'view'
           else t.table_type
      end as table_type
    from "iceberg".INFORMATION_SCHEMA.tables t
    left join (
            select * from system.metadata.materialized_views
            where catalog_name = 'iceberg'
              and schema_name = 'gold') mv
          on mv.catalog_name = t.table_catalog and mv.schema_name = t.table_schema and mv.name = t.table_name
    where t.table_schema = 'gold'
[0m23:54:24.621753 [debug] [ThreadPool]: On list_iceberg_silver: /* {"app": "dbt", "dbt_version": "1.12.4", "profile_name": "f1_lakehouse", "target_name": "dev", "connection_name": "list_iceberg_silver"} */
select
      t.table_catalog as database,
      t.table_name as name,
      t.table_schema as schema,
      case when mv.name is not null then 'materialized_view'
           when t.table_type = 'BASE TABLE' then 'table'
           when t.table_type = 'VIEW' then 'view'
           else t.table_type
      end as table_type
    from "iceberg".INFORMATION_SCHEMA.tables t
    left join (
            select * from system.metadata.materialized_views
            where catalog_name = 'iceberg'
              and schema_name = 'silver') mv
          on mv.catalog_name = t.table_catalog and mv.schema_name = t.table_schema and mv.name = t.table_name
    where t.table_schema = 'silver'
[0m23:54:24.622877 [debug] [ThreadPool]: Opening a new connection, currently in state init
[0m23:54:24.623903 [debug] [ThreadPool]: Opening a new connection, currently in state closed
[0m23:54:24.841155 [debug] [ThreadPool]: SQL status: SUCCESS in 0.218 seconds
[0m23:54:24.843459 [debug] [ThreadPool]: On list_iceberg_gold: ROLLBACK
[0m23:54:24.844137 [debug] [ThreadPool]: On list_iceberg_gold: Close
[0m23:54:24.847065 [debug] [ThreadPool]: SQL status: SUCCESS in 0.223 seconds
[0m23:54:24.850667 [debug] [ThreadPool]: On list_iceberg_silver: ROLLBACK
[0m23:54:24.851702 [debug] [ThreadPool]: On list_iceberg_silver: Close
[0m23:54:24.855605 [debug] [MainThread]: Sending event: {'category': 'dbt', 'action': 'runnable_timing', 'label': '2c2cd6eb-fbc8-496b-91cc-da019ee4bdb5', 'context': [<snowplow_tracker.self_describing_json.SelfDescribingJson object at 0x7f87c3133e90>]}
[0m23:54:24.856945 [debug] [MainThread]: On master: COMMIT
[0m23:54:24.863179 [debug] [Thread-1 (]: Began running node model.f1_lakehouse.lap_telemetry_metrics
[0m23:54:24.864503 [info ] [Thread-1 (]: 1 of 1 START sql table model gold.lap_telemetry_metrics ........................ [RUN]
[0m23:54:24.865271 [debug] [Thread-1 (]: Re-using an available connection from the pool (formerly list_iceberg_gold, now model.f1_lakehouse.lap_telemetry_metrics)
[0m23:54:24.865766 [debug] [Thread-1 (]: Began compiling node model.f1_lakehouse.lap_telemetry_metrics
[0m23:54:24.869427 [debug] [Thread-1 (]: Writing injected SQL for node "model.f1_lakehouse.lap_telemetry_metrics"
[0m23:54:24.870318 [debug] [Thread-1 (]: Began executing node model.f1_lakehouse.lap_telemetry_metrics
[0m23:54:24.947144 [debug] [Thread-1 (]: Writing runtime sql for node "model.f1_lakehouse.lap_telemetry_metrics"
[0m23:54:24.957695 [debug] [Thread-1 (]: Using trino connection "model.f1_lakehouse.lap_telemetry_metrics"
[0m23:54:24.958430 [debug] [Thread-1 (]: On model.f1_lakehouse.lap_telemetry_metrics: /* {"app": "dbt", "dbt_version": "1.12.4", "profile_name": "f1_lakehouse", "target_name": "dev", "node_id": "model.f1_lakehouse.lap_telemetry_metrics"} */

  
    

    create table "iceberg"."gold"."lap_telemetry_metrics"
      
      
    as (
      

with telemetry as (

    select *

    from "iceberg"."silver"."silver_telemetry"

),

lap_metrics as (

    select

        season,
        event_name,
        event_slug,
        session_type,

        driver_code,
        team_name,
        lap_number,

        count(*) as telemetry_samples,

        round(
            avg(speed_kph),
            2
        ) as avg_speed_kph,

        round(
            max(speed_kph),
            2
        ) as max_speed_kph,

        round(
            avg(rpm),
            0
        ) as avg_rpm,

        round(
            max(rpm),
            0
        ) as peak_rpm,

        round(
            avg(throttle_pct),
            2
        ) as avg_throttle_pct,

        round(
            100.0
            * sum(
                case
                    when throttle_pct >= 99
                    then 1
                    else 0
                end
            )
            / count(*),
            2
        ) as full_throttle_pct,

        round(
            100.0
            * sum(
                case
                    when brake
                    then 1
                    else 0
                end
            )
            / count(*),
            2
        ) as braking_pct,

        round(
            max(distance),
            2
        ) as measured_lap_distance

    from telemetry

    group by

        season,
        event_name,
        event_slug,
        session_type,

        driver_code,
        team_name,
        lap_number

),

laps as (

    select

        season,
        event_slug,
        session_type,
        driver_code,
        lap_number,

        lap_time_seconds,
        compound,
        tyre_life,
        position

    from "iceberg"."silver"."silver_laps"

)

select

    t.season,
    t.event_name,
    t.event_slug,
    t.session_type,

    t.driver_code,
    t.team_name,
    t.lap_number,

    l.lap_time_seconds,
    l.compound,
    l.tyre_life,
    l.position,

    t.telemetry_samples,

    t.avg_speed_kph,
    t.max_speed_kph,

    t.avg_rpm,
    t.peak_rpm,

    t.avg_throttle_pct,
    t.full_throttle_pct,
    t.braking_pct,

    t.measured_lap_distance

from lap_metrics t

left join laps l

    on t.season = l.season

   and t.event_slug = l.event_slug

   and t.session_type = l.session_type

   and t.driver_code = l.driver_code

   and t.lap_number = l.lap_number
    )
[0m23:54:24.959018 [debug] [Thread-1 (]: Opening a new connection, currently in state closed
[0m23:54:25.905965 [debug] [Thread-1 (]: SQL status: CREATE TABLE (1_054 rows) in 0.947 seconds
[0m23:54:25.941685 [debug] [Thread-1 (]: On model.f1_lakehouse.lap_telemetry_metrics: ROLLBACK
[0m23:54:25.942469 [debug] [Thread-1 (]: On model.f1_lakehouse.lap_telemetry_metrics: Close
[0m23:54:25.945586 [debug] [Thread-1 (]: Sending event: {'category': 'dbt', 'action': 'run_model', 'label': '2c2cd6eb-fbc8-496b-91cc-da019ee4bdb5', 'context': [<snowplow_tracker.self_describing_json.SelfDescribingJson object at 0x7f87c1006150>]}
[0m23:54:25.946923 [info ] [Thread-1 (]: 1 of 1 OK created sql table model gold.lap_telemetry_metrics ................... [[32mCREATE TABLE (1_054 rows)[0m in 1.08s]
[0m23:54:25.948026 [debug] [Thread-1 (]: Finished running node model.f1_lakehouse.lap_telemetry_metrics
[0m23:54:25.951465 [debug] [MainThread]: On master: COMMIT
[0m23:54:25.952499 [debug] [MainThread]: Connection 'master' was properly closed.
[0m23:54:25.953230 [debug] [MainThread]: Connection 'list_iceberg_silver' was properly closed.
[0m23:54:25.954150 [debug] [MainThread]: Connection 'model.f1_lakehouse.lap_telemetry_metrics' was properly closed.
[0m23:54:25.955089 [info ] [MainThread]: 
[0m23:54:25.955775 [info ] [MainThread]: Finished running 1 table model in 0 hours 0 minutes and 1.57 seconds (1.57s).
[0m23:54:25.957052 [debug] [MainThread]: Command end result
[0m23:54:26.029705 [debug] [MainThread]: Wrote artifact WritableManifest to dbt/target/manifest.json
[0m23:54:26.033819 [debug] [MainThread]: Wrote artifact SemanticManifest to dbt/target/semantic_manifest.json
[0m23:54:26.037417 [debug] [MainThread]: Wrote artifact OsiDocument to dbt/target/osi_document.json
[0m23:54:26.047308 [debug] [MainThread]: Wrote artifact RunExecutionResult to dbt/target/run_results.json
[0m23:54:26.047877 [info ] [MainThread]: 
[0m23:54:26.048405 [info ] [MainThread]: [32mCompleted successfully[0m
[0m23:54:26.048807 [info ] [MainThread]: 
[0m23:54:26.049394 [info ] [MainThread]: Done. PASS=1 WARN=0 ERROR=0 SKIP=0 NO-OP=0 REUSED=0 TOTAL=1
[0m23:54:26.050622 [debug] [MainThread]: Resource report: {"command_name": "run", "command_success": true, "command_wall_clock_time": 3.4956048, "process_in_blocks": "0", "process_kernel_time": 0.241948, "process_mem_max_rss": "139612", "process_out_blocks": "4416", "process_user_time": 4.104098}
[0m23:54:26.051317 [debug] [MainThread]: Command `dbt run` succeeded at 23:54:26.051193 after 3.50 seconds
[0m23:54:26.051810 [debug] [MainThread]: Sending event: {'category': 'dbt', 'action': 'invocation', 'label': 'end', 'context': [<snowplow_tracker.self_describing_json.SelfDescribingJson object at 0x7f87c0fb8730>, <snowplow_tracker.self_describing_json.SelfDescribingJson object at 0x7f87c0fb6600>, <snowplow_tracker.self_describing_json.SelfDescribingJson object at 0x7f87c32b4d50>]}
[0m23:54:26.052307 [debug] [MainThread]: Flushing usage events
[0m23:54:26.312036 [debug] [MainThread]: An error was encountered while trying to flush usage events
[0m04:12:34.889128 [debug] [MainThread]: Sending event: {'category': 'dbt', 'action': 'invocation', 'label': 'start', 'context': [<snowplow_tracker.self_describing_json.SelfDescribingJson object at 0x7f77957299a0>, <snowplow_tracker.self_describing_json.SelfDescribingJson object at 0x7f7795615190>, <snowplow_tracker.self_describing_json.SelfDescribingJson object at 0x7f77924d8c80>]}


============================== 04:12:34.921987 | 9a9523f5-6d94-4f3c-8bd8-1f4b442010a6 ==============================
[0m04:12:34.921987 [info ] [MainThread]: Running with dbt=1.12.4
[0m04:12:34.922431 [debug] [MainThread]: running dbt with arguments {'version_check': 'True', 'partial_parse': 'True', 'maximum_seed_size_mib': '1', 'warn_error_options': 'WarnErrorOptionsV2(error=[], warn=[], silence=[])', 'cache_selected_only': 'False', 'use_experimental_parser': 'False', 'use_colors': 'True', 'static_parser': 'True', 'hints_enabled': 'True', 'log_format': 'default', 'printer_width': '80', 'send_anonymous_usage_stats': 'True', 'indirect_selection': 'eager', 'target_path': 'None', 'profiles_dir': 'configs/dbt', 'log_cache_events': 'False', 'empty': 'None', 'quiet': 'False', 'fail_fast': 'False', 'invocation_command': 'dbt test --select source:bronze --project-dir dbt --profiles-dir configs/dbt', 'introspect': 'True', 'debug': 'False', 'no_print': 'None', 'write_json': 'True', 'log_path': 'dbt/logs', 'warn_error': 'None'}
[0m04:12:35.214199 [debug] [MainThread]: Sending event: {'category': 'dbt', 'action': 'project_id', 'label': '9a9523f5-6d94-4f3c-8bd8-1f4b442010a6', 'context': [<snowplow_tracker.self_describing_json.SelfDescribingJson object at 0x7f7793325c70>]}
[0m04:12:35.292710 [debug] [MainThread]: Sending event: {'category': 'dbt', 'action': 'adapter_info', 'label': '9a9523f5-6d94-4f3c-8bd8-1f4b442010a6', 'context': [<snowplow_tracker.self_describing_json.SelfDescribingJson object at 0x7f7793497530>]}
[0m04:12:35.293415 [info ] [MainThread]: Registered adapter: trino=1.10.3
[0m04:12:35.378072 [debug] [MainThread]: checksum: 6feb0373bf5e249bcfe93c2d0c493de2a05a899ef7ebdf18543bed5cf777135b, vars: {}, profile: f1_lakehouse, target: dev, version: 1.12.4
[0m04:12:35.489325 [info ] [MainThread]: Unable to do partial parsing because profile has changed
[0m04:12:35.489729 [debug] [MainThread]: Sending event: {'category': 'dbt', 'action': 'partial_parser', 'label': '9a9523f5-6d94-4f3c-8bd8-1f4b442010a6', 'context': [<snowplow_tracker.self_describing_json.SelfDescribingJson object at 0x7f7792a2b1d0>]}
[0m04:12:37.212214 [debug] [MainThread]: Sending event: {'category': 'dbt', 'action': 'load_project', 'label': '9a9523f5-6d94-4f3c-8bd8-1f4b442010a6', 'context': [<snowplow_tracker.self_describing_json.SelfDescribingJson object at 0x7f778bcf2630>]}
[0m04:12:37.311901 [debug] [MainThread]: Wrote artifact WritableManifest to dbt/target/manifest.json
[0m04:12:37.321296 [debug] [MainThread]: Wrote artifact SemanticManifest to dbt/target/semantic_manifest.json
[0m04:12:37.338937 [debug] [MainThread]: Wrote artifact OsiDocument to dbt/target/osi_document.json
[0m04:12:37.362982 [debug] [MainThread]: Sending event: {'category': 'dbt', 'action': 'resource_counts', 'label': '9a9523f5-6d94-4f3c-8bd8-1f4b442010a6', 'context': [<snowplow_tracker.self_describing_json.SelfDescribingJson object at 0x7f778bf64080>]}
[0m04:12:37.363541 [info ] [MainThread]: Found 6 models, 47 data tests, 4 sources, 498 macros
[0m04:12:37.363913 [debug] [MainThread]: Sending event: {'category': 'dbt', 'action': 'runnable_timing', 'label': '9a9523f5-6d94-4f3c-8bd8-1f4b442010a6', 'context': [<snowplow_tracker.self_describing_json.SelfDescribingJson object at 0x7f778bebbf50>]}
[0m04:12:37.366648 [info ] [MainThread]: 
[0m04:12:37.367147 [info ] [MainThread]: Concurrency: 4 threads (target='dev')
[0m04:12:37.367489 [info ] [MainThread]: 
[0m04:12:37.368059 [debug] [MainThread]: Acquiring new trino connection 'master'
[0m04:12:37.373351 [debug] [ThreadPool]: Acquiring new trino connection 'list_iceberg_silver'
[0m04:12:37.384821 [debug] [ThreadPool]: Acquiring new trino connection 'list_iceberg_gold'
[0m04:12:37.458033 [debug] [ThreadPool]: Using trino connection "list_iceberg_gold"
[0m04:12:37.458581 [debug] [ThreadPool]: On list_iceberg_gold: /* {"app": "dbt", "dbt_version": "1.12.4", "profile_name": "f1_lakehouse", "target_name": "dev", "connection_name": "list_iceberg_gold"} */
select
      t.table_catalog as database,
      t.table_name as name,
      t.table_schema as schema,
      case when mv.name is not null then 'materialized_view'
           when t.table_type = 'BASE TABLE' then 'table'
           when t.table_type = 'VIEW' then 'view'
           else t.table_type
      end as table_type
    from "iceberg".INFORMATION_SCHEMA.tables t
    left join (
            select * from system.metadata.materialized_views
            where catalog_name = 'iceberg'
              and schema_name = 'gold') mv
          on mv.catalog_name = t.table_catalog and mv.schema_name = t.table_schema and mv.name = t.table_name
    where t.table_schema = 'gold'
[0m04:12:37.458939 [debug] [ThreadPool]: Opening a new connection, currently in state init
[0m04:12:37.459213 [warn ] [ThreadPool]: [[33mWARNING[0m]: SSL certificate validation is disabled by default. It is legacy behavior which will be changed in future releases. It is strongly advised to enable `require_certificate_validation` flag or explicitly set `cert` configuration to `True` for security reasons. You may receive an error after that if your SSL setup is incorrect.
You may opt into the new behavior sooner by setting `flags.require_certificate_validation` to `True` in `dbt_project.yml`.
Visit https://docs.getdbt.com/reference/global-configs/behavior-changes for more information.
[0m04:12:37.461711 [debug] [ThreadPool]: Using trino connection "list_iceberg_silver"
[0m04:12:37.462268 [debug] [ThreadPool]: Sending event: {'category': 'dbt', 'action': 'BehaviorChangeEvent', 'label': '9a9523f5-6d94-4f3c-8bd8-1f4b442010a6', 'context': [<snowplow_tracker.self_describing_json.SelfDescribingJson object at 0x7f77918258b0>]}
[0m04:12:37.462728 [debug] [ThreadPool]: On list_iceberg_silver: /* {"app": "dbt", "dbt_version": "1.12.4", "profile_name": "f1_lakehouse", "target_name": "dev", "connection_name": "list_iceberg_silver"} */
select
      t.table_catalog as database,
      t.table_name as name,
      t.table_schema as schema,
      case when mv.name is not null then 'materialized_view'
           when t.table_type = 'BASE TABLE' then 'table'
           when t.table_type = 'VIEW' then 'view'
           else t.table_type
      end as table_type
    from "iceberg".INFORMATION_SCHEMA.tables t
    left join (
            select * from system.metadata.materialized_views
            where catalog_name = 'iceberg'
              and schema_name = 'silver') mv
          on mv.catalog_name = t.table_catalog and mv.schema_name = t.table_schema and mv.name = t.table_name
    where t.table_schema = 'silver'
[0m04:12:37.463618 [debug] [ThreadPool]: Opening a new connection, currently in state init
[0m04:12:37.710173 [debug] [ThreadPool]: SQL status: SUCCESS in 0.251 seconds
[0m04:12:37.711547 [debug] [ThreadPool]: On list_iceberg_gold: ROLLBACK
[0m04:12:37.711921 [debug] [ThreadPool]: On list_iceberg_gold: Close
[0m04:12:37.713359 [debug] [ThreadPool]: SQL status: SUCCESS in 0.250 seconds
[0m04:12:37.715812 [debug] [ThreadPool]: On list_iceberg_silver: ROLLBACK
[0m04:12:37.716178 [debug] [ThreadPool]: On list_iceberg_silver: Close
[0m04:12:37.718239 [debug] [MainThread]: Sending event: {'category': 'dbt', 'action': 'runnable_timing', 'label': '9a9523f5-6d94-4f3c-8bd8-1f4b442010a6', 'context': [<snowplow_tracker.self_describing_json.SelfDescribingJson object at 0x7f778bb15ca0>]}
[0m04:12:37.719154 [debug] [MainThread]: On master: COMMIT
[0m04:12:37.724673 [debug] [Thread-1 (]: Began running node test.f1_lakehouse.source_not_null_bronze_laps_driver_code.56bd742ed7
[0m04:12:37.726231 [debug] [Thread-2 (]: Began running node test.f1_lakehouse.source_not_null_bronze_laps_event_slug.07baad0280
[0m04:12:37.726936 [debug] [Thread-3 (]: Began running node test.f1_lakehouse.source_not_null_bronze_laps_lap_number.82b2201cba
[0m04:12:37.725576 [info ] [Thread-1 (]: 1 of 16 START test source_not_null_bronze_laps_driver_code ..................... [RUN]
[0m04:12:37.727680 [info ] [Thread-2 (]: 2 of 16 START test source_not_null_bronze_laps_event_slug ...................... [RUN]
[0m04:12:37.728605 [debug] [Thread-4 (]: Began running node test.f1_lakehouse.source_not_null_bronze_laps_season.a9a8566ca5
[0m04:12:37.729208 [info ] [Thread-3 (]: 3 of 16 START test source_not_null_bronze_laps_lap_number ...................... [RUN]
[0m04:12:37.729906 [debug] [Thread-1 (]: Re-using an available connection from the pool (formerly list_iceberg_silver, now test.f1_lakehouse.source_not_null_bronze_laps_driver_code.56bd742ed7)
[0m04:12:37.730896 [debug] [Thread-2 (]: Re-using an available connection from the pool (formerly list_iceberg_gold, now test.f1_lakehouse.source_not_null_bronze_laps_event_slug.07baad0280)
[0m04:12:37.731663 [info ] [Thread-4 (]: 4 of 16 START test source_not_null_bronze_laps_season .......................... [RUN]
[0m04:12:37.732558 [debug] [Thread-3 (]: Acquiring new trino connection 'test.f1_lakehouse.source_not_null_bronze_laps_lap_number.82b2201cba'
[0m04:12:37.733274 [debug] [Thread-1 (]: Began compiling node test.f1_lakehouse.source_not_null_bronze_laps_driver_code.56bd742ed7
[0m04:12:37.734107 [debug] [Thread-2 (]: Began compiling node test.f1_lakehouse.source_not_null_bronze_laps_event_slug.07baad0280
[0m04:12:37.735200 [debug] [Thread-4 (]: Acquiring new trino connection 'test.f1_lakehouse.source_not_null_bronze_laps_season.a9a8566ca5'
[0m04:12:37.735784 [debug] [Thread-3 (]: Began compiling node test.f1_lakehouse.source_not_null_bronze_laps_lap_number.82b2201cba
[0m04:12:37.775965 [debug] [Thread-2 (]: Writing injected SQL for node "test.f1_lakehouse.source_not_null_bronze_laps_event_slug.07baad0280"
[0m04:12:37.776599 [debug] [Thread-4 (]: Began compiling node test.f1_lakehouse.source_not_null_bronze_laps_season.a9a8566ca5
[0m04:12:37.779194 [debug] [Thread-1 (]: Writing injected SQL for node "test.f1_lakehouse.source_not_null_bronze_laps_driver_code.56bd742ed7"
[0m04:12:37.786395 [debug] [Thread-3 (]: Writing injected SQL for node "test.f1_lakehouse.source_not_null_bronze_laps_lap_number.82b2201cba"
[0m04:12:37.794456 [debug] [Thread-4 (]: Writing injected SQL for node "test.f1_lakehouse.source_not_null_bronze_laps_season.a9a8566ca5"
[0m04:12:37.795552 [debug] [Thread-2 (]: Began executing node test.f1_lakehouse.source_not_null_bronze_laps_event_slug.07baad0280
[0m04:12:37.796505 [debug] [Thread-1 (]: Began executing node test.f1_lakehouse.source_not_null_bronze_laps_driver_code.56bd742ed7
[0m04:12:37.797254 [debug] [Thread-3 (]: Began executing node test.f1_lakehouse.source_not_null_bronze_laps_lap_number.82b2201cba
[0m04:12:37.850452 [debug] [Thread-2 (]: Writing runtime sql for node "test.f1_lakehouse.source_not_null_bronze_laps_event_slug.07baad0280"
[0m04:12:37.852055 [debug] [Thread-3 (]: Writing runtime sql for node "test.f1_lakehouse.source_not_null_bronze_laps_lap_number.82b2201cba"
[0m04:12:37.853940 [debug] [Thread-1 (]: Writing runtime sql for node "test.f1_lakehouse.source_not_null_bronze_laps_driver_code.56bd742ed7"
[0m04:12:37.855320 [debug] [Thread-4 (]: Began executing node test.f1_lakehouse.source_not_null_bronze_laps_season.a9a8566ca5
[0m04:12:37.858569 [debug] [Thread-4 (]: Writing runtime sql for node "test.f1_lakehouse.source_not_null_bronze_laps_season.a9a8566ca5"
[0m04:12:37.860763 [debug] [Thread-2 (]: Using trino connection "test.f1_lakehouse.source_not_null_bronze_laps_event_slug.07baad0280"
[0m04:12:37.861289 [debug] [Thread-2 (]: On test.f1_lakehouse.source_not_null_bronze_laps_event_slug.07baad0280: /* {"app": "dbt", "dbt_version": "1.12.4", "profile_name": "f1_lakehouse", "target_name": "dev", "node_id": "test.f1_lakehouse.source_not_null_bronze_laps_event_slug.07baad0280"} */

    
    select
      count(*) as failures,
      count(*) != 0 as should_warn,
      count(*) != 0 as should_error
    from (
      
    
  
    
    



select event_slug
from "iceberg"."bronze"."laps"
where event_slug is null



  
  
      
    ) dbt_internal_test
[0m04:12:37.861639 [debug] [Thread-2 (]: Opening a new connection, currently in state closed
[0m04:12:37.863187 [debug] [Thread-3 (]: Using trino connection "test.f1_lakehouse.source_not_null_bronze_laps_lap_number.82b2201cba"
[0m04:12:37.864376 [debug] [Thread-3 (]: On test.f1_lakehouse.source_not_null_bronze_laps_lap_number.82b2201cba: /* {"app": "dbt", "dbt_version": "1.12.4", "profile_name": "f1_lakehouse", "target_name": "dev", "node_id": "test.f1_lakehouse.source_not_null_bronze_laps_lap_number.82b2201cba"} */

    
    select
      count(*) as failures,
      count(*) != 0 as should_warn,
      count(*) != 0 as should_error
    from (
      
    
  
    
    



select lap_number
from "iceberg"."bronze"."laps"
where lap_number is null



  
  
      
    ) dbt_internal_test
[0m04:12:37.864762 [debug] [Thread-3 (]: Opening a new connection, currently in state init
[0m04:12:37.867657 [debug] [Thread-1 (]: Using trino connection "test.f1_lakehouse.source_not_null_bronze_laps_driver_code.56bd742ed7"
[0m04:12:37.868526 [debug] [Thread-1 (]: On test.f1_lakehouse.source_not_null_bronze_laps_driver_code.56bd742ed7: /* {"app": "dbt", "dbt_version": "1.12.4", "profile_name": "f1_lakehouse", "target_name": "dev", "node_id": "test.f1_lakehouse.source_not_null_bronze_laps_driver_code.56bd742ed7"} */

    
    select
      count(*) as failures,
      count(*) != 0 as should_warn,
      count(*) != 0 as should_error
    from (
      
    
  
    
    



select driver_code
from "iceberg"."bronze"."laps"
where driver_code is null



  
  
      
    ) dbt_internal_test
[0m04:12:37.870392 [debug] [Thread-4 (]: Using trino connection "test.f1_lakehouse.source_not_null_bronze_laps_season.a9a8566ca5"
[0m04:12:37.870971 [debug] [Thread-1 (]: Opening a new connection, currently in state closed
[0m04:12:37.872247 [debug] [Thread-4 (]: On test.f1_lakehouse.source_not_null_bronze_laps_season.a9a8566ca5: /* {"app": "dbt", "dbt_version": "1.12.4", "profile_name": "f1_lakehouse", "target_name": "dev", "node_id": "test.f1_lakehouse.source_not_null_bronze_laps_season.a9a8566ca5"} */

    
    select
      count(*) as failures,
      count(*) != 0 as should_warn,
      count(*) != 0 as should_error
    from (
      
    
  
    
    



select season
from "iceberg"."bronze"."laps"
where season is null



  
  
      
    ) dbt_internal_test
[0m04:12:37.873699 [debug] [Thread-4 (]: Opening a new connection, currently in state init
[0m04:12:38.048133 [debug] [Thread-1 (]: SQL status: SUCCESS in 0.177 seconds
[0m04:12:38.055143 [debug] [Thread-2 (]: SQL status: SUCCESS in 0.193 seconds
[0m04:12:38.060424 [debug] [Thread-2 (]: On test.f1_lakehouse.source_not_null_bronze_laps_event_slug.07baad0280: ROLLBACK
[0m04:12:38.061005 [debug] [Thread-2 (]: On test.f1_lakehouse.source_not_null_bronze_laps_event_slug.07baad0280: Close
[0m04:12:38.063593 [debug] [Thread-1 (]: On test.f1_lakehouse.source_not_null_bronze_laps_driver_code.56bd742ed7: ROLLBACK
[0m04:12:38.065918 [info ] [Thread-2 (]: 2 of 16 PASS source_not_null_bronze_laps_event_slug ............................ [[32mPASS[0m in 0.33s]
[0m04:12:38.067723 [debug] [Thread-1 (]: On test.f1_lakehouse.source_not_null_bronze_laps_driver_code.56bd742ed7: Close
[0m04:12:38.068764 [debug] [Thread-4 (]: SQL status: SUCCESS in 0.195 seconds
[0m04:12:38.071413 [debug] [Thread-2 (]: Finished running node test.f1_lakehouse.source_not_null_bronze_laps_event_slug.07baad0280
[0m04:12:38.074667 [debug] [Thread-3 (]: SQL status: SUCCESS in 0.210 seconds
[0m04:12:38.073671 [info ] [Thread-1 (]: 1 of 16 PASS source_not_null_bronze_laps_driver_code ........................... [[32mPASS[0m in 0.34s]
[0m04:12:38.077783 [debug] [Thread-4 (]: On test.f1_lakehouse.source_not_null_bronze_laps_season.a9a8566ca5: ROLLBACK
[0m04:12:38.078817 [debug] [Thread-2 (]: Began running node test.f1_lakehouse.source_not_null_bronze_laps_session_type.743f4e9922
[0m04:12:38.080874 [debug] [Thread-3 (]: On test.f1_lakehouse.source_not_null_bronze_laps_lap_number.82b2201cba: ROLLBACK
[0m04:12:38.081997 [debug] [Thread-1 (]: Finished running node test.f1_lakehouse.source_not_null_bronze_laps_driver_code.56bd742ed7
[0m04:12:38.082814 [debug] [Thread-4 (]: On test.f1_lakehouse.source_not_null_bronze_laps_season.a9a8566ca5: Close
[0m04:12:38.083638 [info ] [Thread-2 (]: 5 of 16 START test source_not_null_bronze_laps_session_type .................... [RUN]
[0m04:12:38.084156 [debug] [Thread-3 (]: On test.f1_lakehouse.source_not_null_bronze_laps_lap_number.82b2201cba: Close
[0m04:12:38.084660 [debug] [Thread-1 (]: Began running node test.f1_lakehouse.source_not_null_bronze_results_driver_code.7cdeb71009
[0m04:12:38.086837 [debug] [Thread-2 (]: Re-using an available connection from the pool (formerly test.f1_lakehouse.source_not_null_bronze_laps_event_slug.07baad0280, now test.f1_lakehouse.source_not_null_bronze_laps_session_type.743f4e9922)
[0m04:12:38.086030 [info ] [Thread-4 (]: 4 of 16 PASS source_not_null_bronze_laps_season ................................ [[32mPASS[0m in 0.35s]
[0m04:12:38.088130 [info ] [Thread-3 (]: 3 of 16 PASS source_not_null_bronze_laps_lap_number ............................ [[32mPASS[0m in 0.36s]
[0m04:12:38.088779 [info ] [Thread-1 (]: 6 of 16 START test source_not_null_bronze_results_driver_code .................. [RUN]
[0m04:12:38.089701 [debug] [Thread-2 (]: Began compiling node test.f1_lakehouse.source_not_null_bronze_laps_session_type.743f4e9922
[0m04:12:38.090789 [debug] [Thread-4 (]: Finished running node test.f1_lakehouse.source_not_null_bronze_laps_season.a9a8566ca5
[0m04:12:38.091627 [debug] [Thread-3 (]: Finished running node test.f1_lakehouse.source_not_null_bronze_laps_lap_number.82b2201cba
[0m04:12:38.092369 [debug] [Thread-1 (]: Re-using an available connection from the pool (formerly test.f1_lakehouse.source_not_null_bronze_laps_driver_code.56bd742ed7, now test.f1_lakehouse.source_not_null_bronze_results_driver_code.7cdeb71009)
[0m04:12:38.100239 [debug] [Thread-2 (]: Writing injected SQL for node "test.f1_lakehouse.source_not_null_bronze_laps_session_type.743f4e9922"
[0m04:12:38.100820 [debug] [Thread-4 (]: Began running node test.f1_lakehouse.source_not_null_bronze_results_event_slug.109a08e592
[0m04:12:38.101515 [debug] [Thread-3 (]: Began running node test.f1_lakehouse.source_not_null_bronze_results_season.8589053577
[0m04:12:38.102275 [debug] [Thread-1 (]: Began compiling node test.f1_lakehouse.source_not_null_bronze_results_driver_code.7cdeb71009
[0m04:12:38.103148 [info ] [Thread-4 (]: 7 of 16 START test source_not_null_bronze_results_event_slug ................... [RUN]
[0m04:12:38.104057 [info ] [Thread-3 (]: 8 of 16 START test source_not_null_bronze_results_season ....................... [RUN]
[0m04:12:38.110295 [debug] [Thread-2 (]: Began executing node test.f1_lakehouse.source_not_null_bronze_laps_session_type.743f4e9922
[0m04:12:38.116989 [debug] [Thread-1 (]: Writing injected SQL for node "test.f1_lakehouse.source_not_null_bronze_results_driver_code.7cdeb71009"
[0m04:12:38.117883 [debug] [Thread-4 (]: Re-using an available connection from the pool (formerly test.f1_lakehouse.source_not_null_bronze_laps_season.a9a8566ca5, now test.f1_lakehouse.source_not_null_bronze_results_event_slug.109a08e592)
[0m04:12:38.118540 [debug] [Thread-3 (]: Re-using an available connection from the pool (formerly test.f1_lakehouse.source_not_null_bronze_laps_lap_number.82b2201cba, now test.f1_lakehouse.source_not_null_bronze_results_season.8589053577)
[0m04:12:38.121275 [debug] [Thread-2 (]: Writing runtime sql for node "test.f1_lakehouse.source_not_null_bronze_laps_session_type.743f4e9922"
[0m04:12:38.122181 [debug] [Thread-4 (]: Began compiling node test.f1_lakehouse.source_not_null_bronze_results_event_slug.109a08e592
[0m04:12:38.122967 [debug] [Thread-3 (]: Began compiling node test.f1_lakehouse.source_not_null_bronze_results_season.8589053577
[0m04:12:38.123806 [debug] [Thread-1 (]: Began executing node test.f1_lakehouse.source_not_null_bronze_results_driver_code.7cdeb71009
[0m04:12:38.132079 [debug] [Thread-2 (]: Using trino connection "test.f1_lakehouse.source_not_null_bronze_laps_session_type.743f4e9922"
[0m04:12:38.138004 [debug] [Thread-4 (]: Writing injected SQL for node "test.f1_lakehouse.source_not_null_bronze_results_event_slug.109a08e592"
[0m04:12:38.146750 [debug] [Thread-3 (]: Writing injected SQL for node "test.f1_lakehouse.source_not_null_bronze_results_season.8589053577"
[0m04:12:38.149329 [debug] [Thread-1 (]: Writing runtime sql for node "test.f1_lakehouse.source_not_null_bronze_results_driver_code.7cdeb71009"
[0m04:12:38.150254 [debug] [Thread-2 (]: On test.f1_lakehouse.source_not_null_bronze_laps_session_type.743f4e9922: /* {"app": "dbt", "dbt_version": "1.12.4", "profile_name": "f1_lakehouse", "target_name": "dev", "node_id": "test.f1_lakehouse.source_not_null_bronze_laps_session_type.743f4e9922"} */

    
    select
      count(*) as failures,
      count(*) != 0 as should_warn,
      count(*) != 0 as should_error
    from (
      
    
  
    
    



select session_type
from "iceberg"."bronze"."laps"
where session_type is null



  
  
      
    ) dbt_internal_test
[0m04:12:38.151516 [debug] [Thread-4 (]: Began executing node test.f1_lakehouse.source_not_null_bronze_results_event_slug.109a08e592
[0m04:12:38.152336 [debug] [Thread-2 (]: Opening a new connection, currently in state closed
[0m04:12:38.153144 [debug] [Thread-3 (]: Began executing node test.f1_lakehouse.source_not_null_bronze_results_season.8589053577
[0m04:12:38.156368 [debug] [Thread-4 (]: Writing runtime sql for node "test.f1_lakehouse.source_not_null_bronze_results_event_slug.109a08e592"
[0m04:12:38.159084 [debug] [Thread-1 (]: Using trino connection "test.f1_lakehouse.source_not_null_bronze_results_driver_code.7cdeb71009"
[0m04:12:38.163581 [debug] [Thread-3 (]: Writing runtime sql for node "test.f1_lakehouse.source_not_null_bronze_results_season.8589053577"
[0m04:12:38.164664 [debug] [Thread-1 (]: On test.f1_lakehouse.source_not_null_bronze_results_driver_code.7cdeb71009: /* {"app": "dbt", "dbt_version": "1.12.4", "profile_name": "f1_lakehouse", "target_name": "dev", "node_id": "test.f1_lakehouse.source_not_null_bronze_results_driver_code.7cdeb71009"} */

    
    select
      count(*) as failures,
      count(*) != 0 as should_warn,
      count(*) != 0 as should_error
    from (
      
    
  
    
    



select driver_code
from "iceberg"."bronze"."results"
where driver_code is null



  
  
      
    ) dbt_internal_test
[0m04:12:38.166693 [debug] [Thread-4 (]: Using trino connection "test.f1_lakehouse.source_not_null_bronze_results_event_slug.109a08e592"
[0m04:12:38.167317 [debug] [Thread-1 (]: Opening a new connection, currently in state closed
[0m04:12:38.167930 [debug] [Thread-4 (]: On test.f1_lakehouse.source_not_null_bronze_results_event_slug.109a08e592: /* {"app": "dbt", "dbt_version": "1.12.4", "profile_name": "f1_lakehouse", "target_name": "dev", "node_id": "test.f1_lakehouse.source_not_null_bronze_results_event_slug.109a08e592"} */

    
    select
      count(*) as failures,
      count(*) != 0 as should_warn,
      count(*) != 0 as should_error
    from (
      
    
  
    
    



select event_slug
from "iceberg"."bronze"."results"
where event_slug is null



  
  
      
    ) dbt_internal_test
[0m04:12:38.170691 [debug] [Thread-3 (]: Using trino connection "test.f1_lakehouse.source_not_null_bronze_results_season.8589053577"
[0m04:12:38.173943 [debug] [Thread-4 (]: Opening a new connection, currently in state closed
[0m04:12:38.175549 [debug] [Thread-3 (]: On test.f1_lakehouse.source_not_null_bronze_results_season.8589053577: /* {"app": "dbt", "dbt_version": "1.12.4", "profile_name": "f1_lakehouse", "target_name": "dev", "node_id": "test.f1_lakehouse.source_not_null_bronze_results_season.8589053577"} */

    
    select
      count(*) as failures,
      count(*) != 0 as should_warn,
      count(*) != 0 as should_error
    from (
      
    
  
    
    



select season
from "iceberg"."bronze"."results"
where season is null



  
  
      
    ) dbt_internal_test
[0m04:12:38.177936 [debug] [Thread-3 (]: Opening a new connection, currently in state closed
[0m04:12:38.304594 [debug] [Thread-2 (]: SQL status: SUCCESS in 0.152 seconds
[0m04:12:38.307177 [debug] [Thread-2 (]: On test.f1_lakehouse.source_not_null_bronze_laps_session_type.743f4e9922: ROLLBACK
[0m04:12:38.309423 [debug] [Thread-2 (]: On test.f1_lakehouse.source_not_null_bronze_laps_session_type.743f4e9922: Close
[0m04:12:38.310748 [info ] [Thread-2 (]: 5 of 16 PASS source_not_null_bronze_laps_session_type .......................... [[32mPASS[0m in 0.22s]
[0m04:12:38.312719 [debug] [Thread-2 (]: Finished running node test.f1_lakehouse.source_not_null_bronze_laps_session_type.743f4e9922
[0m04:12:38.314800 [debug] [Thread-2 (]: Began running node test.f1_lakehouse.source_not_null_bronze_telemetry_driver_code.75be25889d
[0m04:12:38.321025 [debug] [Thread-4 (]: SQL status: SUCCESS in 0.147 seconds
[0m04:12:38.318717 [info ] [Thread-2 (]: 9 of 16 START test source_not_null_bronze_telemetry_driver_code ................ [RUN]
[0m04:12:38.328006 [debug] [Thread-4 (]: On test.f1_lakehouse.source_not_null_bronze_results_event_slug.109a08e592: ROLLBACK
[0m04:12:38.329373 [debug] [Thread-2 (]: Re-using an available connection from the pool (formerly test.f1_lakehouse.source_not_null_bronze_laps_session_type.743f4e9922, now test.f1_lakehouse.source_not_null_bronze_telemetry_driver_code.75be25889d)
[0m04:12:38.330792 [debug] [Thread-1 (]: SQL status: SUCCESS in 0.164 seconds
[0m04:12:38.332006 [debug] [Thread-4 (]: On test.f1_lakehouse.source_not_null_bronze_results_event_slug.109a08e592: Close
[0m04:12:38.333164 [debug] [Thread-3 (]: SQL status: SUCCESS in 0.155 seconds
[0m04:12:38.333957 [debug] [Thread-2 (]: Began compiling node test.f1_lakehouse.source_not_null_bronze_telemetry_driver_code.75be25889d
[0m04:12:38.336684 [debug] [Thread-1 (]: On test.f1_lakehouse.source_not_null_bronze_results_driver_code.7cdeb71009: ROLLBACK
[0m04:12:38.338312 [info ] [Thread-4 (]: 7 of 16 PASS source_not_null_bronze_results_event_slug ......................... [[32mPASS[0m in 0.22s]
[0m04:12:38.341771 [debug] [Thread-3 (]: On test.f1_lakehouse.source_not_null_bronze_results_season.8589053577: ROLLBACK
[0m04:12:38.350589 [debug] [Thread-2 (]: Writing injected SQL for node "test.f1_lakehouse.source_not_null_bronze_telemetry_driver_code.75be25889d"
[0m04:12:38.351232 [debug] [Thread-1 (]: On test.f1_lakehouse.source_not_null_bronze_results_driver_code.7cdeb71009: Close
[0m04:12:38.352547 [debug] [Thread-4 (]: Finished running node test.f1_lakehouse.source_not_null_bronze_results_event_slug.109a08e592
[0m04:12:38.353409 [debug] [Thread-3 (]: On test.f1_lakehouse.source_not_null_bronze_results_season.8589053577: Close
[0m04:12:38.354873 [debug] [Thread-4 (]: Began running node test.f1_lakehouse.source_not_null_bronze_telemetry_event_slug.08340de410
[0m04:12:38.357105 [debug] [Thread-2 (]: Began executing node test.f1_lakehouse.source_not_null_bronze_telemetry_driver_code.75be25889d
[0m04:12:38.356310 [info ] [Thread-1 (]: 6 of 16 PASS source_not_null_bronze_results_driver_code ........................ [[32mPASS[0m in 0.26s]
[0m04:12:38.358433 [info ] [Thread-4 (]: 10 of 16 START test source_not_null_bronze_telemetry_event_slug ................ [RUN]
[0m04:12:38.362670 [debug] [Thread-2 (]: Writing runtime sql for node "test.f1_lakehouse.source_not_null_bronze_telemetry_driver_code.75be25889d"
[0m04:12:38.359858 [info ] [Thread-3 (]: 8 of 16 PASS source_not_null_bronze_results_season ............................. [[32mPASS[0m in 0.24s]
[0m04:12:38.364227 [debug] [Thread-1 (]: Finished running node test.f1_lakehouse.source_not_null_bronze_results_driver_code.7cdeb71009
[0m04:12:38.365537 [debug] [Thread-4 (]: Re-using an available connection from the pool (formerly test.f1_lakehouse.source_not_null_bronze_results_event_slug.109a08e592, now test.f1_lakehouse.source_not_null_bronze_telemetry_event_slug.08340de410)
[0m04:12:38.367022 [debug] [Thread-3 (]: Finished running node test.f1_lakehouse.source_not_null_bronze_results_season.8589053577
[0m04:12:38.368003 [debug] [Thread-1 (]: Began running node test.f1_lakehouse.source_not_null_bronze_telemetry_lap_number.0c5fdd676d
[0m04:12:38.369797 [debug] [Thread-2 (]: Using trino connection "test.f1_lakehouse.source_not_null_bronze_telemetry_driver_code.75be25889d"
[0m04:12:38.370610 [debug] [Thread-4 (]: Began compiling node test.f1_lakehouse.source_not_null_bronze_telemetry_event_slug.08340de410
[0m04:12:38.371649 [debug] [Thread-3 (]: Began running node test.f1_lakehouse.source_not_null_bronze_telemetry_sample_timestamp_utc.a105b32e75
[0m04:12:38.372631 [info ] [Thread-1 (]: 11 of 16 START test source_not_null_bronze_telemetry_lap_number ................ [RUN]
[0m04:12:38.373842 [debug] [Thread-2 (]: On test.f1_lakehouse.source_not_null_bronze_telemetry_driver_code.75be25889d: /* {"app": "dbt", "dbt_version": "1.12.4", "profile_name": "f1_lakehouse", "target_name": "dev", "node_id": "test.f1_lakehouse.source_not_null_bronze_telemetry_driver_code.75be25889d"} */

    
    select
      count(*) as failures,
      count(*) != 0 as should_warn,
      count(*) != 0 as should_error
    from (
      
    
  
    
    



select driver_code
from "iceberg"."bronze"."telemetry"
where driver_code is null



  
  
      
    ) dbt_internal_test
[0m04:12:38.386167 [debug] [Thread-4 (]: Writing injected SQL for node "test.f1_lakehouse.source_not_null_bronze_telemetry_event_slug.08340de410"
[0m04:12:38.385201 [info ] [Thread-3 (]: 12 of 16 START test source_not_null_bronze_telemetry_sample_timestamp_utc ...... [RUN]
[0m04:12:38.387764 [debug] [Thread-1 (]: Re-using an available connection from the pool (formerly test.f1_lakehouse.source_not_null_bronze_results_driver_code.7cdeb71009, now test.f1_lakehouse.source_not_null_bronze_telemetry_lap_number.0c5fdd676d)
[0m04:12:38.388780 [debug] [Thread-2 (]: Opening a new connection, currently in state closed
[0m04:12:38.389944 [debug] [Thread-3 (]: Re-using an available connection from the pool (formerly test.f1_lakehouse.source_not_null_bronze_results_season.8589053577, now test.f1_lakehouse.source_not_null_bronze_telemetry_sample_timestamp_utc.a105b32e75)
[0m04:12:38.390966 [debug] [Thread-1 (]: Began compiling node test.f1_lakehouse.source_not_null_bronze_telemetry_lap_number.0c5fdd676d
[0m04:12:38.392482 [debug] [Thread-4 (]: Began executing node test.f1_lakehouse.source_not_null_bronze_telemetry_event_slug.08340de410
[0m04:12:38.395544 [debug] [Thread-3 (]: Began compiling node test.f1_lakehouse.source_not_null_bronze_telemetry_sample_timestamp_utc.a105b32e75
[0m04:12:38.408785 [debug] [Thread-4 (]: Writing runtime sql for node "test.f1_lakehouse.source_not_null_bronze_telemetry_event_slug.08340de410"
[0m04:12:38.409431 [debug] [Thread-1 (]: Writing injected SQL for node "test.f1_lakehouse.source_not_null_bronze_telemetry_lap_number.0c5fdd676d"
[0m04:12:38.417340 [debug] [Thread-3 (]: Writing injected SQL for node "test.f1_lakehouse.source_not_null_bronze_telemetry_sample_timestamp_utc.a105b32e75"
[0m04:12:38.418359 [debug] [Thread-1 (]: Began executing node test.f1_lakehouse.source_not_null_bronze_telemetry_lap_number.0c5fdd676d
[0m04:12:38.420063 [debug] [Thread-1 (]: Writing runtime sql for node "test.f1_lakehouse.source_not_null_bronze_telemetry_lap_number.0c5fdd676d"
[0m04:12:38.423019 [debug] [Thread-4 (]: Using trino connection "test.f1_lakehouse.source_not_null_bronze_telemetry_event_slug.08340de410"
[0m04:12:38.424418 [debug] [Thread-4 (]: On test.f1_lakehouse.source_not_null_bronze_telemetry_event_slug.08340de410: /* {"app": "dbt", "dbt_version": "1.12.4", "profile_name": "f1_lakehouse", "target_name": "dev", "node_id": "test.f1_lakehouse.source_not_null_bronze_telemetry_event_slug.08340de410"} */

    
    select
      count(*) as failures,
      count(*) != 0 as should_warn,
      count(*) != 0 as should_error
    from (
      
    
  
    
    



select event_slug
from "iceberg"."bronze"."telemetry"
where event_slug is null



  
  
      
    ) dbt_internal_test
[0m04:12:38.425439 [debug] [Thread-3 (]: Began executing node test.f1_lakehouse.source_not_null_bronze_telemetry_sample_timestamp_utc.a105b32e75
[0m04:12:38.426192 [debug] [Thread-4 (]: Opening a new connection, currently in state closed
[0m04:12:38.431063 [debug] [Thread-1 (]: Using trino connection "test.f1_lakehouse.source_not_null_bronze_telemetry_lap_number.0c5fdd676d"
[0m04:12:38.435071 [debug] [Thread-3 (]: Writing runtime sql for node "test.f1_lakehouse.source_not_null_bronze_telemetry_sample_timestamp_utc.a105b32e75"
[0m04:12:38.444944 [debug] [Thread-1 (]: On test.f1_lakehouse.source_not_null_bronze_telemetry_lap_number.0c5fdd676d: /* {"app": "dbt", "dbt_version": "1.12.4", "profile_name": "f1_lakehouse", "target_name": "dev", "node_id": "test.f1_lakehouse.source_not_null_bronze_telemetry_lap_number.0c5fdd676d"} */

    
    select
      count(*) as failures,
      count(*) != 0 as should_warn,
      count(*) != 0 as should_error
    from (
      
    
  
    
    



select lap_number
from "iceberg"."bronze"."telemetry"
where lap_number is null



  
  
      
    ) dbt_internal_test
[0m04:12:38.446995 [debug] [Thread-1 (]: Opening a new connection, currently in state closed
[0m04:12:38.459360 [debug] [Thread-3 (]: Using trino connection "test.f1_lakehouse.source_not_null_bronze_telemetry_sample_timestamp_utc.a105b32e75"
[0m04:12:38.461619 [debug] [Thread-3 (]: On test.f1_lakehouse.source_not_null_bronze_telemetry_sample_timestamp_utc.a105b32e75: /* {"app": "dbt", "dbt_version": "1.12.4", "profile_name": "f1_lakehouse", "target_name": "dev", "node_id": "test.f1_lakehouse.source_not_null_bronze_telemetry_sample_timestamp_utc.a105b32e75"} */

    
    select
      count(*) as failures,
      count(*) != 0 as should_warn,
      count(*) != 0 as should_error
    from (
      
    
  
    
    



select sample_timestamp_utc
from "iceberg"."bronze"."telemetry"
where sample_timestamp_utc is null



  
  
      
    ) dbt_internal_test
[0m04:12:38.463799 [debug] [Thread-3 (]: Opening a new connection, currently in state closed
[0m04:12:38.588317 [debug] [Thread-2 (]: SQL status: SUCCESS in 0.200 seconds
[0m04:12:38.590806 [debug] [Thread-2 (]: On test.f1_lakehouse.source_not_null_bronze_telemetry_driver_code.75be25889d: ROLLBACK
[0m04:12:38.592020 [debug] [Thread-2 (]: On test.f1_lakehouse.source_not_null_bronze_telemetry_driver_code.75be25889d: Close
[0m04:12:38.593604 [info ] [Thread-2 (]: 9 of 16 PASS source_not_null_bronze_telemetry_driver_code ...................... [[32mPASS[0m in 0.26s]
[0m04:12:38.595396 [debug] [Thread-2 (]: Finished running node test.f1_lakehouse.source_not_null_bronze_telemetry_driver_code.75be25889d
[0m04:12:38.596482 [debug] [Thread-2 (]: Began running node test.f1_lakehouse.source_not_null_bronze_telemetry_season.a659bc15fb
[0m04:12:38.597632 [info ] [Thread-2 (]: 13 of 16 START test source_not_null_bronze_telemetry_season .................... [RUN]
[0m04:12:38.598449 [debug] [Thread-2 (]: Re-using an available connection from the pool (formerly test.f1_lakehouse.source_not_null_bronze_telemetry_driver_code.75be25889d, now test.f1_lakehouse.source_not_null_bronze_telemetry_season.a659bc15fb)
[0m04:12:38.600075 [debug] [Thread-2 (]: Began compiling node test.f1_lakehouse.source_not_null_bronze_telemetry_season.a659bc15fb
[0m04:12:38.619772 [debug] [Thread-2 (]: Writing injected SQL for node "test.f1_lakehouse.source_not_null_bronze_telemetry_season.a659bc15fb"
[0m04:12:38.620778 [debug] [Thread-2 (]: Began executing node test.f1_lakehouse.source_not_null_bronze_telemetry_season.a659bc15fb
[0m04:12:38.623407 [debug] [Thread-2 (]: Writing runtime sql for node "test.f1_lakehouse.source_not_null_bronze_telemetry_season.a659bc15fb"
[0m04:12:38.625519 [debug] [Thread-4 (]: SQL status: SUCCESS in 0.199 seconds
[0m04:12:38.628619 [debug] [Thread-4 (]: On test.f1_lakehouse.source_not_null_bronze_telemetry_event_slug.08340de410: ROLLBACK
[0m04:12:38.629467 [debug] [Thread-4 (]: On test.f1_lakehouse.source_not_null_bronze_telemetry_event_slug.08340de410: Close
[0m04:12:38.632302 [debug] [Thread-2 (]: Using trino connection "test.f1_lakehouse.source_not_null_bronze_telemetry_season.a659bc15fb"
[0m04:12:38.634065 [debug] [Thread-2 (]: On test.f1_lakehouse.source_not_null_bronze_telemetry_season.a659bc15fb: /* {"app": "dbt", "dbt_version": "1.12.4", "profile_name": "f1_lakehouse", "target_name": "dev", "node_id": "test.f1_lakehouse.source_not_null_bronze_telemetry_season.a659bc15fb"} */

    
    select
      count(*) as failures,
      count(*) != 0 as should_warn,
      count(*) != 0 as should_error
    from (
      
    
  
    
    



select season
from "iceberg"."bronze"."telemetry"
where season is null



  
  
      
    ) dbt_internal_test
[0m04:12:38.633530 [info ] [Thread-4 (]: 10 of 16 PASS source_not_null_bronze_telemetry_event_slug ...................... [[32mPASS[0m in 0.27s]
[0m04:12:38.634647 [debug] [Thread-2 (]: Opening a new connection, currently in state closed
[0m04:12:38.635186 [debug] [Thread-4 (]: Finished running node test.f1_lakehouse.source_not_null_bronze_telemetry_event_slug.08340de410
[0m04:12:38.636578 [debug] [Thread-4 (]: Began running node test.f1_lakehouse.source_not_null_bronze_telemetry_session_type.19f8cfed05
[0m04:12:38.637010 [info ] [Thread-4 (]: 14 of 16 START test source_not_null_bronze_telemetry_session_type .............. [RUN]
[0m04:12:38.637585 [debug] [Thread-4 (]: Re-using an available connection from the pool (formerly test.f1_lakehouse.source_not_null_bronze_telemetry_event_slug.08340de410, now test.f1_lakehouse.source_not_null_bronze_telemetry_session_type.19f8cfed05)
[0m04:12:38.637993 [debug] [Thread-4 (]: Began compiling node test.f1_lakehouse.source_not_null_bronze_telemetry_session_type.19f8cfed05
[0m04:12:38.656343 [debug] [Thread-4 (]: Writing injected SQL for node "test.f1_lakehouse.source_not_null_bronze_telemetry_session_type.19f8cfed05"
[0m04:12:38.658018 [debug] [Thread-4 (]: Began executing node test.f1_lakehouse.source_not_null_bronze_telemetry_session_type.19f8cfed05
[0m04:12:38.661355 [debug] [Thread-4 (]: Writing runtime sql for node "test.f1_lakehouse.source_not_null_bronze_telemetry_session_type.19f8cfed05"
[0m04:12:38.670586 [debug] [Thread-3 (]: SQL status: SUCCESS in 0.207 seconds
[0m04:12:38.673653 [debug] [Thread-3 (]: On test.f1_lakehouse.source_not_null_bronze_telemetry_sample_timestamp_utc.a105b32e75: ROLLBACK
[0m04:12:38.676748 [debug] [Thread-4 (]: Using trino connection "test.f1_lakehouse.source_not_null_bronze_telemetry_session_type.19f8cfed05"
[0m04:12:38.677603 [debug] [Thread-3 (]: On test.f1_lakehouse.source_not_null_bronze_telemetry_sample_timestamp_utc.a105b32e75: Close
[0m04:12:38.678859 [debug] [Thread-1 (]: SQL status: SUCCESS in 0.232 seconds
[0m04:12:38.679477 [debug] [Thread-4 (]: On test.f1_lakehouse.source_not_null_bronze_telemetry_session_type.19f8cfed05: /* {"app": "dbt", "dbt_version": "1.12.4", "profile_name": "f1_lakehouse", "target_name": "dev", "node_id": "test.f1_lakehouse.source_not_null_bronze_telemetry_session_type.19f8cfed05"} */

    
    select
      count(*) as failures,
      count(*) != 0 as should_warn,
      count(*) != 0 as should_error
    from (
      
    
  
    
    



select session_type
from "iceberg"."bronze"."telemetry"
where session_type is null



  
  
      
    ) dbt_internal_test
[0m04:12:38.683442 [debug] [Thread-1 (]: On test.f1_lakehouse.source_not_null_bronze_telemetry_lap_number.0c5fdd676d: ROLLBACK
[0m04:12:38.680651 [info ] [Thread-3 (]: 12 of 16 PASS source_not_null_bronze_telemetry_sample_timestamp_utc ............ [[32mPASS[0m in 0.29s]
[0m04:12:38.684957 [debug] [Thread-4 (]: Opening a new connection, currently in state closed
[0m04:12:38.685756 [debug] [Thread-1 (]: On test.f1_lakehouse.source_not_null_bronze_telemetry_lap_number.0c5fdd676d: Close
[0m04:12:38.686853 [debug] [Thread-3 (]: Finished running node test.f1_lakehouse.source_not_null_bronze_telemetry_sample_timestamp_utc.a105b32e75
[0m04:12:38.692265 [debug] [Thread-3 (]: Began running node test.f1_lakehouse.source_not_null_bronze_weather_event_slug.f925f9a511
[0m04:12:38.690579 [info ] [Thread-1 (]: 11 of 16 PASS source_not_null_bronze_telemetry_lap_number ...................... [[32mPASS[0m in 0.30s]
[0m04:12:38.693062 [info ] [Thread-3 (]: 15 of 16 START test source_not_null_bronze_weather_event_slug .................. [RUN]
[0m04:12:38.693843 [debug] [Thread-1 (]: Finished running node test.f1_lakehouse.source_not_null_bronze_telemetry_lap_number.0c5fdd676d
[0m04:12:38.694601 [debug] [Thread-3 (]: Re-using an available connection from the pool (formerly test.f1_lakehouse.source_not_null_bronze_telemetry_sample_timestamp_utc.a105b32e75, now test.f1_lakehouse.source_not_null_bronze_weather_event_slug.f925f9a511)
[0m04:12:38.695381 [debug] [Thread-1 (]: Began running node test.f1_lakehouse.source_not_null_bronze_weather_season.51bbd26c23
[0m04:12:38.696444 [debug] [Thread-3 (]: Began compiling node test.f1_lakehouse.source_not_null_bronze_weather_event_slug.f925f9a511
[0m04:12:38.698181 [info ] [Thread-1 (]: 16 of 16 START test source_not_null_bronze_weather_season ...................... [RUN]
[0m04:12:38.707356 [debug] [Thread-3 (]: Writing injected SQL for node "test.f1_lakehouse.source_not_null_bronze_weather_event_slug.f925f9a511"
[0m04:12:38.709008 [debug] [Thread-1 (]: Re-using an available connection from the pool (formerly test.f1_lakehouse.source_not_null_bronze_telemetry_lap_number.0c5fdd676d, now test.f1_lakehouse.source_not_null_bronze_weather_season.51bbd26c23)
[0m04:12:38.710330 [debug] [Thread-1 (]: Began compiling node test.f1_lakehouse.source_not_null_bronze_weather_season.51bbd26c23
[0m04:12:38.725566 [debug] [Thread-1 (]: Writing injected SQL for node "test.f1_lakehouse.source_not_null_bronze_weather_season.51bbd26c23"
[0m04:12:38.727952 [debug] [Thread-3 (]: Began executing node test.f1_lakehouse.source_not_null_bronze_weather_event_slug.f925f9a511
[0m04:12:38.729564 [debug] [Thread-1 (]: Began executing node test.f1_lakehouse.source_not_null_bronze_weather_season.51bbd26c23
[0m04:12:38.733025 [debug] [Thread-3 (]: Writing runtime sql for node "test.f1_lakehouse.source_not_null_bronze_weather_event_slug.f925f9a511"
[0m04:12:38.736862 [debug] [Thread-1 (]: Writing runtime sql for node "test.f1_lakehouse.source_not_null_bronze_weather_season.51bbd26c23"
[0m04:12:38.743255 [debug] [Thread-1 (]: Using trino connection "test.f1_lakehouse.source_not_null_bronze_weather_season.51bbd26c23"
[0m04:12:38.747371 [debug] [Thread-3 (]: Using trino connection "test.f1_lakehouse.source_not_null_bronze_weather_event_slug.f925f9a511"
[0m04:12:38.748352 [debug] [Thread-1 (]: On test.f1_lakehouse.source_not_null_bronze_weather_season.51bbd26c23: /* {"app": "dbt", "dbt_version": "1.12.4", "profile_name": "f1_lakehouse", "target_name": "dev", "node_id": "test.f1_lakehouse.source_not_null_bronze_weather_season.51bbd26c23"} */

    
    select
      count(*) as failures,
      count(*) != 0 as should_warn,
      count(*) != 0 as should_error
    from (
      
    
  
    
    



select season
from "iceberg"."bronze"."weather"
where season is null



  
  
      
    ) dbt_internal_test
[0m04:12:38.751627 [debug] [Thread-3 (]: On test.f1_lakehouse.source_not_null_bronze_weather_event_slug.f925f9a511: /* {"app": "dbt", "dbt_version": "1.12.4", "profile_name": "f1_lakehouse", "target_name": "dev", "node_id": "test.f1_lakehouse.source_not_null_bronze_weather_event_slug.f925f9a511"} */

    
    select
      count(*) as failures,
      count(*) != 0 as should_warn,
      count(*) != 0 as should_error
    from (
      
    
  
    
    



select event_slug
from "iceberg"."bronze"."weather"
where event_slug is null



  
  
      
    ) dbt_internal_test
[0m04:12:38.753605 [debug] [Thread-1 (]: Opening a new connection, currently in state closed
[0m04:12:38.754725 [debug] [Thread-3 (]: Opening a new connection, currently in state closed
[0m04:12:38.758170 [debug] [Thread-2 (]: SQL status: SUCCESS in 0.123 seconds
[0m04:12:38.764072 [debug] [Thread-2 (]: On test.f1_lakehouse.source_not_null_bronze_telemetry_season.a659bc15fb: ROLLBACK
[0m04:12:38.765216 [debug] [Thread-2 (]: On test.f1_lakehouse.source_not_null_bronze_telemetry_season.a659bc15fb: Close
[0m04:12:38.767158 [info ] [Thread-2 (]: 13 of 16 PASS source_not_null_bronze_telemetry_season .......................... [[32mPASS[0m in 0.17s]
[0m04:12:38.768940 [debug] [Thread-2 (]: Finished running node test.f1_lakehouse.source_not_null_bronze_telemetry_season.a659bc15fb
[0m04:12:38.817082 [debug] [Thread-4 (]: SQL status: SUCCESS in 0.132 seconds
[0m04:12:38.821624 [debug] [Thread-4 (]: On test.f1_lakehouse.source_not_null_bronze_telemetry_session_type.19f8cfed05: ROLLBACK
[0m04:12:38.822841 [debug] [Thread-4 (]: On test.f1_lakehouse.source_not_null_bronze_telemetry_session_type.19f8cfed05: Close
[0m04:12:38.824409 [info ] [Thread-4 (]: 14 of 16 PASS source_not_null_bronze_telemetry_session_type .................... [[32mPASS[0m in 0.19s]
[0m04:12:38.826079 [debug] [Thread-4 (]: Finished running node test.f1_lakehouse.source_not_null_bronze_telemetry_session_type.19f8cfed05
[0m04:12:38.883620 [debug] [Thread-3 (]: SQL status: SUCCESS in 0.129 seconds
[0m04:12:38.886093 [debug] [Thread-3 (]: On test.f1_lakehouse.source_not_null_bronze_weather_event_slug.f925f9a511: ROLLBACK
[0m04:12:38.887570 [debug] [Thread-3 (]: On test.f1_lakehouse.source_not_null_bronze_weather_event_slug.f925f9a511: Close
[0m04:12:38.888707 [debug] [Thread-1 (]: SQL status: SUCCESS in 0.135 seconds
[0m04:12:38.890168 [info ] [Thread-3 (]: 15 of 16 PASS source_not_null_bronze_weather_event_slug ........................ [[32mPASS[0m in 0.20s]
[0m04:12:38.892645 [debug] [Thread-1 (]: On test.f1_lakehouse.source_not_null_bronze_weather_season.51bbd26c23: ROLLBACK
[0m04:12:38.893550 [debug] [Thread-3 (]: Finished running node test.f1_lakehouse.source_not_null_bronze_weather_event_slug.f925f9a511
[0m04:12:38.894324 [debug] [Thread-1 (]: On test.f1_lakehouse.source_not_null_bronze_weather_season.51bbd26c23: Close
[0m04:12:38.895883 [info ] [Thread-1 (]: 16 of 16 PASS source_not_null_bronze_weather_season ............................ [[32mPASS[0m in 0.19s]
[0m04:12:38.896601 [debug] [Thread-1 (]: Finished running node test.f1_lakehouse.source_not_null_bronze_weather_season.51bbd26c23
[0m04:12:38.898826 [debug] [MainThread]: On master: COMMIT
[0m04:12:38.899776 [debug] [MainThread]: Connection 'master' was properly closed.
[0m04:12:38.900458 [debug] [MainThread]: Connection 'test.f1_lakehouse.source_not_null_bronze_weather_season.51bbd26c23' was properly closed.
[0m04:12:38.901098 [debug] [MainThread]: Connection 'test.f1_lakehouse.source_not_null_bronze_telemetry_season.a659bc15fb' was properly closed.
[0m04:12:38.901480 [debug] [MainThread]: Connection 'test.f1_lakehouse.source_not_null_bronze_weather_event_slug.f925f9a511' was properly closed.
[0m04:12:38.901821 [debug] [MainThread]: Connection 'test.f1_lakehouse.source_not_null_bronze_telemetry_session_type.19f8cfed05' was properly closed.
[0m04:12:38.902289 [info ] [MainThread]: 
[0m04:12:38.902699 [info ] [MainThread]: Finished running 16 data tests in 0 hours 0 minutes and 1.53 seconds (1.53s).
[0m04:12:38.906408 [debug] [MainThread]: Command end result
[0m04:12:38.949168 [debug] [MainThread]: Wrote artifact WritableManifest to dbt/target/manifest.json
[0m04:12:38.952119 [debug] [MainThread]: Wrote artifact SemanticManifest to dbt/target/semantic_manifest.json
[0m04:12:38.955133 [debug] [MainThread]: Wrote artifact OsiDocument to dbt/target/osi_document.json
[0m04:12:38.964410 [debug] [MainThread]: Wrote artifact RunExecutionResult to dbt/target/run_results.json
[0m04:12:38.964870 [info ] [MainThread]: 
[0m04:12:38.965275 [info ] [MainThread]: [32mCompleted successfully[0m
[0m04:12:38.965635 [info ] [MainThread]: 
[0m04:12:38.965990 [info ] [MainThread]: Done. PASS=16 WARN=0 ERROR=0 SKIP=0 NO-OP=0 REUSED=0 TOTAL=16
[0m04:12:38.967367 [debug] [MainThread]: Resource report: {"command_name": "test", "command_success": true, "command_wall_clock_time": 4.1947527, "process_in_blocks": "106600", "process_kernel_time": 0.432221, "process_mem_max_rss": "151888", "process_out_blocks": "10400", "process_user_time": 5.10496}
[0m04:12:38.967907 [debug] [MainThread]: Command `dbt test` succeeded at 04:12:38.967796 after 4.20 seconds
[0m04:12:38.968293 [debug] [MainThread]: Sending event: {'category': 'dbt', 'action': 'invocation', 'label': 'end', 'context': [<snowplow_tracker.self_describing_json.SelfDescribingJson object at 0x7f779203c470>, <snowplow_tracker.self_describing_json.SelfDescribingJson object at 0x7f7792a2b020>, <snowplow_tracker.self_describing_json.SelfDescribingJson object at 0x7f7792dc8830>]}
[0m04:12:38.968684 [debug] [MainThread]: Flushing usage events
[0m04:12:39.413550 [debug] [MainThread]: An error was encountered while trying to flush usage events
[0m04:12:42.068491 [debug] [MainThread]: Sending event: {'category': 'dbt', 'action': 'invocation', 'label': 'start', 'context': [<snowplow_tracker.self_describing_json.SelfDescribingJson object at 0x7f119dc5a2d0>, <snowplow_tracker.self_describing_json.SelfDescribingJson object at 0x7f119d4aec90>, <snowplow_tracker.self_describing_json.SelfDescribingJson object at 0x7f119dc59490>]}


============================== 04:12:42.074547 | 80f54156-8e7f-4134-a218-79a1aa4e8e76 ==============================
[0m04:12:42.074547 [info ] [MainThread]: Running with dbt=1.12.4
[0m04:12:42.075504 [debug] [MainThread]: running dbt with arguments {'cache_selected_only': 'False', 'partial_parse': 'True', 'empty': 'False', 'version_check': 'True', 'log_cache_events': 'False', 'invocation_command': 'dbt build --select +race_driver_performance +lap_telemetry_metrics --project-dir dbt --profiles-dir configs/dbt', 'log_format': 'default', 'debug': 'False', 'send_anonymous_usage_stats': 'True', 'warn_error': 'None', 'maximum_seed_size_mib': '1', 'warn_error_options': 'WarnErrorOptionsV2(error=[], warn=[], silence=[])', 'hints_enabled': 'True', 'use_experimental_parser': 'False', 'use_colors': 'True', 'log_path': 'dbt/logs', 'introspect': 'True', 'write_json': 'True', 'printer_width': '80', 'target_path': 'None', 'static_parser': 'True', 'profiles_dir': 'configs/dbt', 'indirect_selection': 'eager', 'fail_fast': 'False', 'quiet': 'False', 'no_print': 'None'}
[0m04:12:42.324465 [debug] [MainThread]: Sending event: {'category': 'dbt', 'action': 'project_id', 'label': '80f54156-8e7f-4134-a218-79a1aa4e8e76', 'context': [<snowplow_tracker.self_describing_json.SelfDescribingJson object at 0x7f119c4f95e0>]}
[0m04:12:42.404220 [debug] [MainThread]: Sending event: {'category': 'dbt', 'action': 'adapter_info', 'label': '80f54156-8e7f-4134-a218-79a1aa4e8e76', 'context': [<snowplow_tracker.self_describing_json.SelfDescribingJson object at 0x7f119c7b3e90>]}
[0m04:12:42.404933 [info ] [MainThread]: Registered adapter: trino=1.10.3
[0m04:12:42.480104 [debug] [MainThread]: checksum: 6feb0373bf5e249bcfe93c2d0c493de2a05a899ef7ebdf18543bed5cf777135b, vars: {}, profile: f1_lakehouse, target: dev, version: 1.12.4
[0m04:12:42.662010 [debug] [MainThread]: Partial parsing enabled: 0 files deleted, 0 files added, 0 files changed.
[0m04:12:42.662389 [debug] [MainThread]: Nothing changed, skipping partial parsing.
[0m04:12:42.662607 [debug] [MainThread]: Partial parsing enabled, no changes found, skipping parsing
[0m04:12:42.671353 [debug] [MainThread]: Sending event: {'category': 'dbt', 'action': 'load_project', 'label': '80f54156-8e7f-4134-a218-79a1aa4e8e76', 'context': [<snowplow_tracker.self_describing_json.SelfDescribingJson object at 0x7f119c257e00>]}
[0m04:12:42.812556 [debug] [MainThread]: Wrote artifact WritableManifest to dbt/target/manifest.json
[0m04:12:42.816740 [debug] [MainThread]: Wrote artifact SemanticManifest to dbt/target/semantic_manifest.json
[0m04:12:42.827862 [debug] [MainThread]: Wrote artifact OsiDocument to dbt/target/osi_document.json
[0m04:12:42.850647 [debug] [MainThread]: Sending event: {'category': 'dbt', 'action': 'resource_counts', 'label': '80f54156-8e7f-4134-a218-79a1aa4e8e76', 'context': [<snowplow_tracker.self_describing_json.SelfDescribingJson object at 0x7f119be23230>]}
[0m04:12:42.851113 [info ] [MainThread]: Found 6 models, 47 data tests, 4 sources, 498 macros
[0m04:12:42.855724 [info ] [MainThread]: 
[0m04:12:42.856150 [info ] [MainThread]: Concurrency: 4 threads (target='dev')
[0m04:12:42.856388 [info ] [MainThread]: 
[0m04:12:42.856906 [debug] [MainThread]: Acquiring new trino connection 'master'
[0m04:12:42.861478 [debug] [ThreadPool]: Acquiring new trino connection 'list_iceberg'
[0m04:12:42.873952 [debug] [ThreadPool]: Acquiring new trino connection 'list_iceberg'
[0m04:12:42.899446 [debug] [ThreadPool]: Using trino connection "list_iceberg"
[0m04:12:42.899838 [debug] [ThreadPool]: On list_iceberg: /* {"app": "dbt", "dbt_version": "1.12.4", "profile_name": "f1_lakehouse", "target_name": "dev", "connection_name": "list_iceberg"} */

    select schema_name
    from "iceberg".INFORMATION_SCHEMA.schemata
[0m04:12:42.900087 [debug] [ThreadPool]: Opening a new connection, currently in state init
[0m04:12:42.900291 [warn ] [ThreadPool]: [[33mWARNING[0m]: SSL certificate validation is disabled by default. It is legacy behavior which will be changed in future releases. It is strongly advised to enable `require_certificate_validation` flag or explicitly set `cert` configuration to `True` for security reasons. You may receive an error after that if your SSL setup is incorrect.
You may opt into the new behavior sooner by setting `flags.require_certificate_validation` to `True` in `dbt_project.yml`.
Visit https://docs.getdbt.com/reference/global-configs/behavior-changes for more information.
[0m04:12:42.900930 [debug] [ThreadPool]: Using trino connection "list_iceberg"
[0m04:12:42.901413 [debug] [ThreadPool]: Sending event: {'category': 'dbt', 'action': 'BehaviorChangeEvent', 'label': '80f54156-8e7f-4134-a218-79a1aa4e8e76', 'context': [<snowplow_tracker.self_describing_json.SelfDescribingJson object at 0x7f119ab40bf0>]}
[0m04:12:42.901785 [debug] [ThreadPool]: On list_iceberg: /* {"app": "dbt", "dbt_version": "1.12.4", "profile_name": "f1_lakehouse", "target_name": "dev", "connection_name": "list_iceberg"} */

    select schema_name
    from "iceberg".INFORMATION_SCHEMA.schemata
[0m04:12:42.902457 [debug] [ThreadPool]: Opening a new connection, currently in state init
[0m04:12:42.959446 [debug] [ThreadPool]: SQL status: SUCCESS in 0.059 seconds
[0m04:12:42.961153 [debug] [ThreadPool]: On list_iceberg: Close
[0m04:12:42.962641 [debug] [ThreadPool]: SQL status: SUCCESS in 0.060 seconds
[0m04:12:42.963958 [debug] [ThreadPool]: On list_iceberg: Close
[0m04:12:42.966268 [debug] [ThreadPool]: Re-using an available connection from the pool (formerly list_iceberg, now list_iceberg_gold)
[0m04:12:42.967221 [debug] [ThreadPool]: Re-using an available connection from the pool (formerly list_iceberg, now list_iceberg_silver)
[0m04:12:42.985069 [debug] [ThreadPool]: Using trino connection "list_iceberg_gold"
[0m04:12:42.990890 [debug] [ThreadPool]: Using trino connection "list_iceberg_silver"
[0m04:12:42.991323 [debug] [ThreadPool]: On list_iceberg_gold: /* {"app": "dbt", "dbt_version": "1.12.4", "profile_name": "f1_lakehouse", "target_name": "dev", "connection_name": "list_iceberg_gold"} */
select
      t.table_catalog as database,
      t.table_name as name,
      t.table_schema as schema,
      case when mv.name is not null then 'materialized_view'
           when t.table_type = 'BASE TABLE' then 'table'
           when t.table_type = 'VIEW' then 'view'
           else t.table_type
      end as table_type
    from "iceberg".INFORMATION_SCHEMA.tables t
    left join (
            select * from system.metadata.materialized_views
            where catalog_name = 'iceberg'
              and schema_name = 'gold') mv
          on mv.catalog_name = t.table_catalog and mv.schema_name = t.table_schema and mv.name = t.table_name
    where t.table_schema = 'gold'
[0m04:12:42.991715 [debug] [ThreadPool]: On list_iceberg_silver: /* {"app": "dbt", "dbt_version": "1.12.4", "profile_name": "f1_lakehouse", "target_name": "dev", "connection_name": "list_iceberg_silver"} */
select
      t.table_catalog as database,
      t.table_name as name,
      t.table_schema as schema,
      case when mv.name is not null then 'materialized_view'
           when t.table_type = 'BASE TABLE' then 'table'
           when t.table_type = 'VIEW' then 'view'
           else t.table_type
      end as table_type
    from "iceberg".INFORMATION_SCHEMA.tables t
    left join (
            select * from system.metadata.materialized_views
            where catalog_name = 'iceberg'
              and schema_name = 'silver') mv
          on mv.catalog_name = t.table_catalog and mv.schema_name = t.table_schema and mv.name = t.table_name
    where t.table_schema = 'silver'
[0m04:12:42.992014 [debug] [ThreadPool]: Opening a new connection, currently in state closed
[0m04:12:42.992265 [debug] [ThreadPool]: Opening a new connection, currently in state closed
[0m04:12:43.083921 [debug] [ThreadPool]: SQL status: SUCCESS in 0.092 seconds
[0m04:12:43.086326 [debug] [ThreadPool]: On list_iceberg_gold: ROLLBACK
[0m04:12:43.087043 [debug] [ThreadPool]: On list_iceberg_gold: Close
[0m04:12:43.119280 [debug] [ThreadPool]: SQL status: SUCCESS in 0.127 seconds
[0m04:12:43.121694 [debug] [ThreadPool]: On list_iceberg_silver: ROLLBACK
[0m04:12:43.122440 [debug] [ThreadPool]: On list_iceberg_silver: Close
[0m04:12:43.124215 [debug] [MainThread]: Sending event: {'category': 'dbt', 'action': 'runnable_timing', 'label': '80f54156-8e7f-4134-a218-79a1aa4e8e76', 'context': [<snowplow_tracker.self_describing_json.SelfDescribingJson object at 0x7f119ac8dfa0>]}
[0m04:12:43.124669 [debug] [MainThread]: On master: COMMIT
[0m04:12:43.127896 [debug] [Thread-1 (]: Began running node test.f1_lakehouse.source_not_null_bronze_laps_driver_code.56bd742ed7
[0m04:12:43.128774 [debug] [Thread-2 (]: Began running node test.f1_lakehouse.source_not_null_bronze_laps_event_slug.07baad0280
[0m04:12:43.129588 [debug] [Thread-3 (]: Began running node test.f1_lakehouse.source_not_null_bronze_laps_lap_number.82b2201cba
[0m04:12:43.130986 [debug] [Thread-4 (]: Began running node test.f1_lakehouse.source_not_null_bronze_laps_season.a9a8566ca5
[0m04:12:43.130307 [info ] [Thread-1 (]: 1 of 53 START test source_not_null_bronze_laps_driver_code ..................... [RUN]
[0m04:12:43.131956 [info ] [Thread-2 (]: 2 of 53 START test source_not_null_bronze_laps_event_slug ...................... [RUN]
[0m04:12:43.132556 [info ] [Thread-3 (]: 3 of 53 START test source_not_null_bronze_laps_lap_number ...................... [RUN]
[0m04:12:43.133383 [info ] [Thread-4 (]: 4 of 53 START test source_not_null_bronze_laps_season .......................... [RUN]
[0m04:12:43.134352 [debug] [Thread-1 (]: Re-using an available connection from the pool (formerly list_iceberg_silver, now test.f1_lakehouse.source_not_null_bronze_laps_driver_code.56bd742ed7)
[0m04:12:43.135038 [debug] [Thread-2 (]: Re-using an available connection from the pool (formerly list_iceberg_gold, now test.f1_lakehouse.source_not_null_bronze_laps_event_slug.07baad0280)
[0m04:12:43.135782 [debug] [Thread-3 (]: Acquiring new trino connection 'test.f1_lakehouse.source_not_null_bronze_laps_lap_number.82b2201cba'
[0m04:12:43.136802 [debug] [Thread-4 (]: Acquiring new trino connection 'test.f1_lakehouse.source_not_null_bronze_laps_season.a9a8566ca5'
[0m04:12:43.137706 [debug] [Thread-1 (]: Began compiling node test.f1_lakehouse.source_not_null_bronze_laps_driver_code.56bd742ed7
[0m04:12:43.138562 [debug] [Thread-2 (]: Began compiling node test.f1_lakehouse.source_not_null_bronze_laps_event_slug.07baad0280
[0m04:12:43.139277 [debug] [Thread-3 (]: Began compiling node test.f1_lakehouse.source_not_null_bronze_laps_lap_number.82b2201cba
[0m04:12:43.140347 [debug] [Thread-4 (]: Began compiling node test.f1_lakehouse.source_not_null_bronze_laps_season.a9a8566ca5
[0m04:12:43.179969 [debug] [Thread-1 (]: Writing injected SQL for node "test.f1_lakehouse.source_not_null_bronze_laps_driver_code.56bd742ed7"
[0m04:12:43.181466 [debug] [Thread-2 (]: Writing injected SQL for node "test.f1_lakehouse.source_not_null_bronze_laps_event_slug.07baad0280"
[0m04:12:43.182097 [debug] [Thread-3 (]: Writing injected SQL for node "test.f1_lakehouse.source_not_null_bronze_laps_lap_number.82b2201cba"
[0m04:12:43.188730 [debug] [Thread-4 (]: Writing injected SQL for node "test.f1_lakehouse.source_not_null_bronze_laps_season.a9a8566ca5"
[0m04:12:43.189755 [debug] [Thread-2 (]: Began executing node test.f1_lakehouse.source_not_null_bronze_laps_event_slug.07baad0280
[0m04:12:43.190202 [debug] [Thread-1 (]: Began executing node test.f1_lakehouse.source_not_null_bronze_laps_driver_code.56bd742ed7
[0m04:12:43.215819 [debug] [Thread-2 (]: Writing runtime sql for node "test.f1_lakehouse.source_not_null_bronze_laps_event_slug.07baad0280"
[0m04:12:43.216689 [debug] [Thread-1 (]: Writing runtime sql for node "test.f1_lakehouse.source_not_null_bronze_laps_driver_code.56bd742ed7"
[0m04:12:43.217588 [debug] [Thread-3 (]: Began executing node test.f1_lakehouse.source_not_null_bronze_laps_lap_number.82b2201cba
[0m04:12:43.218307 [debug] [Thread-4 (]: Began executing node test.f1_lakehouse.source_not_null_bronze_laps_season.a9a8566ca5
[0m04:12:43.221009 [debug] [Thread-3 (]: Writing runtime sql for node "test.f1_lakehouse.source_not_null_bronze_laps_lap_number.82b2201cba"
[0m04:12:43.222295 [debug] [Thread-2 (]: Using trino connection "test.f1_lakehouse.source_not_null_bronze_laps_event_slug.07baad0280"
[0m04:12:43.224642 [debug] [Thread-4 (]: Writing runtime sql for node "test.f1_lakehouse.source_not_null_bronze_laps_season.a9a8566ca5"
[0m04:12:43.226252 [debug] [Thread-1 (]: Using trino connection "test.f1_lakehouse.source_not_null_bronze_laps_driver_code.56bd742ed7"
[0m04:12:43.226732 [debug] [Thread-2 (]: On test.f1_lakehouse.source_not_null_bronze_laps_event_slug.07baad0280: /* {"app": "dbt", "dbt_version": "1.12.4", "profile_name": "f1_lakehouse", "target_name": "dev", "node_id": "test.f1_lakehouse.source_not_null_bronze_laps_event_slug.07baad0280"} */

    
    select
      count(*) as failures,
      count(*) != 0 as should_warn,
      count(*) != 0 as should_error
    from (
      
    
  
    
    



select event_slug
from "iceberg"."bronze"."laps"
where event_slug is null



  
  
      
    ) dbt_internal_test
[0m04:12:43.227963 [debug] [Thread-3 (]: Using trino connection "test.f1_lakehouse.source_not_null_bronze_laps_lap_number.82b2201cba"
[0m04:12:43.229111 [debug] [Thread-4 (]: Using trino connection "test.f1_lakehouse.source_not_null_bronze_laps_season.a9a8566ca5"
[0m04:12:43.229593 [debug] [Thread-1 (]: On test.f1_lakehouse.source_not_null_bronze_laps_driver_code.56bd742ed7: /* {"app": "dbt", "dbt_version": "1.12.4", "profile_name": "f1_lakehouse", "target_name": "dev", "node_id": "test.f1_lakehouse.source_not_null_bronze_laps_driver_code.56bd742ed7"} */

    
    select
      count(*) as failures,
      count(*) != 0 as should_warn,
      count(*) != 0 as should_error
    from (
      
    
  
    
    



select driver_code
from "iceberg"."bronze"."laps"
where driver_code is null



  
  
      
    ) dbt_internal_test
[0m04:12:43.229998 [debug] [Thread-2 (]: Opening a new connection, currently in state closed
[0m04:12:43.230382 [debug] [Thread-3 (]: On test.f1_lakehouse.source_not_null_bronze_laps_lap_number.82b2201cba: /* {"app": "dbt", "dbt_version": "1.12.4", "profile_name": "f1_lakehouse", "target_name": "dev", "node_id": "test.f1_lakehouse.source_not_null_bronze_laps_lap_number.82b2201cba"} */

    
    select
      count(*) as failures,
      count(*) != 0 as should_warn,
      count(*) != 0 as should_error
    from (
      
    
  
    
    



select lap_number
from "iceberg"."bronze"."laps"
where lap_number is null



  
  
      
    ) dbt_internal_test
[0m04:12:43.230714 [debug] [Thread-4 (]: On test.f1_lakehouse.source_not_null_bronze_laps_season.a9a8566ca5: /* {"app": "dbt", "dbt_version": "1.12.4", "profile_name": "f1_lakehouse", "target_name": "dev", "node_id": "test.f1_lakehouse.source_not_null_bronze_laps_season.a9a8566ca5"} */

    
    select
      count(*) as failures,
      count(*) != 0 as should_warn,
      count(*) != 0 as should_error
    from (
      
    
  
    
    



select season
from "iceberg"."bronze"."laps"
where season is null



  
  
      
    ) dbt_internal_test
[0m04:12:43.231080 [debug] [Thread-1 (]: Opening a new connection, currently in state closed
[0m04:12:43.231755 [debug] [Thread-3 (]: Opening a new connection, currently in state init
[0m04:12:43.232653 [debug] [Thread-4 (]: Opening a new connection, currently in state init
[0m04:12:43.383037 [debug] [Thread-2 (]: SQL status: SUCCESS in 0.153 seconds
[0m04:12:43.395289 [debug] [Thread-2 (]: On test.f1_lakehouse.source_not_null_bronze_laps_event_slug.07baad0280: ROLLBACK
[0m04:12:43.396927 [debug] [Thread-2 (]: On test.f1_lakehouse.source_not_null_bronze_laps_event_slug.07baad0280: Close
[0m04:12:43.400549 [info ] [Thread-2 (]: 2 of 53 PASS source_not_null_bronze_laps_event_slug ............................ [[32mPASS[0m in 0.27s]
[0m04:12:43.403782 [debug] [Thread-2 (]: Finished running node test.f1_lakehouse.source_not_null_bronze_laps_event_slug.07baad0280
[0m04:12:43.404862 [debug] [Thread-2 (]: Began running node test.f1_lakehouse.source_not_null_bronze_laps_session_type.743f4e9922
[0m04:12:43.406516 [debug] [Thread-4 (]: SQL status: SUCCESS in 0.174 seconds
[0m04:12:43.407502 [debug] [Thread-1 (]: SQL status: SUCCESS in 0.176 seconds
[0m04:12:43.408316 [info ] [Thread-2 (]: 5 of 53 START test source_not_null_bronze_laps_session_type .................... [RUN]
[0m04:12:43.409144 [debug] [Thread-3 (]: SQL status: SUCCESS in 0.177 seconds
[0m04:12:43.410952 [debug] [Thread-4 (]: On test.f1_lakehouse.source_not_null_bronze_laps_season.a9a8566ca5: ROLLBACK
[0m04:12:43.413205 [debug] [Thread-1 (]: On test.f1_lakehouse.source_not_null_bronze_laps_driver_code.56bd742ed7: ROLLBACK
[0m04:12:43.414062 [debug] [Thread-2 (]: Re-using an available connection from the pool (formerly test.f1_lakehouse.source_not_null_bronze_laps_event_slug.07baad0280, now test.f1_lakehouse.source_not_null_bronze_laps_session_type.743f4e9922)
[0m04:12:43.415567 [debug] [Thread-3 (]: On test.f1_lakehouse.source_not_null_bronze_laps_lap_number.82b2201cba: ROLLBACK
[0m04:12:43.415989 [debug] [Thread-4 (]: On test.f1_lakehouse.source_not_null_bronze_laps_season.a9a8566ca5: Close
[0m04:12:43.416528 [debug] [Thread-1 (]: On test.f1_lakehouse.source_not_null_bronze_laps_driver_code.56bd742ed7: Close
[0m04:12:43.417249 [debug] [Thread-2 (]: Began compiling node test.f1_lakehouse.source_not_null_bronze_laps_session_type.743f4e9922
[0m04:12:43.417836 [debug] [Thread-3 (]: On test.f1_lakehouse.source_not_null_bronze_laps_lap_number.82b2201cba: Close
[0m04:12:43.430084 [debug] [Thread-2 (]: Writing injected SQL for node "test.f1_lakehouse.source_not_null_bronze_laps_session_type.743f4e9922"
[0m04:12:43.418939 [info ] [Thread-1 (]: 1 of 53 PASS source_not_null_bronze_laps_driver_code ........................... [[32mPASS[0m in 0.28s]
[0m04:12:43.419930 [info ] [Thread-4 (]: 4 of 53 PASS source_not_null_bronze_laps_season ................................ [[32mPASS[0m in 0.28s]
[0m04:12:43.431332 [info ] [Thread-3 (]: 3 of 53 PASS source_not_null_bronze_laps_lap_number ............................ [[32mPASS[0m in 0.30s]
[0m04:12:43.432385 [debug] [Thread-1 (]: Finished running node test.f1_lakehouse.source_not_null_bronze_laps_driver_code.56bd742ed7
[0m04:12:43.433502 [debug] [Thread-4 (]: Finished running node test.f1_lakehouse.source_not_null_bronze_laps_season.a9a8566ca5
[0m04:12:43.434583 [debug] [Thread-3 (]: Finished running node test.f1_lakehouse.source_not_null_bronze_laps_lap_number.82b2201cba
[0m04:12:43.435116 [debug] [Thread-2 (]: Began executing node test.f1_lakehouse.source_not_null_bronze_laps_session_type.743f4e9922
[0m04:12:43.435745 [debug] [Thread-1 (]: Began running node test.f1_lakehouse.source_not_null_bronze_results_driver_code.7cdeb71009
[0m04:12:43.436683 [debug] [Thread-4 (]: Began running node test.f1_lakehouse.source_not_null_bronze_results_event_slug.109a08e592
[0m04:12:43.438245 [debug] [Thread-3 (]: Began running node test.f1_lakehouse.source_not_null_bronze_results_season.8589053577
[0m04:12:43.440155 [debug] [Thread-2 (]: Writing runtime sql for node "test.f1_lakehouse.source_not_null_bronze_laps_session_type.743f4e9922"
[0m04:12:43.440880 [info ] [Thread-1 (]: 6 of 53 START test source_not_null_bronze_results_driver_code .................. [RUN]
[0m04:12:43.441560 [info ] [Thread-4 (]: 7 of 53 START test source_not_null_bronze_results_event_slug ................... [RUN]
[0m04:12:43.443663 [debug] [Thread-1 (]: Re-using an available connection from the pool (formerly test.f1_lakehouse.source_not_null_bronze_laps_driver_code.56bd742ed7, now test.f1_lakehouse.source_not_null_bronze_results_driver_code.7cdeb71009)
[0m04:12:43.445243 [debug] [Thread-2 (]: Using trino connection "test.f1_lakehouse.source_not_null_bronze_laps_session_type.743f4e9922"
[0m04:12:43.442423 [info ] [Thread-3 (]: 8 of 53 START test source_not_null_bronze_results_season ....................... [RUN]
[0m04:12:43.446066 [debug] [Thread-4 (]: Re-using an available connection from the pool (formerly test.f1_lakehouse.source_not_null_bronze_laps_season.a9a8566ca5, now test.f1_lakehouse.source_not_null_bronze_results_event_slug.109a08e592)
[0m04:12:43.446818 [debug] [Thread-1 (]: Began compiling node test.f1_lakehouse.source_not_null_bronze_results_driver_code.7cdeb71009
[0m04:12:43.447436 [debug] [Thread-2 (]: On test.f1_lakehouse.source_not_null_bronze_laps_session_type.743f4e9922: /* {"app": "dbt", "dbt_version": "1.12.4", "profile_name": "f1_lakehouse", "target_name": "dev", "node_id": "test.f1_lakehouse.source_not_null_bronze_laps_session_type.743f4e9922"} */

    
    select
      count(*) as failures,
      count(*) != 0 as should_warn,
      count(*) != 0 as should_error
    from (
      
    
  
    
    



select session_type
from "iceberg"."bronze"."laps"
where session_type is null



  
  
      
    ) dbt_internal_test
[0m04:12:43.448054 [debug] [Thread-3 (]: Re-using an available connection from the pool (formerly test.f1_lakehouse.source_not_null_bronze_laps_lap_number.82b2201cba, now test.f1_lakehouse.source_not_null_bronze_results_season.8589053577)
[0m04:12:43.448802 [debug] [Thread-4 (]: Began compiling node test.f1_lakehouse.source_not_null_bronze_results_event_slug.109a08e592
[0m04:12:43.460157 [debug] [Thread-2 (]: Opening a new connection, currently in state closed
[0m04:12:43.461495 [debug] [Thread-1 (]: Writing injected SQL for node "test.f1_lakehouse.source_not_null_bronze_results_driver_code.7cdeb71009"
[0m04:12:43.462407 [debug] [Thread-3 (]: Began compiling node test.f1_lakehouse.source_not_null_bronze_results_season.8589053577
[0m04:12:43.471644 [debug] [Thread-4 (]: Writing injected SQL for node "test.f1_lakehouse.source_not_null_bronze_results_event_slug.109a08e592"
[0m04:12:43.478481 [debug] [Thread-3 (]: Writing injected SQL for node "test.f1_lakehouse.source_not_null_bronze_results_season.8589053577"
[0m04:12:43.479223 [debug] [Thread-1 (]: Began executing node test.f1_lakehouse.source_not_null_bronze_results_driver_code.7cdeb71009
[0m04:12:43.480870 [debug] [Thread-1 (]: Writing runtime sql for node "test.f1_lakehouse.source_not_null_bronze_results_driver_code.7cdeb71009"
[0m04:12:43.481379 [debug] [Thread-3 (]: Began executing node test.f1_lakehouse.source_not_null_bronze_results_season.8589053577
[0m04:12:43.482872 [debug] [Thread-3 (]: Writing runtime sql for node "test.f1_lakehouse.source_not_null_bronze_results_season.8589053577"
[0m04:12:43.483225 [debug] [Thread-4 (]: Began executing node test.f1_lakehouse.source_not_null_bronze_results_event_slug.109a08e592
[0m04:12:43.484637 [debug] [Thread-4 (]: Writing runtime sql for node "test.f1_lakehouse.source_not_null_bronze_results_event_slug.109a08e592"
[0m04:12:43.486678 [debug] [Thread-1 (]: Using trino connection "test.f1_lakehouse.source_not_null_bronze_results_driver_code.7cdeb71009"
[0m04:12:43.487535 [debug] [Thread-1 (]: On test.f1_lakehouse.source_not_null_bronze_results_driver_code.7cdeb71009: /* {"app": "dbt", "dbt_version": "1.12.4", "profile_name": "f1_lakehouse", "target_name": "dev", "node_id": "test.f1_lakehouse.source_not_null_bronze_results_driver_code.7cdeb71009"} */

    
    select
      count(*) as failures,
      count(*) != 0 as should_warn,
      count(*) != 0 as should_error
    from (
      
    
  
    
    



select driver_code
from "iceberg"."bronze"."results"
where driver_code is null



  
  
      
    ) dbt_internal_test
[0m04:12:43.489345 [debug] [Thread-4 (]: Using trino connection "test.f1_lakehouse.source_not_null_bronze_results_event_slug.109a08e592"
[0m04:12:43.491246 [debug] [Thread-3 (]: Using trino connection "test.f1_lakehouse.source_not_null_bronze_results_season.8589053577"
[0m04:12:43.492320 [debug] [Thread-1 (]: Opening a new connection, currently in state closed
[0m04:12:43.493036 [debug] [Thread-4 (]: On test.f1_lakehouse.source_not_null_bronze_results_event_slug.109a08e592: /* {"app": "dbt", "dbt_version": "1.12.4", "profile_name": "f1_lakehouse", "target_name": "dev", "node_id": "test.f1_lakehouse.source_not_null_bronze_results_event_slug.109a08e592"} */

    
    select
      count(*) as failures,
      count(*) != 0 as should_warn,
      count(*) != 0 as should_error
    from (
      
    
  
    
    



select event_slug
from "iceberg"."bronze"."results"
where event_slug is null



  
  
      
    ) dbt_internal_test
[0m04:12:43.493384 [debug] [Thread-3 (]: On test.f1_lakehouse.source_not_null_bronze_results_season.8589053577: /* {"app": "dbt", "dbt_version": "1.12.4", "profile_name": "f1_lakehouse", "target_name": "dev", "node_id": "test.f1_lakehouse.source_not_null_bronze_results_season.8589053577"} */

    
    select
      count(*) as failures,
      count(*) != 0 as should_warn,
      count(*) != 0 as should_error
    from (
      
    
  
    
    



select season
from "iceberg"."bronze"."results"
where season is null



  
  
      
    ) dbt_internal_test
[0m04:12:43.496164 [debug] [Thread-4 (]: Opening a new connection, currently in state closed
[0m04:12:43.496550 [debug] [Thread-3 (]: Opening a new connection, currently in state closed
[0m04:12:43.567672 [debug] [Thread-4 (]: SQL status: SUCCESS in 0.071 seconds
[0m04:12:43.570086 [debug] [Thread-3 (]: SQL status: SUCCESS in 0.073 seconds
[0m04:12:43.574716 [debug] [Thread-4 (]: On test.f1_lakehouse.source_not_null_bronze_results_event_slug.109a08e592: ROLLBACK
[0m04:12:43.576746 [debug] [Thread-3 (]: On test.f1_lakehouse.source_not_null_bronze_results_season.8589053577: ROLLBACK
[0m04:12:43.578302 [debug] [Thread-4 (]: On test.f1_lakehouse.source_not_null_bronze_results_event_slug.109a08e592: Close
[0m04:12:43.582032 [debug] [Thread-3 (]: On test.f1_lakehouse.source_not_null_bronze_results_season.8589053577: Close
[0m04:12:43.583435 [debug] [Thread-2 (]: SQL status: SUCCESS in 0.123 seconds
[0m04:12:43.584416 [info ] [Thread-4 (]: 7 of 53 PASS source_not_null_bronze_results_event_slug ......................... [[32mPASS[0m in 0.14s]
[0m04:12:43.585594 [debug] [Thread-1 (]: SQL status: SUCCESS in 0.093 seconds
[0m04:12:43.588485 [debug] [Thread-2 (]: On test.f1_lakehouse.source_not_null_bronze_laps_session_type.743f4e9922: ROLLBACK
[0m04:12:43.586220 [info ] [Thread-3 (]: 8 of 53 PASS source_not_null_bronze_results_season ............................. [[32mPASS[0m in 0.14s]
[0m04:12:43.589988 [debug] [Thread-4 (]: Finished running node test.f1_lakehouse.source_not_null_bronze_results_event_slug.109a08e592
[0m04:12:43.591758 [debug] [Thread-1 (]: On test.f1_lakehouse.source_not_null_bronze_results_driver_code.7cdeb71009: ROLLBACK
[0m04:12:43.592394 [debug] [Thread-2 (]: On test.f1_lakehouse.source_not_null_bronze_laps_session_type.743f4e9922: Close
[0m04:12:43.593105 [debug] [Thread-3 (]: Finished running node test.f1_lakehouse.source_not_null_bronze_results_season.8589053577
[0m04:12:43.593496 [debug] [Thread-4 (]: Began running node test.f1_lakehouse.source_not_null_bronze_telemetry_driver_code.75be25889d
[0m04:12:43.594082 [debug] [Thread-1 (]: On test.f1_lakehouse.source_not_null_bronze_results_driver_code.7cdeb71009: Close
[0m04:12:43.594913 [debug] [Thread-3 (]: Began running node test.f1_lakehouse.source_not_null_bronze_telemetry_event_slug.08340de410
[0m04:12:43.595287 [info ] [Thread-4 (]: 9 of 53 START test source_not_null_bronze_telemetry_driver_code ................ [RUN]
[0m04:12:43.595935 [info ] [Thread-2 (]: 5 of 53 PASS source_not_null_bronze_laps_session_type .......................... [[32mPASS[0m in 0.18s]
[0m04:12:43.597203 [info ] [Thread-1 (]: 6 of 53 PASS source_not_null_bronze_results_driver_code ........................ [[32mPASS[0m in 0.15s]
[0m04:12:43.597883 [info ] [Thread-3 (]: 10 of 53 START test source_not_null_bronze_telemetry_event_slug ................ [RUN]
[0m04:12:43.598357 [debug] [Thread-4 (]: Re-using an available connection from the pool (formerly test.f1_lakehouse.source_not_null_bronze_results_event_slug.109a08e592, now test.f1_lakehouse.source_not_null_bronze_telemetry_driver_code.75be25889d)
[0m04:12:43.598970 [debug] [Thread-2 (]: Finished running node test.f1_lakehouse.source_not_null_bronze_laps_session_type.743f4e9922
[0m04:12:43.599950 [debug] [Thread-1 (]: Finished running node test.f1_lakehouse.source_not_null_bronze_results_driver_code.7cdeb71009
[0m04:12:43.600443 [debug] [Thread-3 (]: Re-using an available connection from the pool (formerly test.f1_lakehouse.source_not_null_bronze_results_season.8589053577, now test.f1_lakehouse.source_not_null_bronze_telemetry_event_slug.08340de410)
[0m04:12:43.600918 [debug] [Thread-4 (]: Began compiling node test.f1_lakehouse.source_not_null_bronze_telemetry_driver_code.75be25889d
[0m04:12:43.601381 [debug] [Thread-2 (]: Began running node test.f1_lakehouse.source_not_null_bronze_telemetry_lap_number.0c5fdd676d
[0m04:12:43.601845 [debug] [Thread-1 (]: Began running node test.f1_lakehouse.source_not_null_bronze_telemetry_sample_timestamp_utc.a105b32e75
[0m04:12:43.602343 [debug] [Thread-3 (]: Began compiling node test.f1_lakehouse.source_not_null_bronze_telemetry_event_slug.08340de410
[0m04:12:43.608157 [info ] [Thread-2 (]: 11 of 53 START test source_not_null_bronze_telemetry_lap_number ................ [RUN]
[0m04:12:43.611517 [debug] [Thread-4 (]: Writing injected SQL for node "test.f1_lakehouse.source_not_null_bronze_telemetry_driver_code.75be25889d"
[0m04:12:43.612094 [info ] [Thread-1 (]: 12 of 53 START test source_not_null_bronze_telemetry_sample_timestamp_utc ...... [RUN]
[0m04:12:43.618563 [debug] [Thread-3 (]: Writing injected SQL for node "test.f1_lakehouse.source_not_null_bronze_telemetry_event_slug.08340de410"
[0m04:12:43.619144 [debug] [Thread-2 (]: Re-using an available connection from the pool (formerly test.f1_lakehouse.source_not_null_bronze_laps_session_type.743f4e9922, now test.f1_lakehouse.source_not_null_bronze_telemetry_lap_number.0c5fdd676d)
[0m04:12:43.620111 [debug] [Thread-1 (]: Re-using an available connection from the pool (formerly test.f1_lakehouse.source_not_null_bronze_results_driver_code.7cdeb71009, now test.f1_lakehouse.source_not_null_bronze_telemetry_sample_timestamp_utc.a105b32e75)
[0m04:12:43.621381 [debug] [Thread-3 (]: Began executing node test.f1_lakehouse.source_not_null_bronze_telemetry_event_slug.08340de410
[0m04:12:43.622060 [debug] [Thread-2 (]: Began compiling node test.f1_lakehouse.source_not_null_bronze_telemetry_lap_number.0c5fdd676d
[0m04:12:43.623183 [debug] [Thread-4 (]: Began executing node test.f1_lakehouse.source_not_null_bronze_telemetry_driver_code.75be25889d
[0m04:12:43.623797 [debug] [Thread-1 (]: Began compiling node test.f1_lakehouse.source_not_null_bronze_telemetry_sample_timestamp_utc.a105b32e75
[0m04:12:43.626316 [debug] [Thread-3 (]: Writing runtime sql for node "test.f1_lakehouse.source_not_null_bronze_telemetry_event_slug.08340de410"
[0m04:12:43.634127 [debug] [Thread-2 (]: Writing injected SQL for node "test.f1_lakehouse.source_not_null_bronze_telemetry_lap_number.0c5fdd676d"
[0m04:12:43.635732 [debug] [Thread-4 (]: Writing runtime sql for node "test.f1_lakehouse.source_not_null_bronze_telemetry_driver_code.75be25889d"
[0m04:12:43.642755 [debug] [Thread-1 (]: Writing injected SQL for node "test.f1_lakehouse.source_not_null_bronze_telemetry_sample_timestamp_utc.a105b32e75"
[0m04:12:43.643745 [debug] [Thread-2 (]: Began executing node test.f1_lakehouse.source_not_null_bronze_telemetry_lap_number.0c5fdd676d
[0m04:12:43.645159 [debug] [Thread-3 (]: Using trino connection "test.f1_lakehouse.source_not_null_bronze_telemetry_event_slug.08340de410"
[0m04:12:43.646658 [debug] [Thread-2 (]: Writing runtime sql for node "test.f1_lakehouse.source_not_null_bronze_telemetry_lap_number.0c5fdd676d"
[0m04:12:43.649097 [debug] [Thread-4 (]: Using trino connection "test.f1_lakehouse.source_not_null_bronze_telemetry_driver_code.75be25889d"
[0m04:12:43.650126 [debug] [Thread-3 (]: On test.f1_lakehouse.source_not_null_bronze_telemetry_event_slug.08340de410: /* {"app": "dbt", "dbt_version": "1.12.4", "profile_name": "f1_lakehouse", "target_name": "dev", "node_id": "test.f1_lakehouse.source_not_null_bronze_telemetry_event_slug.08340de410"} */

    
    select
      count(*) as failures,
      count(*) != 0 as should_warn,
      count(*) != 0 as should_error
    from (
      
    
  
    
    



select event_slug
from "iceberg"."bronze"."telemetry"
where event_slug is null



  
  
      
    ) dbt_internal_test
[0m04:12:43.650696 [debug] [Thread-1 (]: Began executing node test.f1_lakehouse.source_not_null_bronze_telemetry_sample_timestamp_utc.a105b32e75
[0m04:12:43.651270 [debug] [Thread-4 (]: On test.f1_lakehouse.source_not_null_bronze_telemetry_driver_code.75be25889d: /* {"app": "dbt", "dbt_version": "1.12.4", "profile_name": "f1_lakehouse", "target_name": "dev", "node_id": "test.f1_lakehouse.source_not_null_bronze_telemetry_driver_code.75be25889d"} */

    
    select
      count(*) as failures,
      count(*) != 0 as should_warn,
      count(*) != 0 as should_error
    from (
      
    
  
    
    



select driver_code
from "iceberg"."bronze"."telemetry"
where driver_code is null



  
  
      
    ) dbt_internal_test
[0m04:12:43.651936 [debug] [Thread-3 (]: Opening a new connection, currently in state closed
[0m04:12:43.653232 [debug] [Thread-2 (]: Using trino connection "test.f1_lakehouse.source_not_null_bronze_telemetry_lap_number.0c5fdd676d"
[0m04:12:43.656240 [debug] [Thread-1 (]: Writing runtime sql for node "test.f1_lakehouse.source_not_null_bronze_telemetry_sample_timestamp_utc.a105b32e75"
[0m04:12:43.657996 [debug] [Thread-4 (]: Opening a new connection, currently in state closed
[0m04:12:43.659018 [debug] [Thread-2 (]: On test.f1_lakehouse.source_not_null_bronze_telemetry_lap_number.0c5fdd676d: /* {"app": "dbt", "dbt_version": "1.12.4", "profile_name": "f1_lakehouse", "target_name": "dev", "node_id": "test.f1_lakehouse.source_not_null_bronze_telemetry_lap_number.0c5fdd676d"} */

    
    select
      count(*) as failures,
      count(*) != 0 as should_warn,
      count(*) != 0 as should_error
    from (
      
    
  
    
    



select lap_number
from "iceberg"."bronze"."telemetry"
where lap_number is null



  
  
      
    ) dbt_internal_test
[0m04:12:43.660654 [debug] [Thread-2 (]: Opening a new connection, currently in state closed
[0m04:12:43.664919 [debug] [Thread-1 (]: Using trino connection "test.f1_lakehouse.source_not_null_bronze_telemetry_sample_timestamp_utc.a105b32e75"
[0m04:12:43.666932 [debug] [Thread-1 (]: On test.f1_lakehouse.source_not_null_bronze_telemetry_sample_timestamp_utc.a105b32e75: /* {"app": "dbt", "dbt_version": "1.12.4", "profile_name": "f1_lakehouse", "target_name": "dev", "node_id": "test.f1_lakehouse.source_not_null_bronze_telemetry_sample_timestamp_utc.a105b32e75"} */

    
    select
      count(*) as failures,
      count(*) != 0 as should_warn,
      count(*) != 0 as should_error
    from (
      
    
  
    
    



select sample_timestamp_utc
from "iceberg"."bronze"."telemetry"
where sample_timestamp_utc is null



  
  
      
    ) dbt_internal_test
[0m04:12:43.667451 [debug] [Thread-1 (]: Opening a new connection, currently in state closed
[0m04:12:43.791024 [debug] [Thread-3 (]: SQL status: SUCCESS in 0.139 seconds
[0m04:12:43.793588 [debug] [Thread-3 (]: On test.f1_lakehouse.source_not_null_bronze_telemetry_event_slug.08340de410: ROLLBACK
[0m04:12:43.794931 [debug] [Thread-3 (]: On test.f1_lakehouse.source_not_null_bronze_telemetry_event_slug.08340de410: Close
[0m04:12:43.795925 [debug] [Thread-4 (]: SQL status: SUCCESS in 0.138 seconds
[0m04:12:43.797353 [info ] [Thread-3 (]: 10 of 53 PASS source_not_null_bronze_telemetry_event_slug ...................... [[32mPASS[0m in 0.20s]
[0m04:12:43.800149 [debug] [Thread-4 (]: On test.f1_lakehouse.source_not_null_bronze_telemetry_driver_code.75be25889d: ROLLBACK
[0m04:12:43.802279 [debug] [Thread-3 (]: Finished running node test.f1_lakehouse.source_not_null_bronze_telemetry_event_slug.08340de410
[0m04:12:43.803615 [debug] [Thread-4 (]: On test.f1_lakehouse.source_not_null_bronze_telemetry_driver_code.75be25889d: Close
[0m04:12:43.804792 [debug] [Thread-1 (]: SQL status: SUCCESS in 0.137 seconds
[0m04:12:43.805644 [debug] [Thread-3 (]: Began running node test.f1_lakehouse.source_not_null_bronze_telemetry_season.a659bc15fb
[0m04:12:43.807400 [info ] [Thread-4 (]: 9 of 53 PASS source_not_null_bronze_telemetry_driver_code ...................... [[32mPASS[0m in 0.21s]
[0m04:12:43.811330 [debug] [Thread-1 (]: On test.f1_lakehouse.source_not_null_bronze_telemetry_sample_timestamp_utc.a105b32e75: ROLLBACK
[0m04:12:43.812370 [info ] [Thread-3 (]: 13 of 53 START test source_not_null_bronze_telemetry_season .................... [RUN]
[0m04:12:43.814790 [debug] [Thread-4 (]: Finished running node test.f1_lakehouse.source_not_null_bronze_telemetry_driver_code.75be25889d
[0m04:12:43.816512 [debug] [Thread-1 (]: On test.f1_lakehouse.source_not_null_bronze_telemetry_sample_timestamp_utc.a105b32e75: Close
[0m04:12:43.817188 [debug] [Thread-3 (]: Re-using an available connection from the pool (formerly test.f1_lakehouse.source_not_null_bronze_telemetry_event_slug.08340de410, now test.f1_lakehouse.source_not_null_bronze_telemetry_season.a659bc15fb)
[0m04:12:43.817928 [debug] [Thread-4 (]: Began running node test.f1_lakehouse.source_not_null_bronze_telemetry_session_type.19f8cfed05
[0m04:12:43.818987 [info ] [Thread-1 (]: 12 of 53 PASS source_not_null_bronze_telemetry_sample_timestamp_utc ............ [[32mPASS[0m in 0.20s]
[0m04:12:43.820186 [debug] [Thread-3 (]: Began compiling node test.f1_lakehouse.source_not_null_bronze_telemetry_season.a659bc15fb
[0m04:12:43.821105 [debug] [Thread-2 (]: SQL status: SUCCESS in 0.160 seconds
[0m04:12:43.821752 [info ] [Thread-4 (]: 14 of 53 START test source_not_null_bronze_telemetry_session_type .............. [RUN]
[0m04:12:43.822853 [debug] [Thread-1 (]: Finished running node test.f1_lakehouse.source_not_null_bronze_telemetry_sample_timestamp_utc.a105b32e75
[0m04:12:43.833895 [debug] [Thread-3 (]: Writing injected SQL for node "test.f1_lakehouse.source_not_null_bronze_telemetry_season.a659bc15fb"
[0m04:12:43.835699 [debug] [Thread-2 (]: On test.f1_lakehouse.source_not_null_bronze_telemetry_lap_number.0c5fdd676d: ROLLBACK
[0m04:12:43.836487 [debug] [Thread-4 (]: Re-using an available connection from the pool (formerly test.f1_lakehouse.source_not_null_bronze_telemetry_driver_code.75be25889d, now test.f1_lakehouse.source_not_null_bronze_telemetry_session_type.19f8cfed05)
[0m04:12:43.837448 [debug] [Thread-1 (]: Began running node test.f1_lakehouse.source_not_null_bronze_weather_event_slug.f925f9a511
[0m04:12:43.838320 [debug] [Thread-2 (]: On test.f1_lakehouse.source_not_null_bronze_telemetry_lap_number.0c5fdd676d: Close
[0m04:12:43.838803 [debug] [Thread-3 (]: Began executing node test.f1_lakehouse.source_not_null_bronze_telemetry_season.a659bc15fb
[0m04:12:43.839708 [debug] [Thread-4 (]: Began compiling node test.f1_lakehouse.source_not_null_bronze_telemetry_session_type.19f8cfed05
[0m04:12:43.840574 [info ] [Thread-1 (]: 15 of 53 START test source_not_null_bronze_weather_event_slug .................. [RUN]
[0m04:12:43.842975 [debug] [Thread-3 (]: Writing runtime sql for node "test.f1_lakehouse.source_not_null_bronze_telemetry_season.a659bc15fb"
[0m04:12:43.843682 [info ] [Thread-2 (]: 11 of 53 PASS source_not_null_bronze_telemetry_lap_number ...................... [[32mPASS[0m in 0.22s]
[0m04:12:43.850719 [debug] [Thread-4 (]: Writing injected SQL for node "test.f1_lakehouse.source_not_null_bronze_telemetry_session_type.19f8cfed05"
[0m04:12:43.851440 [debug] [Thread-1 (]: Re-using an available connection from the pool (formerly test.f1_lakehouse.source_not_null_bronze_telemetry_sample_timestamp_utc.a105b32e75, now test.f1_lakehouse.source_not_null_bronze_weather_event_slug.f925f9a511)
[0m04:12:43.852490 [debug] [Thread-2 (]: Finished running node test.f1_lakehouse.source_not_null_bronze_telemetry_lap_number.0c5fdd676d
[0m04:12:43.853209 [debug] [Thread-1 (]: Began compiling node test.f1_lakehouse.source_not_null_bronze_weather_event_slug.f925f9a511
[0m04:12:43.856131 [debug] [Thread-3 (]: Using trino connection "test.f1_lakehouse.source_not_null_bronze_telemetry_season.a659bc15fb"
[0m04:12:43.856854 [debug] [Thread-2 (]: Began running node test.f1_lakehouse.source_not_null_bronze_weather_season.51bbd26c23
[0m04:12:43.857558 [debug] [Thread-4 (]: Began executing node test.f1_lakehouse.source_not_null_bronze_telemetry_session_type.19f8cfed05
[0m04:12:43.869760 [debug] [Thread-3 (]: On test.f1_lakehouse.source_not_null_bronze_telemetry_season.a659bc15fb: /* {"app": "dbt", "dbt_version": "1.12.4", "profile_name": "f1_lakehouse", "target_name": "dev", "node_id": "test.f1_lakehouse.source_not_null_bronze_telemetry_season.a659bc15fb"} */

    
    select
      count(*) as failures,
      count(*) != 0 as should_warn,
      count(*) != 0 as should_error
    from (
      
    
  
    
    



select season
from "iceberg"."bronze"."telemetry"
where season is null



  
  
      
    ) dbt_internal_test
[0m04:12:43.870970 [debug] [Thread-1 (]: Writing injected SQL for node "test.f1_lakehouse.source_not_null_bronze_weather_event_slug.f925f9a511"
[0m04:12:43.872068 [info ] [Thread-2 (]: 16 of 53 START test source_not_null_bronze_weather_season ...................... [RUN]
[0m04:12:43.874255 [debug] [Thread-4 (]: Writing runtime sql for node "test.f1_lakehouse.source_not_null_bronze_telemetry_session_type.19f8cfed05"
[0m04:12:43.874781 [debug] [Thread-3 (]: Opening a new connection, currently in state closed
[0m04:12:43.875572 [debug] [Thread-2 (]: Re-using an available connection from the pool (formerly test.f1_lakehouse.source_not_null_bronze_telemetry_lap_number.0c5fdd676d, now test.f1_lakehouse.source_not_null_bronze_weather_season.51bbd26c23)
[0m04:12:43.878373 [debug] [Thread-4 (]: Using trino connection "test.f1_lakehouse.source_not_null_bronze_telemetry_session_type.19f8cfed05"
[0m04:12:43.878932 [debug] [Thread-1 (]: Began executing node test.f1_lakehouse.source_not_null_bronze_weather_event_slug.f925f9a511
[0m04:12:43.879635 [debug] [Thread-2 (]: Began compiling node test.f1_lakehouse.source_not_null_bronze_weather_season.51bbd26c23
[0m04:12:43.880288 [debug] [Thread-4 (]: On test.f1_lakehouse.source_not_null_bronze_telemetry_session_type.19f8cfed05: /* {"app": "dbt", "dbt_version": "1.12.4", "profile_name": "f1_lakehouse", "target_name": "dev", "node_id": "test.f1_lakehouse.source_not_null_bronze_telemetry_session_type.19f8cfed05"} */

    
    select
      count(*) as failures,
      count(*) != 0 as should_warn,
      count(*) != 0 as should_error
    from (
      
    
  
    
    



select session_type
from "iceberg"."bronze"."telemetry"
where session_type is null



  
  
      
    ) dbt_internal_test
[0m04:12:43.883171 [debug] [Thread-1 (]: Writing runtime sql for node "test.f1_lakehouse.source_not_null_bronze_weather_event_slug.f925f9a511"
[0m04:12:43.893518 [debug] [Thread-2 (]: Writing injected SQL for node "test.f1_lakehouse.source_not_null_bronze_weather_season.51bbd26c23"
[0m04:12:43.894039 [debug] [Thread-4 (]: Opening a new connection, currently in state closed
[0m04:12:43.898379 [debug] [Thread-1 (]: Using trino connection "test.f1_lakehouse.source_not_null_bronze_weather_event_slug.f925f9a511"
[0m04:12:43.898893 [debug] [Thread-2 (]: Began executing node test.f1_lakehouse.source_not_null_bronze_weather_season.51bbd26c23
[0m04:12:43.899427 [debug] [Thread-1 (]: On test.f1_lakehouse.source_not_null_bronze_weather_event_slug.f925f9a511: /* {"app": "dbt", "dbt_version": "1.12.4", "profile_name": "f1_lakehouse", "target_name": "dev", "node_id": "test.f1_lakehouse.source_not_null_bronze_weather_event_slug.f925f9a511"} */

    
    select
      count(*) as failures,
      count(*) != 0 as should_warn,
      count(*) != 0 as should_error
    from (
      
    
  
    
    



select event_slug
from "iceberg"."bronze"."weather"
where event_slug is null



  
  
      
    ) dbt_internal_test
[0m04:12:43.902566 [debug] [Thread-2 (]: Writing runtime sql for node "test.f1_lakehouse.source_not_null_bronze_weather_season.51bbd26c23"
[0m04:12:43.903239 [debug] [Thread-1 (]: Opening a new connection, currently in state closed
[0m04:12:43.912969 [debug] [Thread-2 (]: Using trino connection "test.f1_lakehouse.source_not_null_bronze_weather_season.51bbd26c23"
[0m04:12:43.913552 [debug] [Thread-2 (]: On test.f1_lakehouse.source_not_null_bronze_weather_season.51bbd26c23: /* {"app": "dbt", "dbt_version": "1.12.4", "profile_name": "f1_lakehouse", "target_name": "dev", "node_id": "test.f1_lakehouse.source_not_null_bronze_weather_season.51bbd26c23"} */

    
    select
      count(*) as failures,
      count(*) != 0 as should_warn,
      count(*) != 0 as should_error
    from (
      
    
  
    
    



select season
from "iceberg"."bronze"."weather"
where season is null



  
  
      
    ) dbt_internal_test
[0m04:12:43.913863 [debug] [Thread-2 (]: Opening a new connection, currently in state closed
[0m04:12:44.022891 [debug] [Thread-4 (]: SQL status: SUCCESS in 0.129 seconds
[0m04:12:44.025053 [debug] [Thread-4 (]: On test.f1_lakehouse.source_not_null_bronze_telemetry_session_type.19f8cfed05: ROLLBACK
[0m04:12:44.025555 [debug] [Thread-4 (]: On test.f1_lakehouse.source_not_null_bronze_telemetry_session_type.19f8cfed05: Close
[0m04:12:44.031287 [debug] [Thread-2 (]: SQL status: SUCCESS in 0.117 seconds
[0m04:12:44.034688 [debug] [Thread-2 (]: On test.f1_lakehouse.source_not_null_bronze_weather_season.51bbd26c23: ROLLBACK
[0m04:12:44.035546 [debug] [Thread-2 (]: On test.f1_lakehouse.source_not_null_bronze_weather_season.51bbd26c23: Close
[0m04:12:44.030198 [info ] [Thread-4 (]: 14 of 53 PASS source_not_null_bronze_telemetry_session_type .................... [[32mPASS[0m in 0.19s]
[0m04:12:44.037472 [debug] [Thread-3 (]: SQL status: SUCCESS in 0.163 seconds
[0m04:12:44.038589 [debug] [Thread-1 (]: SQL status: SUCCESS in 0.135 seconds
[0m04:12:44.039810 [info ] [Thread-2 (]: 16 of 53 PASS source_not_null_bronze_weather_season ............................ [[32mPASS[0m in 0.16s]
[0m04:12:44.041113 [debug] [Thread-4 (]: Finished running node test.f1_lakehouse.source_not_null_bronze_telemetry_session_type.19f8cfed05
[0m04:12:44.043979 [debug] [Thread-3 (]: On test.f1_lakehouse.source_not_null_bronze_telemetry_season.a659bc15fb: ROLLBACK
[0m04:12:44.046476 [debug] [Thread-1 (]: On test.f1_lakehouse.source_not_null_bronze_weather_event_slug.f925f9a511: ROLLBACK
[0m04:12:44.047589 [debug] [Thread-2 (]: Finished running node test.f1_lakehouse.source_not_null_bronze_weather_season.51bbd26c23
[0m04:12:44.048344 [debug] [Thread-4 (]: Began running node model.f1_lakehouse.silver_laps
[0m04:12:44.049057 [debug] [Thread-3 (]: On test.f1_lakehouse.source_not_null_bronze_telemetry_season.a659bc15fb: Close
[0m04:12:44.049726 [debug] [Thread-1 (]: On test.f1_lakehouse.source_not_null_bronze_weather_event_slug.f925f9a511: Close
[0m04:12:44.050559 [debug] [Thread-2 (]: Began running node model.f1_lakehouse.silver_results
[0m04:12:44.051335 [info ] [Thread-4 (]: 17 of 53 START sql table model silver.silver_laps .............................. [RUN]
[0m04:12:44.052439 [info ] [Thread-3 (]: 13 of 53 PASS source_not_null_bronze_telemetry_season .......................... [[32mPASS[0m in 0.24s]
[0m04:12:44.053669 [info ] [Thread-1 (]: 15 of 53 PASS source_not_null_bronze_weather_event_slug ........................ [[32mPASS[0m in 0.20s]
[0m04:12:44.054883 [info ] [Thread-2 (]: 18 of 53 START sql table model silver.silver_results ........................... [RUN]
[0m04:12:44.055680 [debug] [Thread-4 (]: Re-using an available connection from the pool (formerly test.f1_lakehouse.source_not_null_bronze_telemetry_session_type.19f8cfed05, now model.f1_lakehouse.silver_laps)
[0m04:12:44.056606 [debug] [Thread-3 (]: Finished running node test.f1_lakehouse.source_not_null_bronze_telemetry_season.a659bc15fb
[0m04:12:44.057324 [debug] [Thread-1 (]: Finished running node test.f1_lakehouse.source_not_null_bronze_weather_event_slug.f925f9a511
[0m04:12:44.057951 [debug] [Thread-2 (]: Re-using an available connection from the pool (formerly test.f1_lakehouse.source_not_null_bronze_weather_season.51bbd26c23, now model.f1_lakehouse.silver_results)
[0m04:12:44.058546 [debug] [Thread-4 (]: Began compiling node model.f1_lakehouse.silver_laps
[0m04:12:44.059357 [debug] [Thread-2 (]: Began compiling node model.f1_lakehouse.silver_results
[0m04:12:44.059984 [debug] [Thread-3 (]: Began running node model.f1_lakehouse.silver_telemetry
[0m04:12:44.062387 [debug] [Thread-4 (]: Writing injected SQL for node "model.f1_lakehouse.silver_laps"
[0m04:12:44.062994 [debug] [Thread-1 (]: Began running node model.f1_lakehouse.silver_weather
[0m04:12:44.066817 [debug] [Thread-2 (]: Writing injected SQL for node "model.f1_lakehouse.silver_results"
[0m04:12:44.067588 [info ] [Thread-3 (]: 19 of 53 START sql table model silver.silver_telemetry ......................... [RUN]
[0m04:12:44.068518 [info ] [Thread-1 (]: 20 of 53 START sql table model silver.silver_weather ........................... [RUN]
[0m04:12:44.069537 [debug] [Thread-3 (]: Re-using an available connection from the pool (formerly test.f1_lakehouse.source_not_null_bronze_telemetry_season.a659bc15fb, now model.f1_lakehouse.silver_telemetry)
[0m04:12:44.071467 [debug] [Thread-4 (]: Began executing node model.f1_lakehouse.silver_laps
[0m04:12:44.073154 [debug] [Thread-1 (]: Re-using an available connection from the pool (formerly test.f1_lakehouse.source_not_null_bronze_weather_event_slug.f925f9a511, now model.f1_lakehouse.silver_weather)
[0m04:12:44.074279 [debug] [Thread-3 (]: Began compiling node model.f1_lakehouse.silver_telemetry
[0m04:12:44.075224 [debug] [Thread-2 (]: Began executing node model.f1_lakehouse.silver_results
[0m04:12:44.087002 [debug] [Thread-1 (]: Began compiling node model.f1_lakehouse.silver_weather
[0m04:12:44.106544 [debug] [Thread-3 (]: Writing injected SQL for node "model.f1_lakehouse.silver_telemetry"
[0m04:12:44.121733 [debug] [Thread-1 (]: Writing injected SQL for node "model.f1_lakehouse.silver_weather"
[0m04:12:44.191756 [debug] [Thread-2 (]: Writing runtime sql for node "model.f1_lakehouse.silver_results"
[0m04:12:44.196619 [debug] [Thread-4 (]: Writing runtime sql for node "model.f1_lakehouse.silver_laps"
[0m04:12:44.197386 [debug] [Thread-3 (]: Began executing node model.f1_lakehouse.silver_telemetry
[0m04:12:44.202137 [debug] [Thread-3 (]: Writing runtime sql for node "model.f1_lakehouse.silver_telemetry"
[0m04:12:44.207709 [debug] [Thread-2 (]: Using trino connection "model.f1_lakehouse.silver_results"
[0m04:12:44.213743 [debug] [Thread-2 (]: On model.f1_lakehouse.silver_results: /* {"app": "dbt", "dbt_version": "1.12.4", "profile_name": "f1_lakehouse", "target_name": "dev", "node_id": "model.f1_lakehouse.silver_results"} */

  
    

    create table "iceberg"."silver"."silver_results__dbt_tmp"
      
      
    as (
      

with source_results as (

    select *
    from "iceberg"."bronze"."results"

),

cleaned as (

    select
        season,
        event_name,
        event_slug,
        session_type,

        driver_number,
        driver_code,
        driver_id,

        first_name,
        last_name,
        full_name,
        country_code,

        team_name,
        team_id,

        position,
        classified_position,
        grid_position,

        status,
        points,
        result_time_ms,

        source_system,
        ingested_at

    from source_results

    where driver_code is not null
      and season is not null
      and event_slug is not null
)

select *
from cleaned
    )
[0m04:12:44.214265 [debug] [Thread-2 (]: Opening a new connection, currently in state closed
[0m04:12:44.218680 [debug] [Thread-3 (]: Using trino connection "model.f1_lakehouse.silver_telemetry"
[0m04:12:44.219375 [debug] [Thread-1 (]: Began executing node model.f1_lakehouse.silver_weather
[0m04:12:44.220627 [debug] [Thread-3 (]: On model.f1_lakehouse.silver_telemetry: /* {"app": "dbt", "dbt_version": "1.12.4", "profile_name": "f1_lakehouse", "target_name": "dev", "node_id": "model.f1_lakehouse.silver_telemetry"} */

  
    

    create table "iceberg"."silver"."silver_telemetry__dbt_tmp"
      
      
    as (
      

with source_telemetry as (

    select *

    from "iceberg"."bronze"."telemetry"

),

validated as (

    select
        season,
        event_name,
        event_slug,
        session_type,

        driver_code,
        driver_number,
        team_name,
        lap_number,

        sample_timestamp_utc,
        session_time_ms,
        sample_time_ms,

        rpm,
        speed_kph,
        gear,
        throttle_pct,
        brake,
        drs,

        x,
        y,
        z,

        distance,
        relative_distance,

        driver_ahead,
        distance_to_driver_ahead,

        source,
        status,

        source_system,
        ingested_at,

        row_number() over (

            partition by
                season,
                event_slug,
                session_type,
                driver_code,
                lap_number,
                sample_time_ms

            order by sample_timestamp_utc

        ) as telemetry_record_number

    from source_telemetry

    where sample_timestamp_utc is not null

      and lap_number is not null

      and speed_kph between 0 and 400

      and throttle_pct between 0 and 100

      and rpm between 0 and 20000

      and gear between 0 and 8

),

deduplicated as (

    select *

    from validated

    where telemetry_record_number = 1

)

select

    season,
    event_name,
    event_slug,
    session_type,

    driver_code,
    driver_number,
    team_name,
    lap_number,

    sample_timestamp_utc,
    session_time_ms,
    sample_time_ms,

    rpm,
    speed_kph,
    gear,
    throttle_pct,
    brake,

    drs,

    x,
    y,
    z,

    distance,
    relative_distance,

    driver_ahead,
    distance_to_driver_ahead,

    source,
    status,

    source_system,
    ingested_at

from deduplicated
    )
[0m04:12:44.227201 [debug] [Thread-4 (]: Using trino connection "model.f1_lakehouse.silver_laps"
[0m04:12:44.234154 [debug] [Thread-1 (]: Writing runtime sql for node "model.f1_lakehouse.silver_weather"
[0m04:12:44.235264 [debug] [Thread-3 (]: Opening a new connection, currently in state closed
[0m04:12:44.237186 [debug] [Thread-4 (]: On model.f1_lakehouse.silver_laps: /* {"app": "dbt", "dbt_version": "1.12.4", "profile_name": "f1_lakehouse", "target_name": "dev", "node_id": "model.f1_lakehouse.silver_laps"} */

  
    

    create table "iceberg"."silver"."silver_laps__dbt_tmp"
      
      
    as (
      

with source_laps as (

    select *
    from "iceberg"."bronze"."laps"

),

valid_laps as (

    select
        season,
        event_name,
        event_slug,
        session_type,

        driver_code,
        driver_number,
        team_name,

        lap_number,
        stint,
        position,

        lap_time_ms,

        round(
            lap_time_ms / 1000.0,
            3
        ) as lap_time_seconds,

        sector_1_ms,
        sector_2_ms,
        sector_3_ms,

        speed_i1,
        speed_i2,
        speed_fl,
        speed_st,

        upper(compound) as compound,

        tyre_life,
        fresh_tyre,

        track_status,

        is_personal_best,
        is_accurate,

        lap_start_date,

        source_system,
        ingested_at

    from source_laps

    where lap_time_ms is not null
      and lap_time_ms > 0
      and is_accurate = true
      and coalesce(deleted, false) = false

)

select *
from valid_laps
    )
[0m04:12:44.243471 [debug] [Thread-4 (]: Opening a new connection, currently in state closed
[0m04:12:44.251077 [debug] [Thread-1 (]: Using trino connection "model.f1_lakehouse.silver_weather"
[0m04:12:44.254344 [debug] [Thread-1 (]: On model.f1_lakehouse.silver_weather: /* {"app": "dbt", "dbt_version": "1.12.4", "profile_name": "f1_lakehouse", "target_name": "dev", "node_id": "model.f1_lakehouse.silver_weather"} */

  
    

    create table "iceberg"."silver"."silver_weather__dbt_tmp"
      
      
    as (
      

with source_weather as (

    select *
    from "iceberg"."bronze"."weather"

),

cleaned as (

    select
        season,
        event_name,
        event_slug,
        session_type,

        session_time_ms,

        air_temp_c,
        track_temp_c,
        humidity_pct,
        pressure_mbar,

        rainfall,

        wind_direction_deg,
        wind_speed,

        source_system,
        ingested_at

    from source_weather

    where season is not null
      and event_slug is not null
      and session_time_ms is not null
)

select *
from cleaned
    )
[0m04:12:44.255867 [debug] [Thread-1 (]: Opening a new connection, currently in state closed
[0m04:12:44.889749 [debug] [Thread-1 (]: SQL status: CREATE TABLE (176 rows) in 0.634 seconds
[0m04:12:44.919896 [debug] [Thread-1 (]: Using trino connection "model.f1_lakehouse.silver_weather"
[0m04:12:44.920909 [debug] [Thread-1 (]: On model.f1_lakehouse.silver_weather: /* {"app": "dbt", "dbt_version": "1.12.4", "profile_name": "f1_lakehouse", "target_name": "dev", "node_id": "model.f1_lakehouse.silver_weather"} */
alter table "iceberg"."silver"."silver_weather" rename to "iceberg"."silver"."silver_weather__dbt_backup"
[0m04:12:44.981467 [debug] [Thread-2 (]: SQL status: CREATE TABLE (22 rows) in 0.767 seconds
[0m04:12:44.990531 [debug] [Thread-2 (]: Using trino connection "model.f1_lakehouse.silver_results"
[0m04:12:44.994662 [debug] [Thread-2 (]: On model.f1_lakehouse.silver_results: /* {"app": "dbt", "dbt_version": "1.12.4", "profile_name": "f1_lakehouse", "target_name": "dev", "node_id": "model.f1_lakehouse.silver_results"} */
alter table "iceberg"."silver"."silver_results" rename to "iceberg"."silver"."silver_results__dbt_backup"
[0m04:12:45.014650 [debug] [Thread-1 (]: SQL status: RENAME TABLE in 0.089 seconds
[0m04:12:45.032779 [debug] [Thread-1 (]: Using trino connection "model.f1_lakehouse.silver_weather"
[0m04:12:45.033766 [debug] [Thread-1 (]: On model.f1_lakehouse.silver_weather: /* {"app": "dbt", "dbt_version": "1.12.4", "profile_name": "f1_lakehouse", "target_name": "dev", "node_id": "model.f1_lakehouse.silver_weather"} */
alter table "iceberg"."silver"."silver_weather__dbt_tmp" rename to "iceberg"."silver"."silver_weather"
[0m04:12:45.062670 [debug] [Thread-4 (]: SQL status: CREATE TABLE (914 rows) in 0.819 seconds
[0m04:12:45.090105 [debug] [Thread-2 (]: SQL status: RENAME TABLE in 0.094 seconds
[0m04:12:45.101500 [debug] [Thread-4 (]: Using trino connection "model.f1_lakehouse.silver_laps"
[0m04:12:45.103008 [debug] [Thread-4 (]: On model.f1_lakehouse.silver_laps: /* {"app": "dbt", "dbt_version": "1.12.4", "profile_name": "f1_lakehouse", "target_name": "dev", "node_id": "model.f1_lakehouse.silver_laps"} */
alter table "iceberg"."silver"."silver_laps" rename to "iceberg"."silver"."silver_laps__dbt_backup"
[0m04:12:45.121918 [debug] [Thread-2 (]: Using trino connection "model.f1_lakehouse.silver_results"
[0m04:12:45.122886 [debug] [Thread-2 (]: On model.f1_lakehouse.silver_results: /* {"app": "dbt", "dbt_version": "1.12.4", "profile_name": "f1_lakehouse", "target_name": "dev", "node_id": "model.f1_lakehouse.silver_results"} */
alter table "iceberg"."silver"."silver_results__dbt_tmp" rename to "iceberg"."silver"."silver_results"
[0m04:12:45.146107 [debug] [Thread-1 (]: SQL status: RENAME TABLE in 0.112 seconds
[0m04:12:45.196118 [debug] [Thread-1 (]: Applying DROP to: "iceberg"."silver"."silver_weather__dbt_backup"
[0m04:12:45.200485 [debug] [Thread-1 (]: Using trino connection "model.f1_lakehouse.silver_weather"
[0m04:12:45.201304 [debug] [Thread-1 (]: On model.f1_lakehouse.silver_weather: /* {"app": "dbt", "dbt_version": "1.12.4", "profile_name": "f1_lakehouse", "target_name": "dev", "node_id": "model.f1_lakehouse.silver_weather"} */

    drop table if exists "iceberg"."silver"."silver_weather__dbt_backup"
[0m04:12:45.219240 [debug] [Thread-2 (]: SQL status: RENAME TABLE in 0.086 seconds
[0m04:12:45.230127 [debug] [Thread-4 (]: SQL status: RENAME TABLE in 0.126 seconds
[0m04:12:45.231203 [debug] [Thread-2 (]: Applying DROP to: "iceberg"."silver"."silver_results__dbt_backup"
[0m04:12:45.250975 [debug] [Thread-2 (]: Using trino connection "model.f1_lakehouse.silver_results"
[0m04:12:45.251923 [debug] [Thread-2 (]: On model.f1_lakehouse.silver_results: /* {"app": "dbt", "dbt_version": "1.12.4", "profile_name": "f1_lakehouse", "target_name": "dev", "node_id": "model.f1_lakehouse.silver_results"} */

    drop table if exists "iceberg"."silver"."silver_results__dbt_backup"
[0m04:12:45.245009 [debug] [Thread-4 (]: Using trino connection "model.f1_lakehouse.silver_laps"
[0m04:12:45.254564 [debug] [Thread-4 (]: On model.f1_lakehouse.silver_laps: /* {"app": "dbt", "dbt_version": "1.12.4", "profile_name": "f1_lakehouse", "target_name": "dev", "node_id": "model.f1_lakehouse.silver_laps"} */
alter table "iceberg"."silver"."silver_laps__dbt_tmp" rename to "iceberg"."silver"."silver_laps"
[0m04:12:45.265799 [debug] [Thread-1 (]: SQL status: DROP TABLE in 0.060 seconds
[0m04:12:45.313239 [debug] [Thread-2 (]: SQL status: DROP TABLE in 0.060 seconds
[0m04:12:45.353195 [debug] [Thread-4 (]: SQL status: RENAME TABLE in 0.093 seconds
[0m04:12:45.359912 [debug] [Thread-4 (]: Applying DROP to: "iceberg"."silver"."silver_laps__dbt_backup"
[0m04:12:45.382286 [debug] [Thread-4 (]: Using trino connection "model.f1_lakehouse.silver_laps"
[0m04:12:45.382880 [debug] [Thread-4 (]: On model.f1_lakehouse.silver_laps: /* {"app": "dbt", "dbt_version": "1.12.4", "profile_name": "f1_lakehouse", "target_name": "dev", "node_id": "model.f1_lakehouse.silver_laps"} */

    drop table if exists "iceberg"."silver"."silver_laps__dbt_backup"
[0m04:12:45.393007 [debug] [Thread-2 (]: On model.f1_lakehouse.silver_results: ROLLBACK
[0m04:12:45.394851 [debug] [Thread-1 (]: On model.f1_lakehouse.silver_weather: ROLLBACK
[0m04:12:45.396636 [debug] [Thread-2 (]: On model.f1_lakehouse.silver_results: Close
[0m04:12:45.397546 [debug] [Thread-1 (]: On model.f1_lakehouse.silver_weather: Close
[0m04:12:45.405952 [debug] [Thread-2 (]: Sending event: {'category': 'dbt', 'action': 'run_model', 'label': '80f54156-8e7f-4134-a218-79a1aa4e8e76', 'context': [<snowplow_tracker.self_describing_json.SelfDescribingJson object at 0x7f119aa34b30>]}
[0m04:12:45.406966 [debug] [Thread-1 (]: Sending event: {'category': 'dbt', 'action': 'run_model', 'label': '80f54156-8e7f-4134-a218-79a1aa4e8e76', 'context': [<snowplow_tracker.self_describing_json.SelfDescribingJson object at 0x7f119abdd4f0>]}
[0m04:12:45.408339 [info ] [Thread-2 (]: 18 of 53 OK created sql table model silver.silver_results ...................... [[32mCREATE TABLE (22 rows)[0m in 1.34s]
[0m04:12:45.410767 [debug] [Thread-2 (]: Finished running node model.f1_lakehouse.silver_results
[0m04:12:45.409486 [info ] [Thread-1 (]: 20 of 53 OK created sql table model silver.silver_weather ...................... [[32mCREATE TABLE (176 rows)[0m in 1.33s]
[0m04:12:45.416853 [debug] [Thread-1 (]: Finished running node model.f1_lakehouse.silver_weather
[0m04:12:45.417843 [debug] [Thread-2 (]: Began running node test.f1_lakehouse.not_null_silver_results_driver_code.76dd8fa226
[0m04:12:45.420415 [info ] [Thread-2 (]: 21 of 53 START test not_null_silver_results_driver_code ........................ [RUN]
[0m04:12:45.418900 [debug] [Thread-1 (]: Began running node test.f1_lakehouse.not_null_silver_results_event_slug.a03711c975
[0m04:12:45.421517 [debug] [Thread-2 (]: Re-using an available connection from the pool (formerly model.f1_lakehouse.silver_results, now test.f1_lakehouse.not_null_silver_results_driver_code.76dd8fa226)
[0m04:12:45.424645 [debug] [Thread-2 (]: Began compiling node test.f1_lakehouse.not_null_silver_results_driver_code.76dd8fa226
[0m04:12:45.423683 [info ] [Thread-1 (]: 22 of 53 START test not_null_silver_results_event_slug ......................... [RUN]
[0m04:12:45.441953 [debug] [Thread-1 (]: Re-using an available connection from the pool (formerly model.f1_lakehouse.silver_weather, now test.f1_lakehouse.not_null_silver_results_event_slug.a03711c975)
[0m04:12:45.442925 [debug] [Thread-1 (]: Began compiling node test.f1_lakehouse.not_null_silver_results_event_slug.a03711c975
[0m04:12:45.451008 [debug] [Thread-2 (]: Writing injected SQL for node "test.f1_lakehouse.not_null_silver_results_driver_code.76dd8fa226"
[0m04:12:45.461886 [debug] [Thread-2 (]: Began executing node test.f1_lakehouse.not_null_silver_results_driver_code.76dd8fa226
[0m04:12:45.460413 [debug] [Thread-4 (]: SQL status: DROP TABLE in 0.077 seconds
[0m04:12:45.472119 [debug] [Thread-4 (]: On model.f1_lakehouse.silver_laps: ROLLBACK
[0m04:12:45.482684 [debug] [Thread-1 (]: Writing injected SQL for node "test.f1_lakehouse.not_null_silver_results_event_slug.a03711c975"
[0m04:12:45.484297 [debug] [Thread-2 (]: Writing runtime sql for node "test.f1_lakehouse.not_null_silver_results_driver_code.76dd8fa226"
[0m04:12:45.485451 [debug] [Thread-4 (]: On model.f1_lakehouse.silver_laps: Close
[0m04:12:45.488992 [debug] [Thread-4 (]: Sending event: {'category': 'dbt', 'action': 'run_model', 'label': '80f54156-8e7f-4134-a218-79a1aa4e8e76', 'context': [<snowplow_tracker.self_describing_json.SelfDescribingJson object at 0x7f1198119850>]}
[0m04:12:45.490719 [info ] [Thread-4 (]: 17 of 53 OK created sql table model silver.silver_laps ......................... [[32mCREATE TABLE (914 rows)[0m in 1.43s]
[0m04:12:45.493777 [debug] [Thread-4 (]: Finished running node model.f1_lakehouse.silver_laps
[0m04:12:45.496040 [debug] [Thread-4 (]: Began running node test.f1_lakehouse.not_null_silver_results_position.3eabe38b8e
[0m04:12:45.494922 [debug] [Thread-1 (]: Began executing node test.f1_lakehouse.not_null_silver_results_event_slug.a03711c975
[0m04:12:45.498583 [info ] [Thread-4 (]: 23 of 53 START test not_null_silver_results_position ........................... [RUN]
[0m04:12:45.501678 [debug] [Thread-1 (]: Writing runtime sql for node "test.f1_lakehouse.not_null_silver_results_event_slug.a03711c975"
[0m04:12:45.502987 [debug] [Thread-4 (]: Re-using an available connection from the pool (formerly model.f1_lakehouse.silver_laps, now test.f1_lakehouse.not_null_silver_results_position.3eabe38b8e)
[0m04:12:45.506676 [debug] [Thread-2 (]: Using trino connection "test.f1_lakehouse.not_null_silver_results_driver_code.76dd8fa226"
[0m04:12:45.507587 [debug] [Thread-4 (]: Began compiling node test.f1_lakehouse.not_null_silver_results_position.3eabe38b8e
[0m04:12:45.508387 [debug] [Thread-2 (]: On test.f1_lakehouse.not_null_silver_results_driver_code.76dd8fa226: /* {"app": "dbt", "dbt_version": "1.12.4", "profile_name": "f1_lakehouse", "target_name": "dev", "node_id": "test.f1_lakehouse.not_null_silver_results_driver_code.76dd8fa226"} */

    
    select
      count(*) as failures,
      count(*) != 0 as should_warn,
      count(*) != 0 as should_error
    from (
      
    
  
    
    



select driver_code
from "iceberg"."silver"."silver_results"
where driver_code is null



  
  
      
    ) dbt_internal_test
[0m04:12:45.512107 [debug] [Thread-1 (]: Using trino connection "test.f1_lakehouse.not_null_silver_results_event_slug.a03711c975"
[0m04:12:45.529621 [debug] [Thread-1 (]: On test.f1_lakehouse.not_null_silver_results_event_slug.a03711c975: /* {"app": "dbt", "dbt_version": "1.12.4", "profile_name": "f1_lakehouse", "target_name": "dev", "node_id": "test.f1_lakehouse.not_null_silver_results_event_slug.a03711c975"} */

    
    select
      count(*) as failures,
      count(*) != 0 as should_warn,
      count(*) != 0 as should_error
    from (
      
    
  
    
    



select event_slug
from "iceberg"."silver"."silver_results"
where event_slug is null



  
  
      
    ) dbt_internal_test
[0m04:12:45.530728 [debug] [Thread-1 (]: Opening a new connection, currently in state closed
[0m04:12:45.520011 [debug] [Thread-2 (]: Opening a new connection, currently in state closed
[0m04:12:45.540066 [debug] [Thread-4 (]: Writing injected SQL for node "test.f1_lakehouse.not_null_silver_results_position.3eabe38b8e"
[0m04:12:45.543600 [debug] [Thread-4 (]: Began executing node test.f1_lakehouse.not_null_silver_results_position.3eabe38b8e
[0m04:12:45.547498 [debug] [Thread-4 (]: Writing runtime sql for node "test.f1_lakehouse.not_null_silver_results_position.3eabe38b8e"
[0m04:12:45.551846 [debug] [Thread-4 (]: Using trino connection "test.f1_lakehouse.not_null_silver_results_position.3eabe38b8e"
[0m04:12:45.553169 [debug] [Thread-4 (]: On test.f1_lakehouse.not_null_silver_results_position.3eabe38b8e: /* {"app": "dbt", "dbt_version": "1.12.4", "profile_name": "f1_lakehouse", "target_name": "dev", "node_id": "test.f1_lakehouse.not_null_silver_results_position.3eabe38b8e"} */

    
    select
      count(*) as failures,
      count(*) != 0 as should_warn,
      count(*) != 0 as should_error
    from (
      
    
  
    
    



select position
from "iceberg"."silver"."silver_results"
where position is null



  
  
      
    ) dbt_internal_test
[0m04:12:45.554049 [debug] [Thread-4 (]: Opening a new connection, currently in state closed
[0m04:12:45.843449 [debug] [Thread-2 (]: SQL status: SUCCESS in 0.323 seconds
[0m04:12:45.845990 [debug] [Thread-2 (]: On test.f1_lakehouse.not_null_silver_results_driver_code.76dd8fa226: ROLLBACK
[0m04:12:45.846542 [debug] [Thread-2 (]: On test.f1_lakehouse.not_null_silver_results_driver_code.76dd8fa226: Close
[0m04:12:45.847671 [debug] [Thread-1 (]: SQL status: SUCCESS in 0.317 seconds
[0m04:12:45.850627 [debug] [Thread-1 (]: On test.f1_lakehouse.not_null_silver_results_event_slug.a03711c975: ROLLBACK
[0m04:12:45.848711 [info ] [Thread-2 (]: 21 of 53 PASS not_null_silver_results_driver_code .............................. [[32mPASS[0m in 0.43s]
[0m04:12:45.852016 [debug] [Thread-1 (]: On test.f1_lakehouse.not_null_silver_results_event_slug.a03711c975: Close
[0m04:12:45.853158 [debug] [Thread-2 (]: Finished running node test.f1_lakehouse.not_null_silver_results_driver_code.76dd8fa226
[0m04:12:45.855648 [info ] [Thread-1 (]: 22 of 53 PASS not_null_silver_results_event_slug ............................... [[32mPASS[0m in 0.41s]
[0m04:12:45.857022 [debug] [Thread-2 (]: Began running node test.f1_lakehouse.not_null_silver_results_season.6a71e3dc5d
[0m04:12:45.858291 [debug] [Thread-4 (]: SQL status: SUCCESS in 0.304 seconds
[0m04:12:45.859672 [debug] [Thread-1 (]: Finished running node test.f1_lakehouse.not_null_silver_results_event_slug.a03711c975
[0m04:12:45.863743 [debug] [Thread-4 (]: On test.f1_lakehouse.not_null_silver_results_position.3eabe38b8e: ROLLBACK
[0m04:12:45.875461 [debug] [Thread-4 (]: On test.f1_lakehouse.not_null_silver_results_position.3eabe38b8e: Close
[0m04:12:45.867994 [debug] [Thread-1 (]: Began running node test.f1_lakehouse.not_null_silver_results_session_type.a859c54406
[0m04:12:45.860504 [info ] [Thread-2 (]: 24 of 53 START test not_null_silver_results_season ............................. [RUN]
[0m04:12:45.879790 [debug] [Thread-2 (]: Re-using an available connection from the pool (formerly test.f1_lakehouse.not_null_silver_results_driver_code.76dd8fa226, now test.f1_lakehouse.not_null_silver_results_season.6a71e3dc5d)
[0m04:12:45.880677 [debug] [Thread-2 (]: Began compiling node test.f1_lakehouse.not_null_silver_results_season.6a71e3dc5d
[0m04:12:45.876908 [info ] [Thread-1 (]: 25 of 53 START test not_null_silver_results_session_type ....................... [RUN]
[0m04:12:45.878416 [info ] [Thread-4 (]: 23 of 53 PASS not_null_silver_results_position ................................. [[32mPASS[0m in 0.38s]
[0m04:12:45.893701 [debug] [Thread-2 (]: Writing injected SQL for node "test.f1_lakehouse.not_null_silver_results_season.6a71e3dc5d"
[0m04:12:45.894727 [debug] [Thread-1 (]: Re-using an available connection from the pool (formerly test.f1_lakehouse.not_null_silver_results_event_slug.a03711c975, now test.f1_lakehouse.not_null_silver_results_session_type.a859c54406)
[0m04:12:45.895908 [debug] [Thread-4 (]: Finished running node test.f1_lakehouse.not_null_silver_results_position.3eabe38b8e
[0m04:12:45.896786 [debug] [Thread-1 (]: Began compiling node test.f1_lakehouse.not_null_silver_results_session_type.a859c54406
[0m04:12:45.897697 [debug] [Thread-4 (]: Began running node test.f1_lakehouse.not_null_silver_weather_event_slug.83e41644f8
[0m04:12:45.898654 [debug] [Thread-2 (]: Began executing node test.f1_lakehouse.not_null_silver_results_season.6a71e3dc5d
[0m04:12:45.906399 [info ] [Thread-4 (]: 26 of 53 START test not_null_silver_weather_event_slug ......................... [RUN]
[0m04:12:45.911867 [debug] [Thread-1 (]: Writing injected SQL for node "test.f1_lakehouse.not_null_silver_results_session_type.a859c54406"
[0m04:12:45.914165 [debug] [Thread-2 (]: Writing runtime sql for node "test.f1_lakehouse.not_null_silver_results_season.6a71e3dc5d"
[0m04:12:45.915149 [debug] [Thread-4 (]: Re-using an available connection from the pool (formerly test.f1_lakehouse.not_null_silver_results_position.3eabe38b8e, now test.f1_lakehouse.not_null_silver_weather_event_slug.83e41644f8)
[0m04:12:45.916573 [debug] [Thread-4 (]: Began compiling node test.f1_lakehouse.not_null_silver_weather_event_slug.83e41644f8
[0m04:12:45.931575 [debug] [Thread-4 (]: Writing injected SQL for node "test.f1_lakehouse.not_null_silver_weather_event_slug.83e41644f8"
[0m04:12:45.933004 [debug] [Thread-4 (]: Began executing node test.f1_lakehouse.not_null_silver_weather_event_slug.83e41644f8
[0m04:12:45.956573 [debug] [Thread-2 (]: Using trino connection "test.f1_lakehouse.not_null_silver_results_season.6a71e3dc5d"
[0m04:12:45.960812 [debug] [Thread-2 (]: On test.f1_lakehouse.not_null_silver_results_season.6a71e3dc5d: /* {"app": "dbt", "dbt_version": "1.12.4", "profile_name": "f1_lakehouse", "target_name": "dev", "node_id": "test.f1_lakehouse.not_null_silver_results_season.6a71e3dc5d"} */

    
    select
      count(*) as failures,
      count(*) != 0 as should_warn,
      count(*) != 0 as should_error
    from (
      
    
  
    
    



select season
from "iceberg"."silver"."silver_results"
where season is null



  
  
      
    ) dbt_internal_test
[0m04:12:45.957990 [debug] [Thread-1 (]: Began executing node test.f1_lakehouse.not_null_silver_results_session_type.a859c54406
[0m04:12:45.961881 [debug] [Thread-2 (]: Opening a new connection, currently in state closed
[0m04:12:45.972226 [debug] [Thread-1 (]: Writing runtime sql for node "test.f1_lakehouse.not_null_silver_results_session_type.a859c54406"
[0m04:12:45.967085 [debug] [Thread-4 (]: Writing runtime sql for node "test.f1_lakehouse.not_null_silver_weather_event_slug.83e41644f8"
[0m04:12:45.979455 [debug] [Thread-1 (]: Using trino connection "test.f1_lakehouse.not_null_silver_results_session_type.a859c54406"
[0m04:12:45.980551 [debug] [Thread-1 (]: On test.f1_lakehouse.not_null_silver_results_session_type.a859c54406: /* {"app": "dbt", "dbt_version": "1.12.4", "profile_name": "f1_lakehouse", "target_name": "dev", "node_id": "test.f1_lakehouse.not_null_silver_results_session_type.a859c54406"} */

    
    select
      count(*) as failures,
      count(*) != 0 as should_warn,
      count(*) != 0 as should_error
    from (
      
    
  
    
    



select session_type
from "iceberg"."silver"."silver_results"
where session_type is null



  
  
      
    ) dbt_internal_test
[0m04:12:45.981711 [debug] [Thread-1 (]: Opening a new connection, currently in state closed
[0m04:12:45.988015 [debug] [Thread-4 (]: Using trino connection "test.f1_lakehouse.not_null_silver_weather_event_slug.83e41644f8"
[0m04:12:46.011356 [debug] [Thread-4 (]: On test.f1_lakehouse.not_null_silver_weather_event_slug.83e41644f8: /* {"app": "dbt", "dbt_version": "1.12.4", "profile_name": "f1_lakehouse", "target_name": "dev", "node_id": "test.f1_lakehouse.not_null_silver_weather_event_slug.83e41644f8"} */

    
    select
      count(*) as failures,
      count(*) != 0 as should_warn,
      count(*) != 0 as should_error
    from (
      
    
  
    
    



select event_slug
from "iceberg"."silver"."silver_weather"
where event_slug is null



  
  
      
    ) dbt_internal_test
[0m04:12:46.013784 [debug] [Thread-4 (]: Opening a new connection, currently in state closed
[0m04:12:46.300517 [debug] [Thread-4 (]: SQL status: SUCCESS in 0.287 seconds
[0m04:12:46.305666 [debug] [Thread-4 (]: On test.f1_lakehouse.not_null_silver_weather_event_slug.83e41644f8: ROLLBACK
[0m04:12:46.307357 [debug] [Thread-2 (]: SQL status: SUCCESS in 0.345 seconds
[0m04:12:46.308380 [debug] [Thread-4 (]: On test.f1_lakehouse.not_null_silver_weather_event_slug.83e41644f8: Close
[0m04:12:46.318488 [debug] [Thread-1 (]: SQL status: SUCCESS in 0.337 seconds
[0m04:12:46.312009 [debug] [Thread-2 (]: On test.f1_lakehouse.not_null_silver_results_season.6a71e3dc5d: ROLLBACK
[0m04:12:46.323377 [debug] [Thread-1 (]: On test.f1_lakehouse.not_null_silver_results_session_type.a859c54406: ROLLBACK
[0m04:12:46.320328 [info ] [Thread-4 (]: 26 of 53 PASS not_null_silver_weather_event_slug ............................... [[32mPASS[0m in 0.41s]
[0m04:12:46.324650 [debug] [Thread-2 (]: On test.f1_lakehouse.not_null_silver_results_season.6a71e3dc5d: Close
[0m04:12:46.325755 [debug] [Thread-1 (]: On test.f1_lakehouse.not_null_silver_results_session_type.a859c54406: Close
[0m04:12:46.326914 [debug] [Thread-4 (]: Finished running node test.f1_lakehouse.not_null_silver_weather_event_slug.83e41644f8
[0m04:12:46.328558 [info ] [Thread-2 (]: 24 of 53 PASS not_null_silver_results_season ................................... [[32mPASS[0m in 0.45s]
[0m04:12:46.331352 [debug] [Thread-4 (]: Began running node test.f1_lakehouse.not_null_silver_weather_season.0db96ba0b5
[0m04:12:46.330213 [info ] [Thread-1 (]: 25 of 53 PASS not_null_silver_results_session_type ............................. [[32mPASS[0m in 0.44s]
[0m04:12:46.333507 [debug] [Thread-2 (]: Finished running node test.f1_lakehouse.not_null_silver_results_season.6a71e3dc5d
[0m04:12:46.334593 [info ] [Thread-4 (]: 27 of 53 START test not_null_silver_weather_season ............................. [RUN]
[0m04:12:46.335841 [debug] [Thread-1 (]: Finished running node test.f1_lakehouse.not_null_silver_results_session_type.a859c54406
[0m04:12:46.336936 [debug] [Thread-2 (]: Began running node test.f1_lakehouse.not_null_silver_weather_session_time_ms.938b05ed68
[0m04:12:46.337953 [debug] [Thread-4 (]: Re-using an available connection from the pool (formerly test.f1_lakehouse.not_null_silver_weather_event_slug.83e41644f8, now test.f1_lakehouse.not_null_silver_weather_season.0db96ba0b5)
[0m04:12:46.338939 [debug] [Thread-1 (]: Began running node test.f1_lakehouse.not_null_silver_weather_session_type.10ca5ae6a5
[0m04:12:46.340485 [info ] [Thread-2 (]: 28 of 53 START test not_null_silver_weather_session_time_ms .................... [RUN]
[0m04:12:46.341621 [debug] [Thread-4 (]: Began compiling node test.f1_lakehouse.not_null_silver_weather_season.0db96ba0b5
[0m04:12:46.342782 [info ] [Thread-1 (]: 29 of 53 START test not_null_silver_weather_session_type ....................... [RUN]
[0m04:12:46.343945 [debug] [Thread-2 (]: Re-using an available connection from the pool (formerly test.f1_lakehouse.not_null_silver_results_season.6a71e3dc5d, now test.f1_lakehouse.not_null_silver_weather_session_time_ms.938b05ed68)
[0m04:12:46.351994 [debug] [Thread-1 (]: Re-using an available connection from the pool (formerly test.f1_lakehouse.not_null_silver_results_session_type.a859c54406, now test.f1_lakehouse.not_null_silver_weather_session_type.10ca5ae6a5)
[0m04:12:46.363756 [debug] [Thread-1 (]: Began compiling node test.f1_lakehouse.not_null_silver_weather_session_type.10ca5ae6a5
[0m04:12:46.358316 [debug] [Thread-2 (]: Began compiling node test.f1_lakehouse.not_null_silver_weather_session_time_ms.938b05ed68
[0m04:12:46.362850 [debug] [Thread-4 (]: Writing injected SQL for node "test.f1_lakehouse.not_null_silver_weather_season.0db96ba0b5"
[0m04:12:46.385675 [debug] [Thread-1 (]: Writing injected SQL for node "test.f1_lakehouse.not_null_silver_weather_session_type.10ca5ae6a5"
[0m04:12:46.387996 [debug] [Thread-1 (]: Began executing node test.f1_lakehouse.not_null_silver_weather_session_type.10ca5ae6a5
[0m04:12:46.411325 [debug] [Thread-1 (]: Writing runtime sql for node "test.f1_lakehouse.not_null_silver_weather_session_type.10ca5ae6a5"
[0m04:12:46.419547 [debug] [Thread-4 (]: Began executing node test.f1_lakehouse.not_null_silver_weather_season.0db96ba0b5
[0m04:12:46.423438 [debug] [Thread-1 (]: Using trino connection "test.f1_lakehouse.not_null_silver_weather_session_type.10ca5ae6a5"
[0m04:12:46.427358 [debug] [Thread-2 (]: Writing injected SQL for node "test.f1_lakehouse.not_null_silver_weather_session_time_ms.938b05ed68"
[0m04:12:46.433897 [debug] [Thread-1 (]: On test.f1_lakehouse.not_null_silver_weather_session_type.10ca5ae6a5: /* {"app": "dbt", "dbt_version": "1.12.4", "profile_name": "f1_lakehouse", "target_name": "dev", "node_id": "test.f1_lakehouse.not_null_silver_weather_session_type.10ca5ae6a5"} */

    
    select
      count(*) as failures,
      count(*) != 0 as should_warn,
      count(*) != 0 as should_error
    from (
      
    
  
    
    



select session_type
from "iceberg"."silver"."silver_weather"
where session_type is null



  
  
      
    ) dbt_internal_test
[0m04:12:46.433128 [debug] [Thread-4 (]: Writing runtime sql for node "test.f1_lakehouse.not_null_silver_weather_season.0db96ba0b5"
[0m04:12:46.435561 [debug] [Thread-1 (]: Opening a new connection, currently in state closed
[0m04:12:46.437023 [debug] [Thread-2 (]: Began executing node test.f1_lakehouse.not_null_silver_weather_session_time_ms.938b05ed68
[0m04:12:46.442260 [debug] [Thread-2 (]: Writing runtime sql for node "test.f1_lakehouse.not_null_silver_weather_session_time_ms.938b05ed68"
[0m04:12:46.447531 [debug] [Thread-4 (]: Using trino connection "test.f1_lakehouse.not_null_silver_weather_season.0db96ba0b5"
[0m04:12:46.449001 [debug] [Thread-4 (]: On test.f1_lakehouse.not_null_silver_weather_season.0db96ba0b5: /* {"app": "dbt", "dbt_version": "1.12.4", "profile_name": "f1_lakehouse", "target_name": "dev", "node_id": "test.f1_lakehouse.not_null_silver_weather_season.0db96ba0b5"} */

    
    select
      count(*) as failures,
      count(*) != 0 as should_warn,
      count(*) != 0 as should_error
    from (
      
    
  
    
    



select season
from "iceberg"."silver"."silver_weather"
where season is null



  
  
      
    ) dbt_internal_test
[0m04:12:46.450475 [debug] [Thread-4 (]: Opening a new connection, currently in state closed
[0m04:12:46.459365 [debug] [Thread-2 (]: Using trino connection "test.f1_lakehouse.not_null_silver_weather_session_time_ms.938b05ed68"
[0m04:12:46.460773 [debug] [Thread-2 (]: On test.f1_lakehouse.not_null_silver_weather_session_time_ms.938b05ed68: /* {"app": "dbt", "dbt_version": "1.12.4", "profile_name": "f1_lakehouse", "target_name": "dev", "node_id": "test.f1_lakehouse.not_null_silver_weather_session_time_ms.938b05ed68"} */

    
    select
      count(*) as failures,
      count(*) != 0 as should_warn,
      count(*) != 0 as should_error
    from (
      
    
  
    
    



select session_time_ms
from "iceberg"."silver"."silver_weather"
where session_time_ms is null



  
  
      
    ) dbt_internal_test
[0m04:12:46.462047 [debug] [Thread-2 (]: Opening a new connection, currently in state closed
[0m04:12:46.621422 [debug] [Thread-1 (]: SQL status: SUCCESS in 0.186 seconds
[0m04:12:46.625647 [debug] [Thread-1 (]: On test.f1_lakehouse.not_null_silver_weather_session_type.10ca5ae6a5: ROLLBACK
[0m04:12:46.626794 [debug] [Thread-1 (]: On test.f1_lakehouse.not_null_silver_weather_session_type.10ca5ae6a5: Close
[0m04:12:46.628986 [info ] [Thread-1 (]: 29 of 53 PASS not_null_silver_weather_session_type ............................. [[32mPASS[0m in 0.28s]
[0m04:12:46.630758 [debug] [Thread-1 (]: Finished running node test.f1_lakehouse.not_null_silver_weather_session_type.10ca5ae6a5
[0m04:12:46.631939 [debug] [Thread-1 (]: Began running node test.f1_lakehouse.no_duplicate_silver_laps
[0m04:12:46.633138 [info ] [Thread-1 (]: 30 of 53 START test no_duplicate_silver_laps ................................... [RUN]
[0m04:12:46.634392 [debug] [Thread-1 (]: Re-using an available connection from the pool (formerly test.f1_lakehouse.not_null_silver_weather_session_type.10ca5ae6a5, now test.f1_lakehouse.no_duplicate_silver_laps)
[0m04:12:46.635429 [debug] [Thread-1 (]: Began compiling node test.f1_lakehouse.no_duplicate_silver_laps
[0m04:12:46.642609 [debug] [Thread-1 (]: Writing injected SQL for node "test.f1_lakehouse.no_duplicate_silver_laps"
[0m04:12:46.651290 [debug] [Thread-1 (]: Began executing node test.f1_lakehouse.no_duplicate_silver_laps
[0m04:12:46.655332 [debug] [Thread-1 (]: Writing runtime sql for node "test.f1_lakehouse.no_duplicate_silver_laps"
[0m04:12:46.660662 [debug] [Thread-1 (]: Using trino connection "test.f1_lakehouse.no_duplicate_silver_laps"
[0m04:12:46.661686 [debug] [Thread-1 (]: On test.f1_lakehouse.no_duplicate_silver_laps: /* {"app": "dbt", "dbt_version": "1.12.4", "profile_name": "f1_lakehouse", "target_name": "dev", "node_id": "test.f1_lakehouse.no_duplicate_silver_laps"} */

    
    select
      count(*) as failures,
      count(*) != 0 as should_warn,
      count(*) != 0 as should_error
    from (
      
    
  select
    season,
    event_slug,
    session_type,
    driver_code,
    lap_number,
    count(*) as record_count

from "iceberg"."silver"."silver_laps"

group by
    season,
    event_slug,
    session_type,
    driver_code,
    lap_number

having count(*) > 1
  
  
      
    ) dbt_internal_test
[0m04:12:46.664992 [debug] [Thread-1 (]: Opening a new connection, currently in state closed
[0m04:12:46.673881 [debug] [Thread-2 (]: SQL status: SUCCESS in 0.212 seconds
[0m04:12:46.675237 [debug] [Thread-4 (]: SQL status: SUCCESS in 0.225 seconds
[0m04:12:46.679430 [debug] [Thread-2 (]: On test.f1_lakehouse.not_null_silver_weather_session_time_ms.938b05ed68: ROLLBACK
[0m04:12:46.686337 [debug] [Thread-2 (]: On test.f1_lakehouse.not_null_silver_weather_session_time_ms.938b05ed68: Close
[0m04:12:46.685068 [debug] [Thread-4 (]: On test.f1_lakehouse.not_null_silver_weather_season.0db96ba0b5: ROLLBACK
[0m04:12:46.689460 [debug] [Thread-4 (]: On test.f1_lakehouse.not_null_silver_weather_season.0db96ba0b5: Close
[0m04:12:46.688222 [info ] [Thread-2 (]: 28 of 53 PASS not_null_silver_weather_session_time_ms .......................... [[32mPASS[0m in 0.34s]
[0m04:12:46.693489 [debug] [Thread-2 (]: Finished running node test.f1_lakehouse.not_null_silver_weather_session_time_ms.938b05ed68
[0m04:12:46.694945 [debug] [Thread-2 (]: Began running node test.f1_lakehouse.not_null_silver_laps_driver_code.485b9cd37a
[0m04:12:46.696624 [info ] [Thread-2 (]: 31 of 53 START test not_null_silver_laps_driver_code ........................... [RUN]
[0m04:12:46.698205 [debug] [Thread-2 (]: Re-using an available connection from the pool (formerly test.f1_lakehouse.not_null_silver_weather_session_time_ms.938b05ed68, now test.f1_lakehouse.not_null_silver_laps_driver_code.485b9cd37a)
[0m04:12:46.691421 [info ] [Thread-4 (]: 27 of 53 PASS not_null_silver_weather_season ................................... [[32mPASS[0m in 0.35s]
[0m04:12:46.701032 [debug] [Thread-4 (]: Finished running node test.f1_lakehouse.not_null_silver_weather_season.0db96ba0b5
[0m04:12:46.699413 [debug] [Thread-2 (]: Began compiling node test.f1_lakehouse.not_null_silver_laps_driver_code.485b9cd37a
[0m04:12:46.702288 [debug] [Thread-4 (]: Began running node test.f1_lakehouse.not_null_silver_laps_event_slug.cde7249f28
[0m04:12:46.711917 [info ] [Thread-4 (]: 32 of 53 START test not_null_silver_laps_event_slug ............................ [RUN]
[0m04:12:46.713247 [debug] [Thread-4 (]: Re-using an available connection from the pool (formerly test.f1_lakehouse.not_null_silver_weather_season.0db96ba0b5, now test.f1_lakehouse.not_null_silver_laps_event_slug.cde7249f28)
[0m04:12:46.714376 [debug] [Thread-4 (]: Began compiling node test.f1_lakehouse.not_null_silver_laps_event_slug.cde7249f28
[0m04:12:46.733241 [debug] [Thread-2 (]: Writing injected SQL for node "test.f1_lakehouse.not_null_silver_laps_driver_code.485b9cd37a"
[0m04:12:46.743598 [debug] [Thread-4 (]: Writing injected SQL for node "test.f1_lakehouse.not_null_silver_laps_event_slug.cde7249f28"
[0m04:12:46.747696 [debug] [Thread-4 (]: Began executing node test.f1_lakehouse.not_null_silver_laps_event_slug.cde7249f28
[0m04:12:46.752488 [debug] [Thread-4 (]: Writing runtime sql for node "test.f1_lakehouse.not_null_silver_laps_event_slug.cde7249f28"
[0m04:12:46.754046 [debug] [Thread-2 (]: Began executing node test.f1_lakehouse.not_null_silver_laps_driver_code.485b9cd37a
[0m04:12:46.758078 [debug] [Thread-2 (]: Writing runtime sql for node "test.f1_lakehouse.not_null_silver_laps_driver_code.485b9cd37a"
[0m04:12:46.762272 [debug] [Thread-4 (]: Using trino connection "test.f1_lakehouse.not_null_silver_laps_event_slug.cde7249f28"
[0m04:12:46.763340 [debug] [Thread-4 (]: On test.f1_lakehouse.not_null_silver_laps_event_slug.cde7249f28: /* {"app": "dbt", "dbt_version": "1.12.4", "profile_name": "f1_lakehouse", "target_name": "dev", "node_id": "test.f1_lakehouse.not_null_silver_laps_event_slug.cde7249f28"} */

    
    select
      count(*) as failures,
      count(*) != 0 as should_warn,
      count(*) != 0 as should_error
    from (
      
    
  
    
    



select event_slug
from "iceberg"."silver"."silver_laps"
where event_slug is null



  
  
      
    ) dbt_internal_test
[0m04:12:46.766660 [debug] [Thread-2 (]: Using trino connection "test.f1_lakehouse.not_null_silver_laps_driver_code.485b9cd37a"
[0m04:12:46.768771 [debug] [Thread-2 (]: On test.f1_lakehouse.not_null_silver_laps_driver_code.485b9cd37a: /* {"app": "dbt", "dbt_version": "1.12.4", "profile_name": "f1_lakehouse", "target_name": "dev", "node_id": "test.f1_lakehouse.not_null_silver_laps_driver_code.485b9cd37a"} */

    
    select
      count(*) as failures,
      count(*) != 0 as should_warn,
      count(*) != 0 as should_error
    from (
      
    
  
    
    



select driver_code
from "iceberg"."silver"."silver_laps"
where driver_code is null



  
  
      
    ) dbt_internal_test
[0m04:12:46.767631 [debug] [Thread-4 (]: Opening a new connection, currently in state closed
[0m04:12:46.769859 [debug] [Thread-2 (]: Opening a new connection, currently in state closed
[0m04:12:46.934228 [debug] [Thread-4 (]: SQL status: SUCCESS in 0.167 seconds
[0m04:12:46.938277 [debug] [Thread-4 (]: On test.f1_lakehouse.not_null_silver_laps_event_slug.cde7249f28: ROLLBACK
[0m04:12:46.939889 [debug] [Thread-4 (]: On test.f1_lakehouse.not_null_silver_laps_event_slug.cde7249f28: Close
[0m04:12:46.941128 [info ] [Thread-4 (]: 32 of 53 PASS not_null_silver_laps_event_slug .................................. [[32mPASS[0m in 0.23s]
[0m04:12:46.942869 [debug] [Thread-4 (]: Finished running node test.f1_lakehouse.not_null_silver_laps_event_slug.cde7249f28
[0m04:12:46.944163 [debug] [Thread-4 (]: Began running node test.f1_lakehouse.not_null_silver_laps_lap_number.bb2186e779
[0m04:12:46.948073 [info ] [Thread-4 (]: 33 of 53 START test not_null_silver_laps_lap_number ............................ [RUN]
[0m04:12:46.949212 [debug] [Thread-4 (]: Re-using an available connection from the pool (formerly test.f1_lakehouse.not_null_silver_laps_event_slug.cde7249f28, now test.f1_lakehouse.not_null_silver_laps_lap_number.bb2186e779)
[0m04:12:46.949914 [debug] [Thread-4 (]: Began compiling node test.f1_lakehouse.not_null_silver_laps_lap_number.bb2186e779
[0m04:12:46.965048 [debug] [Thread-4 (]: Writing injected SQL for node "test.f1_lakehouse.not_null_silver_laps_lap_number.bb2186e779"
[0m04:12:46.971144 [debug] [Thread-4 (]: Began executing node test.f1_lakehouse.not_null_silver_laps_lap_number.bb2186e779
[0m04:12:46.975804 [debug] [Thread-4 (]: Writing runtime sql for node "test.f1_lakehouse.not_null_silver_laps_lap_number.bb2186e779"
[0m04:12:46.980712 [debug] [Thread-4 (]: Using trino connection "test.f1_lakehouse.not_null_silver_laps_lap_number.bb2186e779"
[0m04:12:46.981855 [debug] [Thread-4 (]: On test.f1_lakehouse.not_null_silver_laps_lap_number.bb2186e779: /* {"app": "dbt", "dbt_version": "1.12.4", "profile_name": "f1_lakehouse", "target_name": "dev", "node_id": "test.f1_lakehouse.not_null_silver_laps_lap_number.bb2186e779"} */

    
    select
      count(*) as failures,
      count(*) != 0 as should_warn,
      count(*) != 0 as should_error
    from (
      
    
  
    
    



select lap_number
from "iceberg"."silver"."silver_laps"
where lap_number is null



  
  
      
    ) dbt_internal_test
[0m04:12:46.982791 [debug] [Thread-4 (]: Opening a new connection, currently in state closed
[0m04:12:46.985237 [debug] [Thread-1 (]: SQL status: SUCCESS in 0.320 seconds
[0m04:12:46.993814 [debug] [Thread-1 (]: On test.f1_lakehouse.no_duplicate_silver_laps: ROLLBACK
[0m04:12:46.996701 [debug] [Thread-1 (]: On test.f1_lakehouse.no_duplicate_silver_laps: Close
[0m04:12:46.999031 [info ] [Thread-1 (]: 30 of 53 PASS no_duplicate_silver_laps ......................................... [[32mPASS[0m in 0.36s]
[0m04:12:47.000724 [debug] [Thread-1 (]: Finished running node test.f1_lakehouse.no_duplicate_silver_laps
[0m04:12:47.001759 [debug] [Thread-1 (]: Began running node test.f1_lakehouse.not_null_silver_laps_lap_time_ms.a0e949ff3c
[0m04:12:47.002699 [info ] [Thread-1 (]: 34 of 53 START test not_null_silver_laps_lap_time_ms ........................... [RUN]
[0m04:12:47.012630 [debug] [Thread-1 (]: Re-using an available connection from the pool (formerly test.f1_lakehouse.no_duplicate_silver_laps, now test.f1_lakehouse.not_null_silver_laps_lap_time_ms.a0e949ff3c)
[0m04:12:47.013767 [debug] [Thread-1 (]: Began compiling node test.f1_lakehouse.not_null_silver_laps_lap_time_ms.a0e949ff3c
[0m04:12:47.010023 [debug] [Thread-2 (]: SQL status: SUCCESS in 0.240 seconds
[0m04:12:47.040059 [debug] [Thread-1 (]: Writing injected SQL for node "test.f1_lakehouse.not_null_silver_laps_lap_time_ms.a0e949ff3c"
[0m04:12:47.042693 [debug] [Thread-2 (]: On test.f1_lakehouse.not_null_silver_laps_driver_code.485b9cd37a: ROLLBACK
[0m04:12:47.047812 [debug] [Thread-2 (]: On test.f1_lakehouse.not_null_silver_laps_driver_code.485b9cd37a: Close
[0m04:12:47.049464 [info ] [Thread-2 (]: 31 of 53 PASS not_null_silver_laps_driver_code ................................. [[32mPASS[0m in 0.35s]
[0m04:12:47.046516 [debug] [Thread-1 (]: Began executing node test.f1_lakehouse.not_null_silver_laps_lap_time_ms.a0e949ff3c
[0m04:12:47.051229 [debug] [Thread-2 (]: Finished running node test.f1_lakehouse.not_null_silver_laps_driver_code.485b9cd37a
[0m04:12:47.061179 [debug] [Thread-2 (]: Began running node test.f1_lakehouse.not_null_silver_laps_season.8fff702bd2
[0m04:12:47.060077 [debug] [Thread-1 (]: Writing runtime sql for node "test.f1_lakehouse.not_null_silver_laps_lap_time_ms.a0e949ff3c"
[0m04:12:47.062034 [info ] [Thread-2 (]: 35 of 53 START test not_null_silver_laps_season ................................ [RUN]
[0m04:12:47.064640 [debug] [Thread-2 (]: Re-using an available connection from the pool (formerly test.f1_lakehouse.not_null_silver_laps_driver_code.485b9cd37a, now test.f1_lakehouse.not_null_silver_laps_season.8fff702bd2)
[0m04:12:47.067159 [debug] [Thread-1 (]: Using trino connection "test.f1_lakehouse.not_null_silver_laps_lap_time_ms.a0e949ff3c"
[0m04:12:47.068164 [debug] [Thread-2 (]: Began compiling node test.f1_lakehouse.not_null_silver_laps_season.8fff702bd2
[0m04:12:47.069128 [debug] [Thread-1 (]: On test.f1_lakehouse.not_null_silver_laps_lap_time_ms.a0e949ff3c: /* {"app": "dbt", "dbt_version": "1.12.4", "profile_name": "f1_lakehouse", "target_name": "dev", "node_id": "test.f1_lakehouse.not_null_silver_laps_lap_time_ms.a0e949ff3c"} */

    
    select
      count(*) as failures,
      count(*) != 0 as should_warn,
      count(*) != 0 as should_error
    from (
      
    
  
    
    



select lap_time_ms
from "iceberg"."silver"."silver_laps"
where lap_time_ms is null



  
  
      
    ) dbt_internal_test
[0m04:12:47.076426 [debug] [Thread-1 (]: Opening a new connection, currently in state closed
[0m04:12:47.090356 [debug] [Thread-2 (]: Writing injected SQL for node "test.f1_lakehouse.not_null_silver_laps_season.8fff702bd2"
[0m04:12:47.091629 [debug] [Thread-2 (]: Began executing node test.f1_lakehouse.not_null_silver_laps_season.8fff702bd2
[0m04:12:47.095287 [debug] [Thread-2 (]: Writing runtime sql for node "test.f1_lakehouse.not_null_silver_laps_season.8fff702bd2"
[0m04:12:47.098781 [debug] [Thread-2 (]: Using trino connection "test.f1_lakehouse.not_null_silver_laps_season.8fff702bd2"
[0m04:12:47.099764 [debug] [Thread-2 (]: On test.f1_lakehouse.not_null_silver_laps_season.8fff702bd2: /* {"app": "dbt", "dbt_version": "1.12.4", "profile_name": "f1_lakehouse", "target_name": "dev", "node_id": "test.f1_lakehouse.not_null_silver_laps_season.8fff702bd2"} */

    
    select
      count(*) as failures,
      count(*) != 0 as should_warn,
      count(*) != 0 as should_error
    from (
      
    
  
    
    



select season
from "iceberg"."silver"."silver_laps"
where season is null



  
  
      
    ) dbt_internal_test
[0m04:12:47.100570 [debug] [Thread-2 (]: Opening a new connection, currently in state closed
[0m04:12:47.192625 [debug] [Thread-4 (]: SQL status: SUCCESS in 0.210 seconds
[0m04:12:47.196808 [debug] [Thread-4 (]: On test.f1_lakehouse.not_null_silver_laps_lap_number.bb2186e779: ROLLBACK
[0m04:12:47.197474 [debug] [Thread-4 (]: On test.f1_lakehouse.not_null_silver_laps_lap_number.bb2186e779: Close
[0m04:12:47.198600 [info ] [Thread-4 (]: 33 of 53 PASS not_null_silver_laps_lap_number .................................. [[32mPASS[0m in 0.25s]
[0m04:12:47.199933 [debug] [Thread-4 (]: Finished running node test.f1_lakehouse.not_null_silver_laps_lap_number.bb2186e779
[0m04:12:47.221320 [debug] [Thread-1 (]: SQL status: SUCCESS in 0.145 seconds
[0m04:12:47.225016 [debug] [Thread-1 (]: On test.f1_lakehouse.not_null_silver_laps_lap_time_ms.a0e949ff3c: ROLLBACK
[0m04:12:47.227238 [debug] [Thread-1 (]: On test.f1_lakehouse.not_null_silver_laps_lap_time_ms.a0e949ff3c: Close
[0m04:12:47.228372 [info ] [Thread-1 (]: 34 of 53 PASS not_null_silver_laps_lap_time_ms ................................. [[32mPASS[0m in 0.22s]
[0m04:12:47.229150 [debug] [Thread-1 (]: Finished running node test.f1_lakehouse.not_null_silver_laps_lap_time_ms.a0e949ff3c
[0m04:12:47.230645 [debug] [Thread-2 (]: SQL status: SUCCESS in 0.130 seconds
[0m04:12:47.233213 [debug] [Thread-2 (]: On test.f1_lakehouse.not_null_silver_laps_season.8fff702bd2: ROLLBACK
[0m04:12:47.233683 [debug] [Thread-2 (]: On test.f1_lakehouse.not_null_silver_laps_season.8fff702bd2: Close
[0m04:12:47.234509 [info ] [Thread-2 (]: 35 of 53 PASS not_null_silver_laps_season ...................................... [[32mPASS[0m in 0.17s]
[0m04:12:47.235208 [debug] [Thread-2 (]: Finished running node test.f1_lakehouse.not_null_silver_laps_season.8fff702bd2
[0m04:12:47.236109 [debug] [Thread-4 (]: Began running node model.f1_lakehouse.race_driver_performance
[0m04:12:47.237031 [info ] [Thread-4 (]: 36 of 53 START sql table model gold.race_driver_performance .................... [RUN]
[0m04:12:47.238168 [debug] [Thread-4 (]: Re-using an available connection from the pool (formerly test.f1_lakehouse.not_null_silver_laps_lap_number.bb2186e779, now model.f1_lakehouse.race_driver_performance)
[0m04:12:47.239016 [debug] [Thread-4 (]: Began compiling node model.f1_lakehouse.race_driver_performance
[0m04:12:47.244231 [debug] [Thread-4 (]: Writing injected SQL for node "model.f1_lakehouse.race_driver_performance"
[0m04:12:47.245409 [debug] [Thread-4 (]: Began executing node model.f1_lakehouse.race_driver_performance
[0m04:12:47.250622 [debug] [Thread-4 (]: Writing runtime sql for node "model.f1_lakehouse.race_driver_performance"
[0m04:12:47.274019 [debug] [Thread-4 (]: Using trino connection "model.f1_lakehouse.race_driver_performance"
[0m04:12:47.275116 [debug] [Thread-4 (]: On model.f1_lakehouse.race_driver_performance: /* {"app": "dbt", "dbt_version": "1.12.4", "profile_name": "f1_lakehouse", "target_name": "dev", "node_id": "model.f1_lakehouse.race_driver_performance"} */

  
    

    create table "iceberg"."gold"."race_driver_performance__dbt_tmp"
      
      
    as (
      

with lap_metrics as (

    select
        season,
        event_name,
        event_slug,
        session_type,
        driver_code,
        team_name,

        count(*) as valid_laps,

        round(
            avg(lap_time_seconds),
            3
        ) as avg_lap_seconds,

        round(
            min(lap_time_seconds),
            3
        ) as fastest_lap_seconds,

        round(
            max(lap_time_seconds),
            3
        ) as slowest_lap_seconds,

        round(
            avg(sector_1_ms) / 1000.0,
            3
        ) as avg_sector_1_seconds,

        round(
            avg(sector_2_ms) / 1000.0,
            3
        ) as avg_sector_2_seconds,

        round(
            avg(sector_3_ms) / 1000.0,
            3
        ) as avg_sector_3_seconds,

        round(
            avg(tyre_life),
            2
        ) as avg_tyre_life

    from "iceberg"."silver"."silver_laps"

    group by
        season,
        event_name,
        event_slug,
        session_type,
        driver_code,
        team_name
),

results as (

    select
        season,
        event_slug,
        session_type,
        driver_code,

        full_name,
        grid_position,
        position as finish_position,
        classified_position,
        points,
        status

    from "iceberg"."silver"."silver_results"

),

weather as (

    select
        season,
        event_slug,
        session_type,

        round(avg(air_temp_c), 2)
            as avg_air_temp_c,

        round(avg(track_temp_c), 2)
            as avg_track_temp_c,

        round(avg(humidity_pct), 2)
            as avg_humidity_pct,

        round(avg(wind_speed), 2)
            as avg_wind_speed,

        max(
            case
                when rainfall then 1
                else 0
            end
        ) as rain_detected

    from "iceberg"."silver"."silver_weather"

    group by
        season,
        event_slug,
        session_type
)

select
    l.season,
    l.event_name,
    l.event_slug,
    l.session_type,

    l.driver_code,
    r.full_name,
    l.team_name,

    r.grid_position,
    r.finish_position,

    (
        r.grid_position - r.finish_position
    ) as positions_gained,

    r.points,
    r.status,

    l.valid_laps,
    l.avg_lap_seconds,
    l.fastest_lap_seconds,
    l.slowest_lap_seconds,

    l.avg_sector_1_seconds,
    l.avg_sector_2_seconds,
    l.avg_sector_3_seconds,

    l.avg_tyre_life,

    w.avg_air_temp_c,
    w.avg_track_temp_c,
    w.avg_humidity_pct,
    w.avg_wind_speed,
    w.rain_detected

from lap_metrics l

left join results r

    on l.season = r.season
   and l.event_slug = r.event_slug
   and l.session_type = r.session_type
   and l.driver_code = r.driver_code

left join weather w

    on l.season = w.season
   and l.event_slug = w.event_slug
   and l.session_type = w.session_type
    )
[0m04:12:47.276117 [debug] [Thread-4 (]: Opening a new connection, currently in state closed
[0m04:12:47.702886 [debug] [Thread-4 (]: SQL status: CREATE TABLE (21 rows) in 0.427 seconds
[0m04:12:47.709103 [debug] [Thread-4 (]: Using trino connection "model.f1_lakehouse.race_driver_performance"
[0m04:12:47.710055 [debug] [Thread-4 (]: On model.f1_lakehouse.race_driver_performance: /* {"app": "dbt", "dbt_version": "1.12.4", "profile_name": "f1_lakehouse", "target_name": "dev", "node_id": "model.f1_lakehouse.race_driver_performance"} */
alter table "iceberg"."gold"."race_driver_performance" rename to "iceberg"."gold"."race_driver_performance__dbt_backup"
[0m04:12:47.741025 [debug] [Thread-4 (]: SQL status: RENAME TABLE in 0.030 seconds
[0m04:12:47.743721 [debug] [Thread-4 (]: Using trino connection "model.f1_lakehouse.race_driver_performance"
[0m04:12:47.744180 [debug] [Thread-4 (]: On model.f1_lakehouse.race_driver_performance: /* {"app": "dbt", "dbt_version": "1.12.4", "profile_name": "f1_lakehouse", "target_name": "dev", "node_id": "model.f1_lakehouse.race_driver_performance"} */
alter table "iceberg"."gold"."race_driver_performance__dbt_tmp" rename to "iceberg"."gold"."race_driver_performance"
[0m04:12:47.770812 [debug] [Thread-4 (]: SQL status: RENAME TABLE in 0.026 seconds
[0m04:12:47.773307 [debug] [Thread-4 (]: Applying DROP to: "iceberg"."gold"."race_driver_performance__dbt_backup"
[0m04:12:47.774467 [debug] [Thread-4 (]: Using trino connection "model.f1_lakehouse.race_driver_performance"
[0m04:12:47.774916 [debug] [Thread-4 (]: On model.f1_lakehouse.race_driver_performance: /* {"app": "dbt", "dbt_version": "1.12.4", "profile_name": "f1_lakehouse", "target_name": "dev", "node_id": "model.f1_lakehouse.race_driver_performance"} */

    drop table if exists "iceberg"."gold"."race_driver_performance__dbt_backup"
[0m04:12:47.798990 [debug] [Thread-4 (]: SQL status: DROP TABLE in 0.024 seconds
[0m04:12:47.801215 [debug] [Thread-4 (]: On model.f1_lakehouse.race_driver_performance: ROLLBACK
[0m04:12:47.801612 [debug] [Thread-4 (]: On model.f1_lakehouse.race_driver_performance: Close
[0m04:12:47.802299 [debug] [Thread-4 (]: Sending event: {'category': 'dbt', 'action': 'run_model', 'label': '80f54156-8e7f-4134-a218-79a1aa4e8e76', 'context': [<snowplow_tracker.self_describing_json.SelfDescribingJson object at 0x7f119ab1ee10>]}
[0m04:12:47.802926 [info ] [Thread-4 (]: 36 of 53 OK created sql table model gold.race_driver_performance ............... [[32mCREATE TABLE (21 rows)[0m in 0.56s]
[0m04:12:47.803453 [debug] [Thread-4 (]: Finished running node model.f1_lakehouse.race_driver_performance
[0m04:12:47.804627 [debug] [Thread-2 (]: Began running node test.f1_lakehouse.no_duplicate_gold_driver_performance
[0m04:12:47.805473 [debug] [Thread-1 (]: Began running node test.f1_lakehouse.not_null_race_driver_performance_avg_lap_seconds.64634b7579
[0m04:12:47.806284 [info ] [Thread-2 (]: 37 of 53 START test no_duplicate_gold_driver_performance ....................... [RUN]
[0m04:12:47.807034 [debug] [Thread-4 (]: Began running node test.f1_lakehouse.not_null_race_driver_performance_driver_code.d00b8aaad1
[0m04:12:47.807826 [info ] [Thread-1 (]: 38 of 53 START test not_null_race_driver_performance_avg_lap_seconds ........... [RUN]
[0m04:12:47.808661 [debug] [Thread-2 (]: Re-using an available connection from the pool (formerly test.f1_lakehouse.not_null_silver_laps_season.8fff702bd2, now test.f1_lakehouse.no_duplicate_gold_driver_performance)
[0m04:12:47.809266 [info ] [Thread-4 (]: 39 of 53 START test not_null_race_driver_performance_driver_code ............... [RUN]
[0m04:12:47.810158 [debug] [Thread-1 (]: Re-using an available connection from the pool (formerly test.f1_lakehouse.not_null_silver_laps_lap_time_ms.a0e949ff3c, now test.f1_lakehouse.not_null_race_driver_performance_avg_lap_seconds.64634b7579)
[0m04:12:47.810919 [debug] [Thread-2 (]: Began compiling node test.f1_lakehouse.no_duplicate_gold_driver_performance
[0m04:12:47.811677 [debug] [Thread-4 (]: Re-using an available connection from the pool (formerly model.f1_lakehouse.race_driver_performance, now test.f1_lakehouse.not_null_race_driver_performance_driver_code.d00b8aaad1)
[0m04:12:47.812366 [debug] [Thread-1 (]: Began compiling node test.f1_lakehouse.not_null_race_driver_performance_avg_lap_seconds.64634b7579
[0m04:12:47.815312 [debug] [Thread-2 (]: Writing injected SQL for node "test.f1_lakehouse.no_duplicate_gold_driver_performance"
[0m04:12:47.816002 [debug] [Thread-4 (]: Began compiling node test.f1_lakehouse.not_null_race_driver_performance_driver_code.d00b8aaad1
[0m04:12:47.832810 [debug] [Thread-1 (]: Writing injected SQL for node "test.f1_lakehouse.not_null_race_driver_performance_avg_lap_seconds.64634b7579"
[0m04:12:47.836497 [debug] [Thread-4 (]: Writing injected SQL for node "test.f1_lakehouse.not_null_race_driver_performance_driver_code.d00b8aaad1"
[0m04:12:47.837201 [debug] [Thread-2 (]: Began executing node test.f1_lakehouse.no_duplicate_gold_driver_performance
[0m04:12:47.840987 [debug] [Thread-2 (]: Writing runtime sql for node "test.f1_lakehouse.no_duplicate_gold_driver_performance"
[0m04:12:47.843476 [debug] [Thread-1 (]: Began executing node test.f1_lakehouse.not_null_race_driver_performance_avg_lap_seconds.64634b7579
[0m04:12:47.842389 [debug] [Thread-4 (]: Began executing node test.f1_lakehouse.not_null_race_driver_performance_driver_code.d00b8aaad1
[0m04:12:47.846824 [debug] [Thread-1 (]: Writing runtime sql for node "test.f1_lakehouse.not_null_race_driver_performance_avg_lap_seconds.64634b7579"
[0m04:12:47.850445 [debug] [Thread-4 (]: Writing runtime sql for node "test.f1_lakehouse.not_null_race_driver_performance_driver_code.d00b8aaad1"
[0m04:12:47.854482 [debug] [Thread-2 (]: Using trino connection "test.f1_lakehouse.no_duplicate_gold_driver_performance"
[0m04:12:47.855629 [debug] [Thread-2 (]: On test.f1_lakehouse.no_duplicate_gold_driver_performance: /* {"app": "dbt", "dbt_version": "1.12.4", "profile_name": "f1_lakehouse", "target_name": "dev", "node_id": "test.f1_lakehouse.no_duplicate_gold_driver_performance"} */

    
    select
      count(*) as failures,
      count(*) != 0 as should_warn,
      count(*) != 0 as should_error
    from (
      
    
  select
    season,
    event_slug,
    session_type,
    driver_code,
    count(*) as record_count

from "iceberg"."gold"."race_driver_performance"

group by
    season,
    event_slug,
    session_type,
    driver_code

having count(*) > 1
  
  
      
    ) dbt_internal_test
[0m04:12:47.856384 [debug] [Thread-2 (]: Opening a new connection, currently in state closed
[0m04:12:47.859913 [debug] [Thread-1 (]: Using trino connection "test.f1_lakehouse.not_null_race_driver_performance_avg_lap_seconds.64634b7579"
[0m04:12:47.860749 [debug] [Thread-1 (]: On test.f1_lakehouse.not_null_race_driver_performance_avg_lap_seconds.64634b7579: /* {"app": "dbt", "dbt_version": "1.12.4", "profile_name": "f1_lakehouse", "target_name": "dev", "node_id": "test.f1_lakehouse.not_null_race_driver_performance_avg_lap_seconds.64634b7579"} */

    
    select
      count(*) as failures,
      count(*) != 0 as should_warn,
      count(*) != 0 as should_error
    from (
      
    
  
    
    



select avg_lap_seconds
from "iceberg"."gold"."race_driver_performance"
where avg_lap_seconds is null



  
  
      
    ) dbt_internal_test
[0m04:12:47.863339 [debug] [Thread-4 (]: Using trino connection "test.f1_lakehouse.not_null_race_driver_performance_driver_code.d00b8aaad1"
[0m04:12:47.865116 [debug] [Thread-1 (]: Opening a new connection, currently in state closed
[0m04:12:47.865855 [debug] [Thread-4 (]: On test.f1_lakehouse.not_null_race_driver_performance_driver_code.d00b8aaad1: /* {"app": "dbt", "dbt_version": "1.12.4", "profile_name": "f1_lakehouse", "target_name": "dev", "node_id": "test.f1_lakehouse.not_null_race_driver_performance_driver_code.d00b8aaad1"} */

    
    select
      count(*) as failures,
      count(*) != 0 as should_warn,
      count(*) != 0 as should_error
    from (
      
    
  
    
    



select driver_code
from "iceberg"."gold"."race_driver_performance"
where driver_code is null



  
  
      
    ) dbt_internal_test
[0m04:12:47.867996 [debug] [Thread-4 (]: Opening a new connection, currently in state closed
[0m04:12:47.955717 [debug] [Thread-1 (]: SQL status: SUCCESS in 0.090 seconds
[0m04:12:47.959384 [debug] [Thread-1 (]: On test.f1_lakehouse.not_null_race_driver_performance_avg_lap_seconds.64634b7579: ROLLBACK
[0m04:12:47.960416 [debug] [Thread-1 (]: On test.f1_lakehouse.not_null_race_driver_performance_avg_lap_seconds.64634b7579: Close
[0m04:12:47.964114 [debug] [Thread-4 (]: SQL status: SUCCESS in 0.096 seconds
[0m04:12:47.967511 [debug] [Thread-4 (]: On test.f1_lakehouse.not_null_race_driver_performance_driver_code.d00b8aaad1: ROLLBACK
[0m04:12:47.962077 [info ] [Thread-1 (]: 38 of 53 PASS not_null_race_driver_performance_avg_lap_seconds ................. [[32mPASS[0m in 0.15s]
[0m04:12:47.971153 [debug] [Thread-4 (]: On test.f1_lakehouse.not_null_race_driver_performance_driver_code.d00b8aaad1: Close
[0m04:12:47.972779 [debug] [Thread-1 (]: Finished running node test.f1_lakehouse.not_null_race_driver_performance_avg_lap_seconds.64634b7579
[0m04:12:47.975488 [info ] [Thread-4 (]: 39 of 53 PASS not_null_race_driver_performance_driver_code ..................... [[32mPASS[0m in 0.16s]
[0m04:12:47.976944 [debug] [Thread-2 (]: SQL status: SUCCESS in 0.120 seconds
[0m04:12:47.977964 [debug] [Thread-1 (]: Began running node test.f1_lakehouse.not_null_race_driver_performance_event_slug.9a1a5023d8
[0m04:12:47.979400 [debug] [Thread-4 (]: Finished running node test.f1_lakehouse.not_null_race_driver_performance_driver_code.d00b8aaad1
[0m04:12:47.982524 [debug] [Thread-2 (]: On test.f1_lakehouse.no_duplicate_gold_driver_performance: ROLLBACK
[0m04:12:47.983566 [info ] [Thread-1 (]: 40 of 53 START test not_null_race_driver_performance_event_slug ................ [RUN]
[0m04:12:47.984692 [debug] [Thread-4 (]: Began running node test.f1_lakehouse.not_null_race_driver_performance_season.67b10c0cb5
[0m04:12:47.985711 [debug] [Thread-2 (]: On test.f1_lakehouse.no_duplicate_gold_driver_performance: Close
[0m04:12:47.986824 [debug] [Thread-1 (]: Re-using an available connection from the pool (formerly test.f1_lakehouse.not_null_race_driver_performance_avg_lap_seconds.64634b7579, now test.f1_lakehouse.not_null_race_driver_performance_event_slug.9a1a5023d8)
[0m04:12:47.988041 [info ] [Thread-4 (]: 41 of 53 START test not_null_race_driver_performance_season .................... [RUN]
[0m04:12:47.989438 [debug] [Thread-1 (]: Began compiling node test.f1_lakehouse.not_null_race_driver_performance_event_slug.9a1a5023d8
[0m04:12:47.991461 [debug] [Thread-4 (]: Re-using an available connection from the pool (formerly test.f1_lakehouse.not_null_race_driver_performance_driver_code.d00b8aaad1, now test.f1_lakehouse.not_null_race_driver_performance_season.67b10c0cb5)
[0m04:12:47.990618 [info ] [Thread-2 (]: 37 of 53 PASS no_duplicate_gold_driver_performance ............................. [[32mPASS[0m in 0.18s]
[0m04:12:47.999986 [debug] [Thread-1 (]: Writing injected SQL for node "test.f1_lakehouse.not_null_race_driver_performance_event_slug.9a1a5023d8"
[0m04:12:48.000672 [debug] [Thread-4 (]: Began compiling node test.f1_lakehouse.not_null_race_driver_performance_season.67b10c0cb5
[0m04:12:48.002150 [debug] [Thread-2 (]: Finished running node test.f1_lakehouse.no_duplicate_gold_driver_performance
[0m04:12:48.008711 [debug] [Thread-2 (]: Began running node test.f1_lakehouse.not_null_race_driver_performance_valid_laps.14ae6daa20
[0m04:12:48.016891 [debug] [Thread-4 (]: Writing injected SQL for node "test.f1_lakehouse.not_null_race_driver_performance_season.67b10c0cb5"
[0m04:12:48.014798 [info ] [Thread-2 (]: 42 of 53 START test not_null_race_driver_performance_valid_laps ................ [RUN]
[0m04:12:48.018170 [debug] [Thread-2 (]: Re-using an available connection from the pool (formerly test.f1_lakehouse.no_duplicate_gold_driver_performance, now test.f1_lakehouse.not_null_race_driver_performance_valid_laps.14ae6daa20)
[0m04:12:48.019048 [debug] [Thread-1 (]: Began executing node test.f1_lakehouse.not_null_race_driver_performance_event_slug.9a1a5023d8
[0m04:12:48.019842 [debug] [Thread-2 (]: Began compiling node test.f1_lakehouse.not_null_race_driver_performance_valid_laps.14ae6daa20
[0m04:12:48.022562 [debug] [Thread-1 (]: Writing runtime sql for node "test.f1_lakehouse.not_null_race_driver_performance_event_slug.9a1a5023d8"
[0m04:12:48.030728 [debug] [Thread-2 (]: Writing injected SQL for node "test.f1_lakehouse.not_null_race_driver_performance_valid_laps.14ae6daa20"
[0m04:12:48.031451 [debug] [Thread-4 (]: Began executing node test.f1_lakehouse.not_null_race_driver_performance_season.67b10c0cb5
[0m04:12:48.034295 [debug] [Thread-4 (]: Writing runtime sql for node "test.f1_lakehouse.not_null_race_driver_performance_season.67b10c0cb5"
[0m04:12:48.035772 [debug] [Thread-1 (]: Using trino connection "test.f1_lakehouse.not_null_race_driver_performance_event_slug.9a1a5023d8"
[0m04:12:48.036216 [debug] [Thread-1 (]: On test.f1_lakehouse.not_null_race_driver_performance_event_slug.9a1a5023d8: /* {"app": "dbt", "dbt_version": "1.12.4", "profile_name": "f1_lakehouse", "target_name": "dev", "node_id": "test.f1_lakehouse.not_null_race_driver_performance_event_slug.9a1a5023d8"} */

    
    select
      count(*) as failures,
      count(*) != 0 as should_warn,
      count(*) != 0 as should_error
    from (
      
    
  
    
    



select event_slug
from "iceberg"."gold"."race_driver_performance"
where event_slug is null



  
  
      
    ) dbt_internal_test
[0m04:12:48.036566 [debug] [Thread-1 (]: Opening a new connection, currently in state closed
[0m04:12:48.038194 [debug] [Thread-2 (]: Began executing node test.f1_lakehouse.not_null_race_driver_performance_valid_laps.14ae6daa20
[0m04:12:48.040408 [debug] [Thread-2 (]: Writing runtime sql for node "test.f1_lakehouse.not_null_race_driver_performance_valid_laps.14ae6daa20"
[0m04:12:48.043154 [debug] [Thread-4 (]: Using trino connection "test.f1_lakehouse.not_null_race_driver_performance_season.67b10c0cb5"
[0m04:12:48.043984 [debug] [Thread-4 (]: On test.f1_lakehouse.not_null_race_driver_performance_season.67b10c0cb5: /* {"app": "dbt", "dbt_version": "1.12.4", "profile_name": "f1_lakehouse", "target_name": "dev", "node_id": "test.f1_lakehouse.not_null_race_driver_performance_season.67b10c0cb5"} */

    
    select
      count(*) as failures,
      count(*) != 0 as should_warn,
      count(*) != 0 as should_error
    from (
      
    
  
    
    



select season
from "iceberg"."gold"."race_driver_performance"
where season is null



  
  
      
    ) dbt_internal_test
[0m04:12:48.045241 [debug] [Thread-4 (]: Opening a new connection, currently in state closed
[0m04:12:48.050363 [debug] [Thread-2 (]: Using trino connection "test.f1_lakehouse.not_null_race_driver_performance_valid_laps.14ae6daa20"
[0m04:12:48.051251 [debug] [Thread-2 (]: On test.f1_lakehouse.not_null_race_driver_performance_valid_laps.14ae6daa20: /* {"app": "dbt", "dbt_version": "1.12.4", "profile_name": "f1_lakehouse", "target_name": "dev", "node_id": "test.f1_lakehouse.not_null_race_driver_performance_valid_laps.14ae6daa20"} */

    
    select
      count(*) as failures,
      count(*) != 0 as should_warn,
      count(*) != 0 as should_error
    from (
      
    
  
    
    



select valid_laps
from "iceberg"."gold"."race_driver_performance"
where valid_laps is null



  
  
      
    ) dbt_internal_test
[0m04:12:48.052432 [debug] [Thread-2 (]: Opening a new connection, currently in state closed
[0m04:12:48.133639 [debug] [Thread-2 (]: SQL status: SUCCESS in 0.081 seconds
[0m04:12:48.136548 [debug] [Thread-2 (]: On test.f1_lakehouse.not_null_race_driver_performance_valid_laps.14ae6daa20: ROLLBACK
[0m04:12:48.138415 [debug] [Thread-2 (]: On test.f1_lakehouse.not_null_race_driver_performance_valid_laps.14ae6daa20: Close
[0m04:12:48.139086 [debug] [Thread-1 (]: SQL status: SUCCESS in 0.102 seconds
[0m04:12:48.141210 [info ] [Thread-2 (]: 42 of 53 PASS not_null_race_driver_performance_valid_laps ...................... [[32mPASS[0m in 0.12s]
[0m04:12:48.143121 [debug] [Thread-1 (]: On test.f1_lakehouse.not_null_race_driver_performance_event_slug.9a1a5023d8: ROLLBACK
[0m04:12:48.144221 [debug] [Thread-4 (]: SQL status: SUCCESS in 0.099 seconds
[0m04:12:48.145109 [debug] [Thread-2 (]: Finished running node test.f1_lakehouse.not_null_race_driver_performance_valid_laps.14ae6daa20
[0m04:12:48.145761 [debug] [Thread-1 (]: On test.f1_lakehouse.not_null_race_driver_performance_event_slug.9a1a5023d8: Close
[0m04:12:48.148178 [debug] [Thread-4 (]: On test.f1_lakehouse.not_null_race_driver_performance_season.67b10c0cb5: ROLLBACK
[0m04:12:48.149840 [debug] [Thread-4 (]: On test.f1_lakehouse.not_null_race_driver_performance_season.67b10c0cb5: Close
[0m04:12:48.149356 [info ] [Thread-1 (]: 40 of 53 PASS not_null_race_driver_performance_event_slug ...................... [[32mPASS[0m in 0.16s]
[0m04:12:48.150823 [debug] [Thread-1 (]: Finished running node test.f1_lakehouse.not_null_race_driver_performance_event_slug.9a1a5023d8
[0m04:12:48.151709 [info ] [Thread-4 (]: 41 of 53 PASS not_null_race_driver_performance_season .......................... [[32mPASS[0m in 0.16s]
[0m04:12:48.153054 [debug] [Thread-4 (]: Finished running node test.f1_lakehouse.not_null_race_driver_performance_season.67b10c0cb5
[0m04:12:49.630416 [debug] [Thread-3 (]: SQL status: CREATE TABLE (732_176 rows) in 5.395 seconds
[0m04:12:49.634282 [debug] [Thread-3 (]: Using trino connection "model.f1_lakehouse.silver_telemetry"
[0m04:12:49.634979 [debug] [Thread-3 (]: On model.f1_lakehouse.silver_telemetry: /* {"app": "dbt", "dbt_version": "1.12.4", "profile_name": "f1_lakehouse", "target_name": "dev", "node_id": "model.f1_lakehouse.silver_telemetry"} */
alter table "iceberg"."silver"."silver_telemetry" rename to "iceberg"."silver"."silver_telemetry__dbt_backup"
[0m04:12:49.661824 [debug] [Thread-3 (]: SQL status: RENAME TABLE in 0.026 seconds
[0m04:12:49.667967 [debug] [Thread-3 (]: Using trino connection "model.f1_lakehouse.silver_telemetry"
[0m04:12:49.668957 [debug] [Thread-3 (]: On model.f1_lakehouse.silver_telemetry: /* {"app": "dbt", "dbt_version": "1.12.4", "profile_name": "f1_lakehouse", "target_name": "dev", "node_id": "model.f1_lakehouse.silver_telemetry"} */
alter table "iceberg"."silver"."silver_telemetry__dbt_tmp" rename to "iceberg"."silver"."silver_telemetry"
[0m04:12:49.713292 [debug] [Thread-3 (]: SQL status: RENAME TABLE in 0.043 seconds
[0m04:12:49.718151 [debug] [Thread-3 (]: Applying DROP to: "iceberg"."silver"."silver_telemetry__dbt_backup"
[0m04:12:49.719371 [debug] [Thread-3 (]: Using trino connection "model.f1_lakehouse.silver_telemetry"
[0m04:12:49.719927 [debug] [Thread-3 (]: On model.f1_lakehouse.silver_telemetry: /* {"app": "dbt", "dbt_version": "1.12.4", "profile_name": "f1_lakehouse", "target_name": "dev", "node_id": "model.f1_lakehouse.silver_telemetry"} */

    drop table if exists "iceberg"."silver"."silver_telemetry__dbt_backup"
[0m04:12:49.760321 [debug] [Thread-3 (]: SQL status: DROP TABLE in 0.040 seconds
[0m04:12:49.765046 [debug] [Thread-3 (]: On model.f1_lakehouse.silver_telemetry: ROLLBACK
[0m04:12:49.765896 [debug] [Thread-3 (]: On model.f1_lakehouse.silver_telemetry: Close
[0m04:12:49.767619 [debug] [Thread-3 (]: Sending event: {'category': 'dbt', 'action': 'run_model', 'label': '80f54156-8e7f-4134-a218-79a1aa4e8e76', 'context': [<snowplow_tracker.self_describing_json.SelfDescribingJson object at 0x7f119ab1e420>]}
[0m04:12:49.769945 [info ] [Thread-3 (]: 19 of 53 OK created sql table model silver.silver_telemetry .................... [[32mCREATE TABLE (732_176 rows)[0m in 5.70s]
[0m04:12:49.772072 [debug] [Thread-3 (]: Finished running node model.f1_lakehouse.silver_telemetry
[0m04:12:49.775540 [debug] [Thread-2 (]: Began running node test.f1_lakehouse.no_duplicate_telemetry_samples
[0m04:12:49.777581 [debug] [Thread-1 (]: Began running node test.f1_lakehouse.not_null_silver_telemetry_driver_code.ac9586aafa
[0m04:12:49.780602 [debug] [Thread-4 (]: Began running node test.f1_lakehouse.not_null_silver_telemetry_event_slug.90c8dcdf82
[0m04:12:49.782214 [debug] [Thread-3 (]: Began running node test.f1_lakehouse.not_null_silver_telemetry_lap_number.02734480cf
[0m04:12:49.779176 [info ] [Thread-2 (]: 43 of 53 START test no_duplicate_telemetry_samples ............................. [RUN]
[0m04:12:49.783420 [info ] [Thread-1 (]: 44 of 53 START test not_null_silver_telemetry_driver_code ...................... [RUN]
[0m04:12:49.785034 [info ] [Thread-4 (]: 45 of 53 START test not_null_silver_telemetry_event_slug ....................... [RUN]
[0m04:12:49.786996 [info ] [Thread-3 (]: 46 of 53 START test not_null_silver_telemetry_lap_number ....................... [RUN]
[0m04:12:49.788801 [debug] [Thread-2 (]: Re-using an available connection from the pool (formerly test.f1_lakehouse.not_null_race_driver_performance_valid_laps.14ae6daa20, now test.f1_lakehouse.no_duplicate_telemetry_samples)
[0m04:12:49.790409 [debug] [Thread-1 (]: Re-using an available connection from the pool (formerly test.f1_lakehouse.not_null_race_driver_performance_event_slug.9a1a5023d8, now test.f1_lakehouse.not_null_silver_telemetry_driver_code.ac9586aafa)
[0m04:12:49.791786 [debug] [Thread-4 (]: Re-using an available connection from the pool (formerly test.f1_lakehouse.not_null_race_driver_performance_season.67b10c0cb5, now test.f1_lakehouse.not_null_silver_telemetry_event_slug.90c8dcdf82)
[0m04:12:49.793488 [debug] [Thread-3 (]: Re-using an available connection from the pool (formerly model.f1_lakehouse.silver_telemetry, now test.f1_lakehouse.not_null_silver_telemetry_lap_number.02734480cf)
[0m04:12:49.795054 [debug] [Thread-2 (]: Began compiling node test.f1_lakehouse.no_duplicate_telemetry_samples
[0m04:12:49.796422 [debug] [Thread-1 (]: Began compiling node test.f1_lakehouse.not_null_silver_telemetry_driver_code.ac9586aafa
[0m04:12:49.797559 [debug] [Thread-4 (]: Began compiling node test.f1_lakehouse.not_null_silver_telemetry_event_slug.90c8dcdf82
[0m04:12:49.798798 [debug] [Thread-3 (]: Began compiling node test.f1_lakehouse.not_null_silver_telemetry_lap_number.02734480cf
[0m04:12:49.803107 [debug] [Thread-2 (]: Writing injected SQL for node "test.f1_lakehouse.no_duplicate_telemetry_samples"
[0m04:12:49.823231 [debug] [Thread-4 (]: Writing injected SQL for node "test.f1_lakehouse.not_null_silver_telemetry_event_slug.90c8dcdf82"
[0m04:12:49.824771 [debug] [Thread-1 (]: Writing injected SQL for node "test.f1_lakehouse.not_null_silver_telemetry_driver_code.ac9586aafa"
[0m04:12:49.832223 [debug] [Thread-3 (]: Writing injected SQL for node "test.f1_lakehouse.not_null_silver_telemetry_lap_number.02734480cf"
[0m04:12:49.833609 [debug] [Thread-4 (]: Began executing node test.f1_lakehouse.not_null_silver_telemetry_event_slug.90c8dcdf82
[0m04:12:49.836976 [debug] [Thread-4 (]: Writing runtime sql for node "test.f1_lakehouse.not_null_silver_telemetry_event_slug.90c8dcdf82"
[0m04:12:49.837882 [debug] [Thread-1 (]: Began executing node test.f1_lakehouse.not_null_silver_telemetry_driver_code.ac9586aafa
[0m04:12:49.840851 [debug] [Thread-1 (]: Writing runtime sql for node "test.f1_lakehouse.not_null_silver_telemetry_driver_code.ac9586aafa"
[0m04:12:49.841821 [debug] [Thread-2 (]: Began executing node test.f1_lakehouse.no_duplicate_telemetry_samples
[0m04:12:49.846579 [debug] [Thread-2 (]: Writing runtime sql for node "test.f1_lakehouse.no_duplicate_telemetry_samples"
[0m04:12:49.847982 [debug] [Thread-3 (]: Began executing node test.f1_lakehouse.not_null_silver_telemetry_lap_number.02734480cf
[0m04:12:49.851668 [debug] [Thread-3 (]: Writing runtime sql for node "test.f1_lakehouse.not_null_silver_telemetry_lap_number.02734480cf"
[0m04:12:49.854770 [debug] [Thread-1 (]: Using trino connection "test.f1_lakehouse.not_null_silver_telemetry_driver_code.ac9586aafa"
[0m04:12:49.858180 [debug] [Thread-4 (]: Using trino connection "test.f1_lakehouse.not_null_silver_telemetry_event_slug.90c8dcdf82"
[0m04:12:49.859144 [debug] [Thread-1 (]: On test.f1_lakehouse.not_null_silver_telemetry_driver_code.ac9586aafa: /* {"app": "dbt", "dbt_version": "1.12.4", "profile_name": "f1_lakehouse", "target_name": "dev", "node_id": "test.f1_lakehouse.not_null_silver_telemetry_driver_code.ac9586aafa"} */

    
    select
      count(*) as failures,
      count(*) != 0 as should_warn,
      count(*) != 0 as should_error
    from (
      
    
  
    
    



select driver_code
from "iceberg"."silver"."silver_telemetry"
where driver_code is null



  
  
      
    ) dbt_internal_test
[0m04:12:49.863506 [debug] [Thread-2 (]: Using trino connection "test.f1_lakehouse.no_duplicate_telemetry_samples"
[0m04:12:49.864295 [debug] [Thread-4 (]: On test.f1_lakehouse.not_null_silver_telemetry_event_slug.90c8dcdf82: /* {"app": "dbt", "dbt_version": "1.12.4", "profile_name": "f1_lakehouse", "target_name": "dev", "node_id": "test.f1_lakehouse.not_null_silver_telemetry_event_slug.90c8dcdf82"} */

    
    select
      count(*) as failures,
      count(*) != 0 as should_warn,
      count(*) != 0 as should_error
    from (
      
    
  
    
    



select event_slug
from "iceberg"."silver"."silver_telemetry"
where event_slug is null



  
  
      
    ) dbt_internal_test
[0m04:12:49.865257 [debug] [Thread-1 (]: Opening a new connection, currently in state closed
[0m04:12:49.866058 [debug] [Thread-2 (]: On test.f1_lakehouse.no_duplicate_telemetry_samples: /* {"app": "dbt", "dbt_version": "1.12.4", "profile_name": "f1_lakehouse", "target_name": "dev", "node_id": "test.f1_lakehouse.no_duplicate_telemetry_samples"} */

    
    select
      count(*) as failures,
      count(*) != 0 as should_warn,
      count(*) != 0 as should_error
    from (
      
    
  select

    season,
    event_slug,
    session_type,
    driver_code,
    lap_number,
    sample_time_ms,

    count(*) as record_count

from "iceberg"."silver"."silver_telemetry"

group by

    season,
    event_slug,
    session_type,
    driver_code,
    lap_number,
    sample_time_ms

having count(*) > 1
  
  
      
    ) dbt_internal_test
[0m04:12:49.866985 [debug] [Thread-4 (]: Opening a new connection, currently in state closed
[0m04:12:49.870793 [debug] [Thread-3 (]: Using trino connection "test.f1_lakehouse.not_null_silver_telemetry_lap_number.02734480cf"
[0m04:12:49.873932 [debug] [Thread-2 (]: Opening a new connection, currently in state closed
[0m04:12:49.876274 [debug] [Thread-3 (]: On test.f1_lakehouse.not_null_silver_telemetry_lap_number.02734480cf: /* {"app": "dbt", "dbt_version": "1.12.4", "profile_name": "f1_lakehouse", "target_name": "dev", "node_id": "test.f1_lakehouse.not_null_silver_telemetry_lap_number.02734480cf"} */

    
    select
      count(*) as failures,
      count(*) != 0 as should_warn,
      count(*) != 0 as should_error
    from (
      
    
  
    
    



select lap_number
from "iceberg"."silver"."silver_telemetry"
where lap_number is null



  
  
      
    ) dbt_internal_test
[0m04:12:49.882956 [debug] [Thread-3 (]: Opening a new connection, currently in state closed
[0m04:12:50.053814 [debug] [Thread-1 (]: SQL status: SUCCESS in 0.189 seconds
[0m04:12:50.055711 [debug] [Thread-3 (]: SQL status: SUCCESS in 0.174 seconds
[0m04:12:50.058910 [debug] [Thread-1 (]: On test.f1_lakehouse.not_null_silver_telemetry_driver_code.ac9586aafa: ROLLBACK
[0m04:12:50.060727 [debug] [Thread-4 (]: SQL status: SUCCESS in 0.194 seconds
[0m04:12:50.063639 [debug] [Thread-3 (]: On test.f1_lakehouse.not_null_silver_telemetry_lap_number.02734480cf: ROLLBACK
[0m04:12:50.064561 [debug] [Thread-1 (]: On test.f1_lakehouse.not_null_silver_telemetry_driver_code.ac9586aafa: Close
[0m04:12:50.067535 [debug] [Thread-4 (]: On test.f1_lakehouse.not_null_silver_telemetry_event_slug.90c8dcdf82: ROLLBACK
[0m04:12:50.068458 [debug] [Thread-3 (]: On test.f1_lakehouse.not_null_silver_telemetry_lap_number.02734480cf: Close
[0m04:12:50.070019 [info ] [Thread-1 (]: 44 of 53 PASS not_null_silver_telemetry_driver_code ............................ [[32mPASS[0m in 0.28s]
[0m04:12:50.070958 [debug] [Thread-4 (]: On test.f1_lakehouse.not_null_silver_telemetry_event_slug.90c8dcdf82: Close
[0m04:12:50.072208 [debug] [Thread-1 (]: Finished running node test.f1_lakehouse.not_null_silver_telemetry_driver_code.ac9586aafa
[0m04:12:50.073497 [info ] [Thread-3 (]: 46 of 53 PASS not_null_silver_telemetry_lap_number ............................. [[32mPASS[0m in 0.28s]
[0m04:12:50.074890 [debug] [Thread-1 (]: Began running node test.f1_lakehouse.not_null_silver_telemetry_sample_timestamp_utc.b0240babd2
[0m04:12:50.076314 [info ] [Thread-4 (]: 45 of 53 PASS not_null_silver_telemetry_event_slug ............................. [[32mPASS[0m in 0.28s]
[0m04:12:50.077666 [debug] [Thread-3 (]: Finished running node test.f1_lakehouse.not_null_silver_telemetry_lap_number.02734480cf
[0m04:12:50.078493 [info ] [Thread-1 (]: 47 of 53 START test not_null_silver_telemetry_sample_timestamp_utc ............. [RUN]
[0m04:12:50.079704 [debug] [Thread-4 (]: Finished running node test.f1_lakehouse.not_null_silver_telemetry_event_slug.90c8dcdf82
[0m04:12:50.080615 [debug] [Thread-3 (]: Began running node test.f1_lakehouse.not_null_silver_telemetry_season.4b66f38975
[0m04:12:50.081631 [debug] [Thread-1 (]: Re-using an available connection from the pool (formerly test.f1_lakehouse.not_null_silver_telemetry_driver_code.ac9586aafa, now test.f1_lakehouse.not_null_silver_telemetry_sample_timestamp_utc.b0240babd2)
[0m04:12:50.082424 [debug] [Thread-4 (]: Began running node test.f1_lakehouse.not_null_silver_telemetry_session_type.a6262f09f7
[0m04:12:50.083305 [info ] [Thread-3 (]: 48 of 53 START test not_null_silver_telemetry_season ........................... [RUN]
[0m04:12:50.084069 [debug] [Thread-1 (]: Began compiling node test.f1_lakehouse.not_null_silver_telemetry_sample_timestamp_utc.b0240babd2
[0m04:12:50.084755 [info ] [Thread-4 (]: 49 of 53 START test not_null_silver_telemetry_session_type ..................... [RUN]
[0m04:12:50.085775 [debug] [Thread-3 (]: Re-using an available connection from the pool (formerly test.f1_lakehouse.not_null_silver_telemetry_lap_number.02734480cf, now test.f1_lakehouse.not_null_silver_telemetry_season.4b66f38975)
[0m04:12:50.097347 [debug] [Thread-4 (]: Re-using an available connection from the pool (formerly test.f1_lakehouse.not_null_silver_telemetry_event_slug.90c8dcdf82, now test.f1_lakehouse.not_null_silver_telemetry_session_type.a6262f09f7)
[0m04:12:50.100462 [debug] [Thread-1 (]: Writing injected SQL for node "test.f1_lakehouse.not_null_silver_telemetry_sample_timestamp_utc.b0240babd2"
[0m04:12:50.104314 [debug] [Thread-1 (]: Began executing node test.f1_lakehouse.not_null_silver_telemetry_sample_timestamp_utc.b0240babd2
[0m04:12:50.103480 [debug] [Thread-4 (]: Began compiling node test.f1_lakehouse.not_null_silver_telemetry_session_type.a6262f09f7
[0m04:12:50.101537 [debug] [Thread-3 (]: Began compiling node test.f1_lakehouse.not_null_silver_telemetry_season.4b66f38975
[0m04:12:50.106848 [debug] [Thread-1 (]: Writing runtime sql for node "test.f1_lakehouse.not_null_silver_telemetry_sample_timestamp_utc.b0240babd2"
[0m04:12:50.127484 [debug] [Thread-3 (]: Writing injected SQL for node "test.f1_lakehouse.not_null_silver_telemetry_season.4b66f38975"
[0m04:12:50.119077 [debug] [Thread-4 (]: Writing injected SQL for node "test.f1_lakehouse.not_null_silver_telemetry_session_type.a6262f09f7"
[0m04:12:50.129330 [debug] [Thread-1 (]: Using trino connection "test.f1_lakehouse.not_null_silver_telemetry_sample_timestamp_utc.b0240babd2"
[0m04:12:50.129747 [debug] [Thread-1 (]: On test.f1_lakehouse.not_null_silver_telemetry_sample_timestamp_utc.b0240babd2: /* {"app": "dbt", "dbt_version": "1.12.4", "profile_name": "f1_lakehouse", "target_name": "dev", "node_id": "test.f1_lakehouse.not_null_silver_telemetry_sample_timestamp_utc.b0240babd2"} */

    
    select
      count(*) as failures,
      count(*) != 0 as should_warn,
      count(*) != 0 as should_error
    from (
      
    
  
    
    



select sample_timestamp_utc
from "iceberg"."silver"."silver_telemetry"
where sample_timestamp_utc is null



  
  
      
    ) dbt_internal_test
[0m04:12:50.130120 [debug] [Thread-1 (]: Opening a new connection, currently in state closed
[0m04:12:50.131357 [debug] [Thread-3 (]: Began executing node test.f1_lakehouse.not_null_silver_telemetry_season.4b66f38975
[0m04:12:50.131915 [debug] [Thread-4 (]: Began executing node test.f1_lakehouse.not_null_silver_telemetry_session_type.a6262f09f7
[0m04:12:50.133363 [debug] [Thread-3 (]: Writing runtime sql for node "test.f1_lakehouse.not_null_silver_telemetry_season.4b66f38975"
[0m04:12:50.138367 [debug] [Thread-4 (]: Writing runtime sql for node "test.f1_lakehouse.not_null_silver_telemetry_session_type.a6262f09f7"
[0m04:12:50.142409 [debug] [Thread-4 (]: Using trino connection "test.f1_lakehouse.not_null_silver_telemetry_session_type.a6262f09f7"
[0m04:12:50.145448 [debug] [Thread-4 (]: On test.f1_lakehouse.not_null_silver_telemetry_session_type.a6262f09f7: /* {"app": "dbt", "dbt_version": "1.12.4", "profile_name": "f1_lakehouse", "target_name": "dev", "node_id": "test.f1_lakehouse.not_null_silver_telemetry_session_type.a6262f09f7"} */

    
    select
      count(*) as failures,
      count(*) != 0 as should_warn,
      count(*) != 0 as should_error
    from (
      
    
  
    
    



select session_type
from "iceberg"."silver"."silver_telemetry"
where session_type is null



  
  
      
    ) dbt_internal_test
[0m04:12:50.145942 [debug] [Thread-4 (]: Opening a new connection, currently in state closed
[0m04:12:50.148650 [debug] [Thread-3 (]: Using trino connection "test.f1_lakehouse.not_null_silver_telemetry_season.4b66f38975"
[0m04:12:50.152415 [debug] [Thread-3 (]: On test.f1_lakehouse.not_null_silver_telemetry_season.4b66f38975: /* {"app": "dbt", "dbt_version": "1.12.4", "profile_name": "f1_lakehouse", "target_name": "dev", "node_id": "test.f1_lakehouse.not_null_silver_telemetry_season.4b66f38975"} */

    
    select
      count(*) as failures,
      count(*) != 0 as should_warn,
      count(*) != 0 as should_error
    from (
      
    
  
    
    



select season
from "iceberg"."silver"."silver_telemetry"
where season is null



  
  
      
    ) dbt_internal_test
[0m04:12:50.153524 [debug] [Thread-3 (]: Opening a new connection, currently in state closed
[0m04:12:50.234563 [debug] [Thread-1 (]: SQL status: SUCCESS in 0.104 seconds
[0m04:12:50.238411 [debug] [Thread-1 (]: On test.f1_lakehouse.not_null_silver_telemetry_sample_timestamp_utc.b0240babd2: ROLLBACK
[0m04:12:50.240879 [debug] [Thread-4 (]: SQL status: SUCCESS in 0.095 seconds
[0m04:12:50.241859 [debug] [Thread-1 (]: On test.f1_lakehouse.not_null_silver_telemetry_sample_timestamp_utc.b0240babd2: Close
[0m04:12:50.245434 [debug] [Thread-4 (]: On test.f1_lakehouse.not_null_silver_telemetry_session_type.a6262f09f7: ROLLBACK
[0m04:12:50.247543 [debug] [Thread-4 (]: On test.f1_lakehouse.not_null_silver_telemetry_session_type.a6262f09f7: Close
[0m04:12:50.248911 [info ] [Thread-1 (]: 47 of 53 PASS not_null_silver_telemetry_sample_timestamp_utc ................... [[32mPASS[0m in 0.17s]
[0m04:12:50.251397 [debug] [Thread-1 (]: Finished running node test.f1_lakehouse.not_null_silver_telemetry_sample_timestamp_utc.b0240babd2
[0m04:12:50.252310 [debug] [Thread-3 (]: SQL status: SUCCESS in 0.099 seconds
[0m04:12:50.252983 [debug] [Thread-1 (]: Began running node test.f1_lakehouse.not_null_silver_telemetry_speed_kph.8c000e7e8d
[0m04:12:50.249899 [info ] [Thread-4 (]: 49 of 53 PASS not_null_silver_telemetry_session_type ........................... [[32mPASS[0m in 0.15s]
[0m04:12:50.255949 [debug] [Thread-3 (]: On test.f1_lakehouse.not_null_silver_telemetry_season.4b66f38975: ROLLBACK
[0m04:12:50.256537 [info ] [Thread-1 (]: 50 of 53 START test not_null_silver_telemetry_speed_kph ........................ [RUN]
[0m04:12:50.257266 [debug] [Thread-4 (]: Finished running node test.f1_lakehouse.not_null_silver_telemetry_session_type.a6262f09f7
[0m04:12:50.257918 [debug] [Thread-3 (]: On test.f1_lakehouse.not_null_silver_telemetry_season.4b66f38975: Close
[0m04:12:50.258691 [debug] [Thread-1 (]: Re-using an available connection from the pool (formerly test.f1_lakehouse.not_null_silver_telemetry_sample_timestamp_utc.b0240babd2, now test.f1_lakehouse.not_null_silver_telemetry_speed_kph.8c000e7e8d)
[0m04:12:50.259498 [debug] [Thread-4 (]: Began running node test.f1_lakehouse.not_null_silver_telemetry_throttle_pct.7041d97265
[0m04:12:50.260441 [info ] [Thread-3 (]: 48 of 53 PASS not_null_silver_telemetry_season ................................. [[32mPASS[0m in 0.17s]
[0m04:12:50.261070 [debug] [Thread-1 (]: Began compiling node test.f1_lakehouse.not_null_silver_telemetry_speed_kph.8c000e7e8d
[0m04:12:50.261813 [info ] [Thread-4 (]: 51 of 53 START test not_null_silver_telemetry_throttle_pct ..................... [RUN]
[0m04:12:50.262444 [debug] [Thread-3 (]: Finished running node test.f1_lakehouse.not_null_silver_telemetry_season.4b66f38975
[0m04:12:50.273006 [debug] [Thread-1 (]: Writing injected SQL for node "test.f1_lakehouse.not_null_silver_telemetry_speed_kph.8c000e7e8d"
[0m04:12:50.273616 [debug] [Thread-4 (]: Re-using an available connection from the pool (formerly test.f1_lakehouse.not_null_silver_telemetry_session_type.a6262f09f7, now test.f1_lakehouse.not_null_silver_telemetry_throttle_pct.7041d97265)
[0m04:12:50.274208 [debug] [Thread-3 (]: Began running node test.f1_lakehouse.valid_telemetry_ranges
[0m04:12:50.274946 [debug] [Thread-4 (]: Began compiling node test.f1_lakehouse.not_null_silver_telemetry_throttle_pct.7041d97265
[0m04:12:50.275409 [info ] [Thread-3 (]: 52 of 53 START test valid_telemetry_ranges ..................................... [RUN]
[0m04:12:50.281338 [debug] [Thread-3 (]: Re-using an available connection from the pool (formerly test.f1_lakehouse.not_null_silver_telemetry_season.4b66f38975, now test.f1_lakehouse.valid_telemetry_ranges)
[0m04:12:50.282270 [debug] [Thread-3 (]: Began compiling node test.f1_lakehouse.valid_telemetry_ranges
[0m04:12:50.286634 [debug] [Thread-4 (]: Writing injected SQL for node "test.f1_lakehouse.not_null_silver_telemetry_throttle_pct.7041d97265"
[0m04:12:50.289852 [debug] [Thread-3 (]: Writing injected SQL for node "test.f1_lakehouse.valid_telemetry_ranges"
[0m04:12:50.290499 [debug] [Thread-1 (]: Began executing node test.f1_lakehouse.not_null_silver_telemetry_speed_kph.8c000e7e8d
[0m04:12:50.292732 [debug] [Thread-1 (]: Writing runtime sql for node "test.f1_lakehouse.not_null_silver_telemetry_speed_kph.8c000e7e8d"
[0m04:12:50.293887 [debug] [Thread-4 (]: Began executing node test.f1_lakehouse.not_null_silver_telemetry_throttle_pct.7041d97265
[0m04:12:50.294357 [debug] [Thread-3 (]: Began executing node test.f1_lakehouse.valid_telemetry_ranges
[0m04:12:50.296798 [debug] [Thread-4 (]: Writing runtime sql for node "test.f1_lakehouse.not_null_silver_telemetry_throttle_pct.7041d97265"
[0m04:12:50.300128 [debug] [Thread-3 (]: Writing runtime sql for node "test.f1_lakehouse.valid_telemetry_ranges"
[0m04:12:50.304892 [debug] [Thread-1 (]: Using trino connection "test.f1_lakehouse.not_null_silver_telemetry_speed_kph.8c000e7e8d"
[0m04:12:50.306486 [debug] [Thread-1 (]: On test.f1_lakehouse.not_null_silver_telemetry_speed_kph.8c000e7e8d: /* {"app": "dbt", "dbt_version": "1.12.4", "profile_name": "f1_lakehouse", "target_name": "dev", "node_id": "test.f1_lakehouse.not_null_silver_telemetry_speed_kph.8c000e7e8d"} */

    
    select
      count(*) as failures,
      count(*) != 0 as should_warn,
      count(*) != 0 as should_error
    from (
      
    
  
    
    



select speed_kph
from "iceberg"."silver"."silver_telemetry"
where speed_kph is null



  
  
      
    ) dbt_internal_test
[0m04:12:50.307049 [debug] [Thread-1 (]: Opening a new connection, currently in state closed
[0m04:12:50.317243 [debug] [Thread-3 (]: Using trino connection "test.f1_lakehouse.valid_telemetry_ranges"
[0m04:12:50.318660 [debug] [Thread-3 (]: On test.f1_lakehouse.valid_telemetry_ranges: /* {"app": "dbt", "dbt_version": "1.12.4", "profile_name": "f1_lakehouse", "target_name": "dev", "node_id": "test.f1_lakehouse.valid_telemetry_ranges"} */

    
    select
      count(*) as failures,
      count(*) != 0 as should_warn,
      count(*) != 0 as should_error
    from (
      
    
  select *

from "iceberg"."silver"."silver_telemetry"

where speed_kph < 0
   or speed_kph > 400

   or throttle_pct < 0
   or throttle_pct > 100

   or rpm < 0
   or rpm > 20000

   or gear < 0
   or gear > 8
  
  
      
    ) dbt_internal_test
[0m04:12:50.319779 [debug] [Thread-3 (]: Opening a new connection, currently in state closed
[0m04:12:50.327430 [debug] [Thread-4 (]: Using trino connection "test.f1_lakehouse.not_null_silver_telemetry_throttle_pct.7041d97265"
[0m04:12:50.328587 [debug] [Thread-4 (]: On test.f1_lakehouse.not_null_silver_telemetry_throttle_pct.7041d97265: /* {"app": "dbt", "dbt_version": "1.12.4", "profile_name": "f1_lakehouse", "target_name": "dev", "node_id": "test.f1_lakehouse.not_null_silver_telemetry_throttle_pct.7041d97265"} */

    
    select
      count(*) as failures,
      count(*) != 0 as should_warn,
      count(*) != 0 as should_error
    from (
      
    
  
    
    



select throttle_pct
from "iceberg"."silver"."silver_telemetry"
where throttle_pct is null



  
  
      
    ) dbt_internal_test
[0m04:12:50.329756 [debug] [Thread-4 (]: Opening a new connection, currently in state closed
[0m04:12:50.409793 [debug] [Thread-1 (]: SQL status: SUCCESS in 0.103 seconds
[0m04:12:50.415325 [debug] [Thread-1 (]: On test.f1_lakehouse.not_null_silver_telemetry_speed_kph.8c000e7e8d: ROLLBACK
[0m04:12:50.416624 [debug] [Thread-1 (]: On test.f1_lakehouse.not_null_silver_telemetry_speed_kph.8c000e7e8d: Close
[0m04:12:50.422657 [info ] [Thread-1 (]: 50 of 53 PASS not_null_silver_telemetry_speed_kph .............................. [[32mPASS[0m in 0.16s]
[0m04:12:50.423966 [debug] [Thread-1 (]: Finished running node test.f1_lakehouse.not_null_silver_telemetry_speed_kph.8c000e7e8d
[0m04:12:50.426206 [debug] [Thread-2 (]: SQL status: SUCCESS in 0.552 seconds
[0m04:12:50.428295 [debug] [Thread-2 (]: On test.f1_lakehouse.no_duplicate_telemetry_samples: ROLLBACK
[0m04:12:50.430928 [debug] [Thread-2 (]: On test.f1_lakehouse.no_duplicate_telemetry_samples: Close
[0m04:12:50.432683 [info ] [Thread-2 (]: 43 of 53 PASS no_duplicate_telemetry_samples ................................... [[32mPASS[0m in 0.64s]
[0m04:12:50.434501 [debug] [Thread-4 (]: SQL status: SUCCESS in 0.105 seconds
[0m04:12:50.436053 [debug] [Thread-2 (]: Finished running node test.f1_lakehouse.no_duplicate_telemetry_samples
[0m04:12:50.439657 [debug] [Thread-4 (]: On test.f1_lakehouse.not_null_silver_telemetry_throttle_pct.7041d97265: ROLLBACK
[0m04:12:50.440776 [debug] [Thread-4 (]: On test.f1_lakehouse.not_null_silver_telemetry_throttle_pct.7041d97265: Close
[0m04:12:50.441738 [info ] [Thread-4 (]: 51 of 53 PASS not_null_silver_telemetry_throttle_pct ........................... [[32mPASS[0m in 0.17s]
[0m04:12:50.442524 [debug] [Thread-4 (]: Finished running node test.f1_lakehouse.not_null_silver_telemetry_throttle_pct.7041d97265
[0m04:12:50.490887 [debug] [Thread-3 (]: SQL status: SUCCESS in 0.171 seconds
[0m04:12:50.492552 [debug] [Thread-3 (]: On test.f1_lakehouse.valid_telemetry_ranges: ROLLBACK
[0m04:12:50.492977 [debug] [Thread-3 (]: On test.f1_lakehouse.valid_telemetry_ranges: Close
[0m04:12:50.493624 [info ] [Thread-3 (]: 52 of 53 PASS valid_telemetry_ranges ........................................... [[32mPASS[0m in 0.21s]
[0m04:12:50.494147 [debug] [Thread-3 (]: Finished running node test.f1_lakehouse.valid_telemetry_ranges
[0m04:12:50.495035 [debug] [Thread-1 (]: Began running node model.f1_lakehouse.lap_telemetry_metrics
[0m04:12:50.495592 [info ] [Thread-1 (]: 53 of 53 START sql table model gold.lap_telemetry_metrics ...................... [RUN]
[0m04:12:50.496158 [debug] [Thread-1 (]: Re-using an available connection from the pool (formerly test.f1_lakehouse.not_null_silver_telemetry_speed_kph.8c000e7e8d, now model.f1_lakehouse.lap_telemetry_metrics)
[0m04:12:50.496695 [debug] [Thread-1 (]: Began compiling node model.f1_lakehouse.lap_telemetry_metrics
[0m04:12:50.499252 [debug] [Thread-1 (]: Writing injected SQL for node "model.f1_lakehouse.lap_telemetry_metrics"
[0m04:12:50.499877 [debug] [Thread-1 (]: Began executing node model.f1_lakehouse.lap_telemetry_metrics
[0m04:12:50.502597 [debug] [Thread-1 (]: Writing runtime sql for node "model.f1_lakehouse.lap_telemetry_metrics"
[0m04:12:50.512652 [debug] [Thread-1 (]: Using trino connection "model.f1_lakehouse.lap_telemetry_metrics"
[0m04:12:50.513195 [debug] [Thread-1 (]: On model.f1_lakehouse.lap_telemetry_metrics: /* {"app": "dbt", "dbt_version": "1.12.4", "profile_name": "f1_lakehouse", "target_name": "dev", "node_id": "model.f1_lakehouse.lap_telemetry_metrics"} */

  
    

    create table "iceberg"."gold"."lap_telemetry_metrics__dbt_tmp"
      
      
    as (
      

with telemetry as (

    select *

    from "iceberg"."silver"."silver_telemetry"

),

lap_metrics as (

    select

        season,
        event_name,
        event_slug,
        session_type,

        driver_code,
        team_name,
        lap_number,

        count(*) as telemetry_samples,

        round(
            avg(speed_kph),
            2
        ) as avg_speed_kph,

        round(
            max(speed_kph),
            2
        ) as max_speed_kph,

        round(
            avg(rpm),
            0
        ) as avg_rpm,

        round(
            max(rpm),
            0
        ) as peak_rpm,

        round(
            avg(throttle_pct),
            2
        ) as avg_throttle_pct,

        round(
            100.0
            * sum(
                case
                    when throttle_pct >= 99
                    then 1
                    else 0
                end
            )
            / count(*),
            2
        ) as full_throttle_pct,

        round(
            100.0
            * sum(
                case
                    when brake
                    then 1
                    else 0
                end
            )
            / count(*),
            2
        ) as braking_pct,

        round(
            max(distance),
            2
        ) as measured_lap_distance

    from telemetry

    group by

        season,
        event_name,
        event_slug,
        session_type,

        driver_code,
        team_name,
        lap_number

),

laps as (

    select

        season,
        event_slug,
        session_type,
        driver_code,
        lap_number,

        lap_time_seconds,
        compound,
        tyre_life,
        position

    from "iceberg"."silver"."silver_laps"

)

select

    t.season,
    t.event_name,
    t.event_slug,
    t.session_type,

    t.driver_code,
    t.team_name,
    t.lap_number,

    l.lap_time_seconds,
    l.compound,
    l.tyre_life,
    l.position,

    t.telemetry_samples,

    t.avg_speed_kph,
    t.max_speed_kph,

    t.avg_rpm,
    t.peak_rpm,

    t.avg_throttle_pct,
    t.full_throttle_pct,
    t.braking_pct,

    t.measured_lap_distance

from lap_metrics t

left join laps l

    on t.season = l.season

   and t.event_slug = l.event_slug

   and t.session_type = l.session_type

   and t.driver_code = l.driver_code

   and t.lap_number = l.lap_number
    )
[0m04:12:50.513573 [debug] [Thread-1 (]: Opening a new connection, currently in state closed
[0m04:12:51.060815 [debug] [Thread-1 (]: SQL status: CREATE TABLE (1_054 rows) in 0.547 seconds
[0m04:12:51.068219 [debug] [Thread-1 (]: Using trino connection "model.f1_lakehouse.lap_telemetry_metrics"
[0m04:12:51.069396 [debug] [Thread-1 (]: On model.f1_lakehouse.lap_telemetry_metrics: /* {"app": "dbt", "dbt_version": "1.12.4", "profile_name": "f1_lakehouse", "target_name": "dev", "node_id": "model.f1_lakehouse.lap_telemetry_metrics"} */
alter table "iceberg"."gold"."lap_telemetry_metrics" rename to "iceberg"."gold"."lap_telemetry_metrics__dbt_backup"
[0m04:12:51.133722 [debug] [Thread-1 (]: SQL status: RENAME TABLE in 0.063 seconds
[0m04:12:51.137795 [debug] [Thread-1 (]: Using trino connection "model.f1_lakehouse.lap_telemetry_metrics"
[0m04:12:51.138496 [debug] [Thread-1 (]: On model.f1_lakehouse.lap_telemetry_metrics: /* {"app": "dbt", "dbt_version": "1.12.4", "profile_name": "f1_lakehouse", "target_name": "dev", "node_id": "model.f1_lakehouse.lap_telemetry_metrics"} */
alter table "iceberg"."gold"."lap_telemetry_metrics__dbt_tmp" rename to "iceberg"."gold"."lap_telemetry_metrics"
[0m04:12:51.179147 [debug] [Thread-1 (]: SQL status: RENAME TABLE in 0.040 seconds
[0m04:12:51.184905 [debug] [Thread-1 (]: Applying DROP to: "iceberg"."gold"."lap_telemetry_metrics__dbt_backup"
[0m04:12:51.188016 [debug] [Thread-1 (]: Using trino connection "model.f1_lakehouse.lap_telemetry_metrics"
[0m04:12:51.189869 [debug] [Thread-1 (]: On model.f1_lakehouse.lap_telemetry_metrics: /* {"app": "dbt", "dbt_version": "1.12.4", "profile_name": "f1_lakehouse", "target_name": "dev", "node_id": "model.f1_lakehouse.lap_telemetry_metrics"} */

    drop table if exists "iceberg"."gold"."lap_telemetry_metrics__dbt_backup"
[0m04:12:51.223886 [debug] [Thread-1 (]: SQL status: DROP TABLE in 0.032 seconds
[0m04:12:51.226592 [debug] [Thread-1 (]: On model.f1_lakehouse.lap_telemetry_metrics: ROLLBACK
[0m04:12:51.226955 [debug] [Thread-1 (]: On model.f1_lakehouse.lap_telemetry_metrics: Close
[0m04:12:51.227626 [debug] [Thread-1 (]: Sending event: {'category': 'dbt', 'action': 'run_model', 'label': '80f54156-8e7f-4134-a218-79a1aa4e8e76', 'context': [<snowplow_tracker.self_describing_json.SelfDescribingJson object at 0x7f119aa1aab0>]}
[0m04:12:51.228256 [info ] [Thread-1 (]: 53 of 53 OK created sql table model gold.lap_telemetry_metrics ................. [[32mCREATE TABLE (1_054 rows)[0m in 0.73s]
[0m04:12:51.228781 [debug] [Thread-1 (]: Finished running node model.f1_lakehouse.lap_telemetry_metrics
[0m04:12:51.230382 [debug] [MainThread]: On master: COMMIT
[0m04:12:51.231122 [debug] [MainThread]: Connection 'master' was properly closed.
[0m04:12:51.231620 [debug] [MainThread]: Connection 'model.f1_lakehouse.lap_telemetry_metrics' was properly closed.
[0m04:12:51.232099 [debug] [MainThread]: Connection 'test.f1_lakehouse.no_duplicate_telemetry_samples' was properly closed.
[0m04:12:51.232567 [debug] [MainThread]: Connection 'test.f1_lakehouse.valid_telemetry_ranges' was properly closed.
[0m04:12:51.233026 [debug] [MainThread]: Connection 'test.f1_lakehouse.not_null_silver_telemetry_throttle_pct.7041d97265' was properly closed.
[0m04:12:51.233649 [info ] [MainThread]: 
[0m04:12:51.234184 [info ] [MainThread]: Finished running 6 table models, 47 data tests in 0 hours 0 minutes and 8.38 seconds (8.38s).
[0m04:12:51.243413 [debug] [MainThread]: Command end result
[0m04:12:51.276645 [debug] [MainThread]: Wrote artifact WritableManifest to dbt/target/manifest.json
[0m04:12:51.279018 [debug] [MainThread]: Wrote artifact SemanticManifest to dbt/target/semantic_manifest.json
[0m04:12:51.281118 [debug] [MainThread]: Wrote artifact OsiDocument to dbt/target/osi_document.json
[0m04:12:51.288273 [debug] [MainThread]: Wrote artifact RunExecutionResult to dbt/target/run_results.json
[0m04:12:51.288639 [info ] [MainThread]: 
[0m04:12:51.288947 [info ] [MainThread]: [32mCompleted successfully[0m
[0m04:12:51.289200 [info ] [MainThread]: 
[0m04:12:51.289563 [info ] [MainThread]: Done. PASS=53 WARN=0 ERROR=0 SKIP=0 NO-OP=0 REUSED=0 TOTAL=53
[0m04:12:51.290700 [debug] [MainThread]: Resource report: {"command_name": "build", "command_success": true, "command_wall_clock_time": 9.314994, "process_in_blocks": "152", "process_kernel_time": 0.36524, "process_mem_max_rss": "138432", "process_out_blocks": "4840", "process_user_time": 5.286968}
[0m04:12:51.291095 [debug] [MainThread]: Command `dbt build` succeeded at 04:12:51.291020 after 9.32 seconds
[0m04:12:51.291388 [debug] [MainThread]: Sending event: {'category': 'dbt', 'action': 'invocation', 'label': 'end', 'context': [<snowplow_tracker.self_describing_json.SelfDescribingJson object at 0x7f119dc59790>, <snowplow_tracker.self_describing_json.SelfDescribingJson object at 0x7f119c95a420>, <snowplow_tracker.self_describing_json.SelfDescribingJson object at 0x7f119c58fad0>]}
[0m04:12:51.291670 [debug] [MainThread]: Flushing usage events
[0m04:12:51.500082 [debug] [MainThread]: An error was encountered while trying to flush usage events
