{"timestamp":"2026-09-10T04:11:52.171476Z","level":"info","event":"::group::Pre Execute","logger":"task","filename":"task_runner.py","lineno":2412}
{"timestamp":"2026-09-10T04:11:52.188352Z","level":"info","event":"DAG bundles loaded: dags-folder","ti_id":"01a0897d-89dd-78e5-8566-10d08e232e75","task_id":"promote_telemetry","run_id":"manual__2026-09-10T04:05:00.977350+00:00","dag_id":"f1_lakehouse_pipeline","map_index":-1,"try_number":1,"logger":"airflow.dag_processing.bundles.manager.DagBundlesManager","filename":"manager.py","lineno":304}
{"timestamp":"2026-09-10T04:11:52.189232Z","level":"info","event":"Filling up the DagBag from /opt/airflow/dags/f1_lakehouse_pipeline.py","ti_id":"01a0897d-89dd-78e5-8566-10d08e232e75","task_id":"promote_telemetry","run_id":"manual__2026-09-10T04:05:00.977350+00:00","dag_id":"f1_lakehouse_pipeline","map_index":-1,"try_number":1,"logger":"airflow.dag_processing.dagbag.BundleDagBag","filename":"dagbag.py","lineno":460}
{"timestamp":"2026-09-10T04:11:52.219344Z","level":"info","event":"Worker startup parse complete","bundle_name":"dags-folder","bundle_version":null,"dag_file":"f1_lakehouse_pipeline.py","dag_id":"f1_lakehouse_pipeline","bundle_prepare_ms":1,"dag_file_parse_ms":30,"ti_id":"01a0897d-89dd-78e5-8566-10d08e232e75","task_id":"promote_telemetry","run_id":"manual__2026-09-10T04:05:00.977350+00:00","map_index":-1,"try_number":1,"logger":"task","filename":"task_runner.py","lineno":1073}
{"timestamp":"2026-09-10T04:11:52.252151Z","level":"info","event":"::endgroup::","ti_id":"01a0897d-89dd-78e5-8566-10d08e232e75","task_id":"promote_telemetry","run_id":"manual__2026-09-10T04:05:00.977350+00:00","dag_id":"f1_lakehouse_pipeline","map_index":-1,"try_number":1,"logger":"task","filename":"task_runner.py","lineno":2232}
{"timestamp":"2026-09-10T04:11:52.254140Z","level":"info","event":"Executing: /opt/airflow/venvs/pipeline/bin/python src/iceberg/promote_all_telemetry.py --year 2026 --event Italian Grand Prix --session R","logger":"task.stdout"}
{"timestamp":"2026-09-10T04:11:54.338110Z","level":"info","event":"","logger":"task.stdout"}
{"timestamp":"2026-09-10T04:11:54.338490Z","level":"info","event":"======================================================================","logger":"task.stdout"}
{"timestamp":"2026-09-10T04:11:54.338746Z","level":"info","event":"RAW TELEMETRY READ","logger":"task.stdout"}
{"timestamp":"2026-09-10T04:11:54.339016Z","level":"info","event":"======================================================================","logger":"task.stdout"}
{"timestamp":"2026-09-10T04:11:54.339244Z","level":"info","event":"s3://f1-raw/season=2026/event=italian-grand-prix/session=R/telemetry/driver=ANT/telemetry.parquet","logger":"task.stdout"}
{"timestamp":"2026-09-10T04:11:54.339485Z","level":"info","event":"Rows:    36,453","logger":"task.stdout"}
{"timestamp":"2026-09-10T04:11:54.339696Z","level":"info","event":"Columns: 26","logger":"task.stdout"}
{"timestamp":"2026-09-10T04:11:54.339905Z","level":"info","event":"","logger":"task.stdout"}
{"timestamp":"2026-09-10T04:11:54.340318Z","level":"info","event":"======================================================================","logger":"task.stdout"}
{"timestamp":"2026-09-10T04:11:54.340444Z","level":"info","event":"NORMALIZE TELEMETRY","logger":"task.stdout"}
{"timestamp":"2026-09-10T04:11:54.340541Z","level":"info","event":"======================================================================","logger":"task.stdout"}
{"timestamp":"2026-09-10T04:11:54.340632Z","level":"info","event":"Rows:    36,453","logger":"task.stdout"}
{"timestamp":"2026-09-10T04:11:54.340720Z","level":"info","event":"Columns: 28","logger":"task.stdout"}
{"timestamp":"2026-09-10T04:11:54.340810Z","level":"info","event":"","logger":"task.stdout"}
{"timestamp":"2026-09-10T04:11:54.340925Z","level":"info","event":"season: int32","logger":"task.stdout"}
{"timestamp":"2026-09-10T04:11:54.341017Z","level":"info","event":"event_name: string","logger":"task.stdout"}
{"timestamp":"2026-09-10T04:11:54.341106Z","level":"info","event":"event_slug: string","logger":"task.stdout"}
{"timestamp":"2026-09-10T04:11:54.341209Z","level":"info","event":"session_type: string","logger":"task.stdout"}
{"timestamp":"2026-09-10T04:11:54.341307Z","level":"info","event":"driver_code: string","logger":"task.stdout"}
{"timestamp":"2026-09-10T04:11:54.341397Z","level":"info","event":"driver_number: string","logger":"task.stdout"}
{"timestamp":"2026-09-10T04:11:54.341488Z","level":"info","event":"team_name: string","logger":"task.stdout"}
{"timestamp":"2026-09-10T04:11:54.341579Z","level":"info","event":"lap_number: int32","logger":"task.stdout"}
{"timestamp":"2026-09-10T04:11:54.341667Z","level":"info","event":"sample_timestamp_utc: timestamp[us, tz=UTC]","logger":"task.stdout"}
{"timestamp":"2026-09-10T04:11:54.341761Z","level":"info","event":"session_time_ms: int64","logger":"task.stdout"}
{"timestamp":"2026-09-10T04:11:54.341859Z","level":"info","event":"sample_time_ms: int64","logger":"task.stdout"}
{"timestamp":"2026-09-10T04:11:54.341949Z","level":"info","event":"rpm: double","logger":"task.stdout"}
{"timestamp":"2026-09-10T04:11:54.342036Z","level":"info","event":"speed_kph: double","logger":"task.stdout"}
{"timestamp":"2026-09-10T04:11:54.342125Z","level":"info","event":"gear: int32","logger":"task.stdout"}
{"timestamp":"2026-09-10T04:11:54.342212Z","level":"info","event":"throttle_pct: double","logger":"task.stdout"}
{"timestamp":"2026-09-10T04:11:54.342299Z","level":"info","event":"brake: bool","logger":"task.stdout"}
{"timestamp":"2026-09-10T04:11:54.342385Z","level":"info","event":"drs: int32","logger":"task.stdout"}
{"timestamp":"2026-09-10T04:11:54.342469Z","level":"info","event":"x: double","logger":"task.stdout"}
{"timestamp":"2026-09-10T04:11:54.342554Z","level":"info","event":"y: double","logger":"task.stdout"}
{"timestamp":"2026-09-10T04:11:54.342639Z","level":"info","event":"z: double","logger":"task.stdout"}
{"timestamp":"2026-09-10T04:11:54.342727Z","level":"info","event":"distance: double","logger":"task.stdout"}
{"timestamp":"2026-09-10T04:11:54.342817Z","level":"info","event":"relative_distance: double","logger":"task.stdout"}
{"timestamp":"2026-09-10T04:11:54.342920Z","level":"info","event":"driver_ahead: string","logger":"task.stdout"}
{"timestamp":"2026-09-10T04:11:54.343014Z","level":"info","event":"distance_to_driver_ahead: double","logger":"task.stdout"}
{"timestamp":"2026-09-10T04:11:54.343111Z","level":"info","event":"source: string","logger":"task.stdout"}
{"timestamp":"2026-09-10T04:11:54.343207Z","level":"info","event":"status: string","logger":"task.stdout"}
{"timestamp":"2026-09-10T04:11:54.343298Z","level":"info","event":"source_system: string","logger":"task.stdout"}
{"timestamp":"2026-09-10T04:11:54.343388Z","level":"info","event":"ingested_at: timestamp[us, tz=UTC]","logger":"task.stdout"}
{"timestamp":"2026-09-10T04:11:54.343480Z","level":"info","event":"-- schema metadata --","logger":"task.stdout"}
{"timestamp":"2026-09-10T04:11:54.343570Z","level":"info","event":"pandas: '{\"index_columns\": [], \"column_indexes\": [], \"columns\": [{\"name\":' + 3466","logger":"task.stdout"}
{"timestamp":"2026-09-10T04:11:54.343660Z","level":"info","event":"","logger":"task.stdout"}
{"timestamp":"2026-09-10T04:11:54.343756Z","level":"info","event":"======================================================================","logger":"task.stdout"}
{"timestamp":"2026-09-10T04:11:54.343881Z","level":"info","event":"ICEBERG WRITE","logger":"task.stdout"}
{"timestamp":"2026-09-10T04:11:54.343991Z","level":"info","event":"======================================================================","logger":"task.stdout"}
{"timestamp":"2026-09-10T04:11:54.344097Z","level":"info","event":"Writing 36,453 telemetry rows...","logger":"task.stdout"}
{"timestamp":"2026-09-10T04:11:54.344196Z","level":"info","event":"Iceberg commit successful.","logger":"task.stdout"}
{"timestamp":"2026-09-10T04:11:54.344296Z","level":"info","event":"","logger":"task.stdout"}
{"timestamp":"2026-09-10T04:11:54.344412Z","level":"info","event":"======================================================================","logger":"task.stdout"}
{"timestamp":"2026-09-10T04:11:54.344527Z","level":"info","event":"ICEBERG VALIDATION","logger":"task.stdout"}
{"timestamp":"2026-09-10T04:11:54.344633Z","level":"info","event":"======================================================================","logger":"task.stdout"}
{"timestamp":"2026-09-10T04:11:54.344733Z","level":"info","event":"Table: bronze.telemetry","logger":"task.stdout"}
{"timestamp":"2026-09-10T04:11:54.344836Z","level":"info","event":"Snapshot ID: 2512738253379017081","logger":"task.stdout"}
{"timestamp":"2026-09-10T04:11:54.344946Z","level":"info","event":"","logger":"task.stdout"}
{"timestamp":"2026-09-10T04:11:54.345051Z","level":"info","event":"Partition spec:","logger":"task.stdout"}
{"timestamp":"2026-09-10T04:11:54.345151Z","level":"info","event":"[","logger":"task.stdout"}
{"timestamp":"2026-09-10T04:11:54.345250Z","level":"info","event":"  1000: season: identity(1)","logger":"task.stdout"}
{"timestamp":"2026-09-10T04:11:54.345352Z","level":"info","event":"  1001: event_slug: identity(3)","logger":"task.stdout"}
{"timestamp":"2026-09-10T04:11:54.345448Z","level":"info","event":"  1002: session_type: identity(4)","logger":"task.stdout"}
{"timestamp":"2026-09-10T04:11:54.345542Z","level":"info","event":"  1003: driver_code: identity(5)","logger":"task.stdout"}
{"timestamp":"2026-09-10T04:11:54.345636Z","level":"info","event":"]","logger":"task.stdout"}
{"timestamp":"2026-09-10T04:11:54.345737Z","level":"info","event":"","logger":"task.stdout"}
{"timestamp":"2026-09-10T04:11:54.345848Z","level":"info","event":"Schema:","logger":"task.stdout"}
{"timestamp":"2026-09-10T04:11:54.345954Z","level":"info","event":"table {","logger":"task.stdout"}
{"timestamp":"2026-09-10T04:11:54.346056Z","level":"info","event":"  1: season: optional int","logger":"task.stdout"}
{"timestamp":"2026-09-10T04:11:54.346161Z","level":"info","event":"  2: event_name: optional string","logger":"task.stdout"}
{"timestamp":"2026-09-10T04:11:54.346264Z","level":"info","event":"  3: event_slug: optional string","logger":"task.stdout"}
{"timestamp":"2026-09-10T04:11:54.346366Z","level":"info","event":"  4: session_type: optional string","logger":"task.stdout"}
{"timestamp":"2026-09-10T04:11:54.346471Z","level":"info","event":"  5: driver_code: optional string","logger":"task.stdout"}
{"timestamp":"2026-09-10T04:11:54.346571Z","level":"info","event":"  6: driver_number: optional string","logger":"task.stdout"}
{"timestamp":"2026-09-10T04:11:54.346668Z","level":"info","event":"  7: team_name: optional string","logger":"task.stdout"}
{"timestamp":"2026-09-10T04:11:54.346764Z","level":"info","event":"  8: lap_number: optional int","logger":"task.stdout"}
{"timestamp":"2026-09-10T04:11:54.346866Z","level":"info","event":"  9: sample_timestamp_utc: optional timestamptz","logger":"task.stdout"}
{"timestamp":"2026-09-10T04:11:54.346967Z","level":"info","event":"  10: session_time_ms: optional long","logger":"task.stdout"}
{"timestamp":"2026-09-10T04:11:54.347067Z","level":"info","event":"  11: sample_time_ms: optional long","logger":"task.stdout"}
{"timestamp":"2026-09-10T04:11:54.347169Z","level":"info","event":"  12: rpm: optional double","logger":"task.stdout"}
{"timestamp":"2026-09-10T04:11:54.347248Z","level":"info","event":"  13: speed_kph: optional double","logger":"task.stdout"}
{"timestamp":"2026-09-10T04:11:54.347290Z","level":"info","event":"  14: gear: optional int","logger":"task.stdout"}
{"timestamp":"2026-09-10T04:11:54.347331Z","level":"info","event":"  15: throttle_pct: optional double","logger":"task.stdout"}
{"timestamp":"2026-09-10T04:11:54.347371Z","level":"info","event":"  16: brake: optional boolean","logger":"task.stdout"}
{"timestamp":"2026-09-10T04:11:54.347412Z","level":"info","event":"  17: drs: optional int","logger":"task.stdout"}
{"timestamp":"2026-09-10T04:11:54.347452Z","level":"info","event":"  18: x: optional double","logger":"task.stdout"}
{"timestamp":"2026-09-10T04:11:54.347491Z","level":"info","event":"  19: y: optional double","logger":"task.stdout"}
{"timestamp":"2026-09-10T04:11:54.347531Z","level":"info","event":"  20: z: optional double","logger":"task.stdout"}
{"timestamp":"2026-09-10T04:11:54.347576Z","level":"info","event":"  21: distance: optional double","logger":"task.stdout"}
{"timestamp":"2026-09-10T04:11:54.347619Z","level":"info","event":"  22: relative_distance: optional double","logger":"task.stdout"}
{"timestamp":"2026-09-10T04:11:54.347661Z","level":"info","event":"  23: driver_ahead: optional string","logger":"task.stdout"}
{"timestamp":"2026-09-10T04:11:54.347702Z","level":"info","event":"  24: distance_to_driver_ahead: optional double","logger":"task.stdout"}
{"timestamp":"2026-09-10T04:11:54.347744Z","level":"info","event":"  25: source: optional string","logger":"task.stdout"}
{"timestamp":"2026-09-10T04:11:54.347785Z","level":"info","event":"  26: status: optional string","logger":"task.stdout"}
{"timestamp":"2026-09-10T04:11:54.347826Z","level":"info","event":"  27: source_system: optional string","logger":"task.stdout"}
{"timestamp":"2026-09-10T04:11:54.347877Z","level":"info","event":"  28: ingested_at: optional timestamptz","logger":"task.stdout"}
{"timestamp":"2026-09-10T04:11:54.347918Z","level":"info","event":"}","logger":"task.stdout"}
{"timestamp":"2026-09-10T04:11:54.347960Z","level":"info","event":"","logger":"task.stdout"}
{"timestamp":"2026-09-10T04:11:54.348002Z","level":"info","event":"======================================================================","logger":"task.stdout"}
{"timestamp":"2026-09-10T04:11:54.348043Z","level":"info","event":"TELEMETRY PROMOTION COMPLETE","logger":"task.stdout"}
{"timestamp":"2026-09-10T04:11:54.348084Z","level":"info","event":"======================================================================","logger":"task.stdout"}
{"timestamp":"2026-09-10T04:11:54.348125Z","level":"info","event":"Table: bronze.telemetry","logger":"task.stdout"}
{"timestamp":"2026-09-10T04:11:55.871334Z","level":"info","event":"","logger":"task.stdout"}
{"timestamp":"2026-09-10T04:11:55.871732Z","level":"info","event":"======================================================================","logger":"task.stdout"}
{"timestamp":"2026-09-10T04:11:55.871880Z","level":"info","event":"RAW TELEMETRY READ","logger":"task.stdout"}
{"timestamp":"2026-09-10T04:11:55.871975Z","level":"info","event":"======================================================================","logger":"task.stdout"}
{"timestamp":"2026-09-10T04:11:55.872069Z","level":"info","event":"s3://f1-raw/season=2026/event=italian-grand-prix/session=R/telemetry/driver=RUS/telemetry.parquet","logger":"task.stdout"}
{"timestamp":"2026-09-10T04:11:55.872172Z","level":"info","event":"Rows:    36,230","logger":"task.stdout"}
{"timestamp":"2026-09-10T04:11:55.872261Z","level":"info","event":"Columns: 26","logger":"task.stdout"}
{"timestamp":"2026-09-10T04:11:55.872349Z","level":"info","event":"","logger":"task.stdout"}
{"timestamp":"2026-09-10T04:11:55.872443Z","level":"info","event":"======================================================================","logger":"task.stdout"}
{"timestamp":"2026-09-10T04:11:55.872541Z","level":"info","event":"NORMALIZE TELEMETRY","logger":"task.stdout"}
{"timestamp":"2026-09-10T04:11:55.872630Z","level":"info","event":"======================================================================","logger":"task.stdout"}
{"timestamp":"2026-09-10T04:11:55.872716Z","level":"info","event":"Rows:    36,230","logger":"task.stdout"}
{"timestamp":"2026-09-10T04:11:55.872800Z","level":"info","event":"Columns: 28","logger":"task.stdout"}
{"timestamp":"2026-09-10T04:11:55.872890Z","level":"info","event":"","logger":"task.stdout"}
{"timestamp":"2026-09-10T04:11:55.872975Z","level":"info","event":"season: int32","logger":"task.stdout"}
{"timestamp":"2026-09-10T04:11:55.873057Z","level":"info","event":"event_name: string","logger":"task.stdout"}
{"timestamp":"2026-09-10T04:11:55.873138Z","level":"info","event":"event_slug: string","logger":"task.stdout"}
{"timestamp":"2026-09-10T04:11:55.873217Z","level":"info","event":"session_type: string","logger":"task.stdout"}
{"timestamp":"2026-09-10T04:11:55.873294Z","level":"info","event":"driver_code: string","logger":"task.stdout"}
{"timestamp":"2026-09-10T04:11:55.873381Z","level":"info","event":"driver_number: string","logger":"task.stdout"}
{"timestamp":"2026-09-10T04:11:55.873469Z","level":"info","event":"team_name: string","logger":"task.stdout"}
{"timestamp":"2026-09-10T04:11:55.873545Z","level":"info","event":"lap_number: int32","logger":"task.stdout"}
{"timestamp":"2026-09-10T04:11:55.873621Z","level":"info","event":"sample_timestamp_utc: timestamp[us, tz=UTC]","logger":"task.stdout"}
{"timestamp":"2026-09-10T04:11:55.873706Z","level":"info","event":"session_time_ms: int64","logger":"task.stdout"}
{"timestamp":"2026-09-10T04:11:55.873788Z","level":"info","event":"sample_time_ms: int64","logger":"task.stdout"}
{"timestamp":"2026-09-10T04:11:55.873876Z","level":"info","event":"rpm: double","logger":"task.stdout"}
{"timestamp":"2026-09-10T04:11:55.873959Z","level":"info","event":"speed_kph: double","logger":"task.stdout"}
{"timestamp":"2026-09-10T04:11:55.874042Z","level":"info","event":"gear: int32","logger":"task.stdout"}
{"timestamp":"2026-09-10T04:11:55.874125Z","level":"info","event":"throttle_pct: double","logger":"task.stdout"}
{"timestamp":"2026-09-10T04:11:55.874212Z","level":"info","event":"brake: bool","logger":"task.stdout"}
{"timestamp":"2026-09-10T04:11:55.874301Z","level":"info","event":"drs: int32","logger":"task.stdout"}
{"timestamp":"2026-09-10T04:11:55.874387Z","level":"info","event":"x: double","logger":"task.stdout"}
{"timestamp":"2026-09-10T04:11:55.874469Z","level":"info","event":"y: double","logger":"task.stdout"}
{"timestamp":"2026-09-10T04:11:55.874553Z","level":"info","event":"z: double","logger":"task.stdout"}
{"timestamp":"2026-09-10T04:11:55.874637Z","level":"info","event":"distance: double","logger":"task.stdout"}
{"timestamp":"2026-09-10T04:11:55.874720Z","level":"info","event":"relative_distance: double","logger":"task.stdout"}
{"timestamp":"2026-09-10T04:11:55.874807Z","level":"info","event":"driver_ahead: string","logger":"task.stdout"}
{"timestamp":"2026-09-10T04:11:55.874902Z","level":"info","event":"distance_to_driver_ahead: double","logger":"task.stdout"}
{"timestamp":"2026-09-10T04:11:55.874984Z","level":"info","event":"source: string","logger":"task.stdout"}
{"timestamp":"2026-09-10T04:11:55.875065Z","level":"info","event":"status: string","logger":"task.stdout"}
{"timestamp":"2026-09-10T04:11:55.875145Z","level":"info","event":"source_system: string","logger":"task.stdout"}
{"timestamp":"2026-09-10T04:11:55.875223Z","level":"info","event":"ingested_at: timestamp[us, tz=UTC]","logger":"task.stdout"}
{"timestamp":"2026-09-10T04:11:55.875303Z","level":"info","event":"-- schema metadata --","logger":"task.stdout"}
{"timestamp":"2026-09-10T04:11:55.875383Z","level":"info","event":"pandas: '{\"index_columns\": [], \"column_indexes\": [], \"columns\": [{\"name\":' + 3466","logger":"task.stdout"}
{"timestamp":"2026-09-10T04:11:55.875465Z","level":"info","event":"","logger":"task.stdout"}
{"timestamp":"2026-09-10T04:11:55.875550Z","level":"info","event":"======================================================================","logger":"task.stdout"}
{"timestamp":"2026-09-10T04:11:55.875634Z","level":"info","event":"ICEBERG WRITE","logger":"task.stdout"}
{"timestamp":"2026-09-10T04:11:55.875715Z","level":"info","event":"======================================================================","logger":"task.stdout"}
{"timestamp":"2026-09-10T04:11:55.875798Z","level":"info","event":"Writing 36,230 telemetry rows...","logger":"task.stdout"}
{"timestamp":"2026-09-10T04:11:55.875886Z","level":"info","event":"Iceberg commit successful.","logger":"task.stdout"}
{"timestamp":"2026-09-10T04:11:55.875971Z","level":"info","event":"","logger":"task.stdout"}
{"timestamp":"2026-09-10T04:11:55.876059Z","level":"info","event":"======================================================================","logger":"task.stdout"}
{"timestamp":"2026-09-10T04:11:55.876147Z","level":"info","event":"ICEBERG VALIDATION","logger":"task.stdout"}
{"timestamp":"2026-09-10T04:11:55.876235Z","level":"info","event":"======================================================================","logger":"task.stdout"}
{"timestamp":"2026-09-10T04:11:55.876325Z","level":"info","event":"Table: bronze.telemetry","logger":"task.stdout"}
{"timestamp":"2026-09-10T04:11:55.876414Z","level":"info","event":"Snapshot ID: 2565982878015613485","logger":"task.stdout"}
{"timestamp":"2026-09-10T04:11:55.876498Z","level":"info","event":"","logger":"task.stdout"}
{"timestamp":"2026-09-10T04:11:55.876586Z","level":"info","event":"Partition spec:","logger":"task.stdout"}
{"timestamp":"2026-09-10T04:11:55.876675Z","level":"info","event":"[","logger":"task.stdout"}
{"timestamp":"2026-09-10T04:11:55.876766Z","level":"info","event":"  1000: season: identity(1)","logger":"task.stdout"}
{"timestamp":"2026-09-10T04:11:55.876863Z","level":"info","event":"  1001: event_slug: identity(3)","logger":"task.stdout"}
{"timestamp":"2026-09-10T04:11:55.876955Z","level":"info","event":"  1002: session_type: identity(4)","logger":"task.stdout"}
{"timestamp":"2026-09-10T04:11:55.877044Z","level":"info","event":"  1003: driver_code: identity(5)","logger":"task.stdout"}
{"timestamp":"2026-09-10T04:11:55.877133Z","level":"info","event":"]","logger":"task.stdout"}
{"timestamp":"2026-09-10T04:11:55.877224Z","level":"info","event":"","logger":"task.stdout"}
{"timestamp":"2026-09-10T04:11:55.877311Z","level":"info","event":"Schema:","logger":"task.stdout"}
{"timestamp":"2026-09-10T04:11:55.877400Z","level":"info","event":"table {","logger":"task.stdout"}
{"timestamp":"2026-09-10T04:11:55.877486Z","level":"info","event":"  1: season: optional int","logger":"task.stdout"}
{"timestamp":"2026-09-10T04:11:55.877574Z","level":"info","event":"  2: event_name: optional string","logger":"task.stdout"}
{"timestamp":"2026-09-10T04:11:55.877662Z","level":"info","event":"  3: event_slug: optional string","logger":"task.stdout"}
{"timestamp":"2026-09-10T04:11:55.877748Z","level":"info","event":"  4: session_type: optional string","logger":"task.stdout"}
{"timestamp":"2026-09-10T04:11:55.877840Z","level":"info","event":"  5: driver_code: optional string","logger":"task.stdout"}
{"timestamp":"2026-09-10T04:11:55.877927Z","level":"info","event":"  6: driver_number: optional string","logger":"task.stdout"}
{"timestamp":"2026-09-10T04:11:55.878013Z","level":"info","event":"  7: team_name: optional string","logger":"task.stdout"}
{"timestamp":"2026-09-10T04:11:55.878098Z","level":"info","event":"  8: lap_number: optional int","logger":"task.stdout"}
{"timestamp":"2026-09-10T04:11:55.878184Z","level":"info","event":"  9: sample_timestamp_utc: optional timestamptz","logger":"task.stdout"}
{"timestamp":"2026-09-10T04:11:55.878272Z","level":"info","event":"  10: session_time_ms: optional long","logger":"task.stdout"}
{"timestamp":"2026-09-10T04:11:55.878358Z","level":"info","event":"  11: sample_time_ms: optional long","logger":"task.stdout"}
{"timestamp":"2026-09-10T04:11:55.878444Z","level":"info","event":"  12: rpm: optional double","logger":"task.stdout"}
{"timestamp":"2026-09-10T04:11:55.878530Z","level":"info","event":"  13: speed_kph: optional double","logger":"task.stdout"}
{"timestamp":"2026-09-10T04:11:55.878616Z","level":"info","event":"  14: gear: optional int","logger":"task.stdout"}
{"timestamp":"2026-09-10T04:11:55.878702Z","level":"info","event":"  15: throttle_pct: optional double","logger":"task.stdout"}
{"timestamp":"2026-09-10T04:11:55.878787Z","level":"info","event":"  16: brake: optional boolean","logger":"task.stdout"}
{"timestamp":"2026-09-10T04:11:55.878887Z","level":"info","event":"  17: drs: optional int","logger":"task.stdout"}
{"timestamp":"2026-09-10T04:11:55.878979Z","level":"info","event":"  18: x: optional double","logger":"task.stdout"}
{"timestamp":"2026-09-10T04:11:55.879069Z","level":"info","event":"  19: y: optional double","logger":"task.stdout"}
{"timestamp":"2026-09-10T04:11:55.879159Z","level":"info","event":"  20: z: optional double","logger":"task.stdout"}
{"timestamp":"2026-09-10T04:11:55.879244Z","level":"info","event":"  21: distance: optional double","logger":"task.stdout"}
{"timestamp":"2026-09-10T04:11:55.879336Z","level":"info","event":"  22: relative_distance: optional double","logger":"task.stdout"}
{"timestamp":"2026-09-10T04:11:55.879427Z","level":"info","event":"  23: driver_ahead: optional string","logger":"task.stdout"}
{"timestamp":"2026-09-10T04:11:55.879512Z","level":"info","event":"  24: distance_to_driver_ahead: optional double","logger":"task.stdout"}
{"timestamp":"2026-09-10T04:11:55.879597Z","level":"info","event":"  25: source: optional string","logger":"task.stdout"}
{"timestamp":"2026-09-10T04:11:55.879682Z","level":"info","event":"  26: status: optional string","logger":"task.stdout"}
{"timestamp":"2026-09-10T04:11:55.879766Z","level":"info","event":"  27: source_system: optional string","logger":"task.stdout"}
{"timestamp":"2026-09-10T04:11:55.879854Z","level":"info","event":"  28: ingested_at: optional timestamptz","logger":"task.stdout"}
{"timestamp":"2026-09-10T04:11:55.879942Z","level":"info","event":"}","logger":"task.stdout"}
{"timestamp":"2026-09-10T04:11:55.880035Z","level":"info","event":"","logger":"task.stdout"}
{"timestamp":"2026-09-10T04:11:55.880123Z","level":"info","event":"======================================================================","logger":"task.stdout"}
{"timestamp":"2026-09-10T04:11:55.880211Z","level":"info","event":"TELEMETRY PROMOTION COMPLETE","logger":"task.stdout"}
{"timestamp":"2026-09-10T04:11:55.880297Z","level":"info","event":"======================================================================","logger":"task.stdout"}
{"timestamp":"2026-09-10T04:11:55.880384Z","level":"info","event":"Table: bronze.telemetry","logger":"task.stdout"}
{"timestamp":"2026-09-10T04:11:57.421566Z","level":"info","event":"","logger":"task.stdout"}
{"timestamp":"2026-09-10T04:11:57.421880Z","level":"info","event":"======================================================================","logger":"task.stdout"}
{"timestamp":"2026-09-10T04:11:57.422000Z","level":"info","event":"RAW TELEMETRY READ","logger":"task.stdout"}
{"timestamp":"2026-09-10T04:11:57.422100Z","level":"info","event":"======================================================================","logger":"task.stdout"}
{"timestamp":"2026-09-10T04:11:57.422200Z","level":"info","event":"s3://f1-raw/season=2026/event=italian-grand-prix/session=R/telemetry/driver=VER/telemetry.parquet","logger":"task.stdout"}
{"timestamp":"2026-09-10T04:11:57.422292Z","level":"info","event":"Rows:    36,368","logger":"task.stdout"}
{"timestamp":"2026-09-10T04:11:57.422381Z","level":"info","event":"Columns: 26","logger":"task.stdout"}
{"timestamp":"2026-09-10T04:11:57.422468Z","level":"info","event":"","logger":"task.stdout"}
{"timestamp":"2026-09-10T04:11:57.422558Z","level":"info","event":"======================================================================","logger":"task.stdout"}
{"timestamp":"2026-09-10T04:11:57.422646Z","level":"info","event":"NORMALIZE TELEMETRY","logger":"task.stdout"}
{"timestamp":"2026-09-10T04:11:57.422732Z","level":"info","event":"======================================================================","logger":"task.stdout"}
{"timestamp":"2026-09-10T04:11:57.422818Z","level":"info","event":"Rows:    36,368","logger":"task.stdout"}
{"timestamp":"2026-09-10T04:11:57.422908Z","level":"info","event":"Columns: 28","logger":"task.stdout"}
{"timestamp":"2026-09-10T04:11:57.422990Z","level":"info","event":"","logger":"task.stdout"}
{"timestamp":"2026-09-10T04:11:57.423075Z","level":"info","event":"season: int32","logger":"task.stdout"}
{"timestamp":"2026-09-10T04:11:57.423159Z","level":"info","event":"event_name: string","logger":"task.stdout"}
{"timestamp":"2026-09-10T04:11:57.423241Z","level":"info","event":"event_slug: string","logger":"task.stdout"}
{"timestamp":"2026-09-10T04:11:57.423323Z","level":"info","event":"session_type: string","logger":"task.stdout"}
{"timestamp":"2026-09-10T04:11:57.423404Z","level":"info","event":"driver_code: string","logger":"task.stdout"}
{"timestamp":"2026-09-10T04:11:57.423486Z","level":"info","event":"driver_number: string","logger":"task.stdout"}
{"timestamp":"2026-09-10T04:11:57.423582Z","level":"info","event":"team_name: string","logger":"task.stdout"}
{"timestamp":"2026-09-10T04:11:57.423675Z","level":"info","event":"lap_number: int32","logger":"task.stdout"}
{"timestamp":"2026-09-10T04:11:57.423757Z","level":"info","event":"sample_timestamp_utc: timestamp[us, tz=UTC]","logger":"task.stdout"}
{"timestamp":"2026-09-10T04:11:57.423849Z","level":"info","event":"session_time_ms: int64","logger":"task.stdout"}
{"timestamp":"2026-09-10T04:11:57.423931Z","level":"info","event":"sample_time_ms: int64","logger":"task.stdout"}
{"timestamp":"2026-09-10T04:11:57.424013Z","level":"info","event":"rpm: double","logger":"task.stdout"}
{"timestamp":"2026-09-10T04:11:57.424094Z","level":"info","event":"speed_kph: double","logger":"task.stdout"}
{"timestamp":"2026-09-10T04:11:57.424177Z","level":"info","event":"gear: int32","logger":"task.stdout"}
{"timestamp":"2026-09-10T04:11:57.424261Z","level":"info","event":"throttle_pct: double","logger":"task.stdout"}
{"timestamp":"2026-09-10T04:11:57.424345Z","level":"info","event":"brake: bool","logger":"task.stdout"}
{"timestamp":"2026-09-10T04:11:57.424427Z","level":"info","event":"drs: int32","logger":"task.stdout"}
{"timestamp":"2026-09-10T04:11:57.424510Z","level":"info","event":"x: double","logger":"task.stdout"}
{"timestamp":"2026-09-10T04:11:57.424594Z","level":"info","event":"y: double","logger":"task.stdout"}
{"timestamp":"2026-09-10T04:11:57.424678Z","level":"info","event":"z: double","logger":"task.stdout"}
{"timestamp":"2026-09-10T04:11:57.424760Z","level":"info","event":"distance: double","logger":"task.stdout"}
{"timestamp":"2026-09-10T04:11:57.424845Z","level":"info","event":"relative_distance: double","logger":"task.stdout"}
{"timestamp":"2026-09-10T04:11:57.424933Z","level":"info","event":"driver_ahead: string","logger":"task.stdout"}
{"timestamp":"2026-09-10T04:11:57.425017Z","level":"info","event":"distance_to_driver_ahead: double","logger":"task.stdout"}
{"timestamp":"2026-09-10T04:11:57.425105Z","level":"info","event":"source: string","logger":"task.stdout"}
{"timestamp":"2026-09-10T04:11:57.425190Z","level":"info","event":"status: string","logger":"task.stdout"}
{"timestamp":"2026-09-10T04:11:57.425275Z","level":"info","event":"source_system: string","logger":"task.stdout"}
{"timestamp":"2026-09-10T04:11:57.425360Z","level":"info","event":"ingested_at: timestamp[us, tz=UTC]","logger":"task.stdout"}
{"timestamp":"2026-09-10T04:11:57.425447Z","level":"info","event":"-- schema metadata --","logger":"task.stdout"}
{"timestamp":"2026-09-10T04:11:57.425531Z","level":"info","event":"pandas: '{\"index_columns\": [], \"column_indexes\": [], \"columns\": [{\"name\":' + 3466","logger":"task.stdout"}
{"timestamp":"2026-09-10T04:11:57.425618Z","level":"info","event":"","logger":"task.stdout"}
{"timestamp":"2026-09-10T04:11:57.425704Z","level":"info","event":"======================================================================","logger":"task.stdout"}
{"timestamp":"2026-09-10T04:11:57.425791Z","level":"info","event":"ICEBERG WRITE","logger":"task.stdout"}
{"timestamp":"2026-09-10T04:11:57.425882Z","level":"info","event":"======================================================================","logger":"task.stdout"}
{"timestamp":"2026-09-10T04:11:57.425970Z","level":"info","event":"Writing 36,368 telemetry rows...","logger":"task.stdout"}
{"timestamp":"2026-09-10T04:11:57.426060Z","level":"info","event":"Iceberg commit successful.","logger":"task.stdout"}
{"timestamp":"2026-09-10T04:11:57.426149Z","level":"info","event":"","logger":"task.stdout"}
{"timestamp":"2026-09-10T04:11:57.426240Z","level":"info","event":"======================================================================","logger":"task.stdout"}
{"timestamp":"2026-09-10T04:11:57.426331Z","level":"info","event":"ICEBERG VALIDATION","logger":"task.stdout"}
{"timestamp":"2026-09-10T04:11:57.426420Z","level":"info","event":"======================================================================","logger":"task.stdout"}
{"timestamp":"2026-09-10T04:11:57.426513Z","level":"info","event":"Table: bronze.telemetry","logger":"task.stdout"}
{"timestamp":"2026-09-10T04:11:57.426606Z","level":"info","event":"Snapshot ID: 7385390775861252936","logger":"task.stdout"}
{"timestamp":"2026-09-10T04:11:57.426696Z","level":"info","event":"","logger":"task.stdout"}
{"timestamp":"2026-09-10T04:11:57.426789Z","level":"info","event":"Partition spec:","logger":"task.stdout"}
{"timestamp":"2026-09-10T04:11:57.426883Z","level":"info","event":"[","logger":"task.stdout"}
{"timestamp":"2026-09-10T04:11:57.426972Z","level":"info","event":"  1000: season: identity(1)","logger":"task.stdout"}
{"timestamp":"2026-09-10T04:11:57.427062Z","level":"info","event":"  1001: event_slug: identity(3)","logger":"task.stdout"}
{"timestamp":"2026-09-10T04:11:57.427153Z","level":"info","event":"  1002: session_type: identity(4)","logger":"task.stdout"}
{"timestamp":"2026-09-10T04:11:57.427243Z","level":"info","event":"  1003: driver_code: identity(5)","logger":"task.stdout"}
{"timestamp":"2026-09-10T04:11:57.427332Z","level":"info","event":"]","logger":"task.stdout"}
{"timestamp":"2026-09-10T04:11:57.427456Z","level":"info","event":"","logger":"task.stdout"}
{"timestamp":"2026-09-10T04:11:57.427609Z","level":"info","event":"Schema:","logger":"task.stdout"}
{"timestamp":"2026-09-10T04:11:57.427703Z","level":"info","event":"table {","logger":"task.stdout"}
{"timestamp":"2026-09-10T04:11:57.427793Z","level":"info","event":"  1: season: optional int","logger":"task.stdout"}
{"timestamp":"2026-09-10T04:11:57.427891Z","level":"info","event":"  2: event_name: optional string","logger":"task.stdout"}
{"timestamp":"2026-09-10T04:11:57.427982Z","level":"info","event":"  3: event_slug: optional string","logger":"task.stdout"}
{"timestamp":"2026-09-10T04:11:57.428072Z","level":"info","event":"  4: session_type: optional string","logger":"task.stdout"}
{"timestamp":"2026-09-10T04:11:57.428162Z","level":"info","event":"  5: driver_code: optional string","logger":"task.stdout"}
{"timestamp":"2026-09-10T04:11:57.428250Z","level":"info","event":"  6: driver_number: optional string","logger":"task.stdout"}
{"timestamp":"2026-09-10T04:11:57.428340Z","level":"info","event":"  7: team_name: optional string","logger":"task.stdout"}
{"timestamp":"2026-09-10T04:11:57.428429Z","level":"info","event":"  8: lap_number: optional int","logger":"task.stdout"}
{"timestamp":"2026-09-10T04:11:57.428518Z","level":"info","event":"  9: sample_timestamp_utc: optional timestamptz","logger":"task.stdout"}
{"timestamp":"2026-09-10T04:11:57.428612Z","level":"info","event":"  10: session_time_ms: optional long","logger":"task.stdout"}
{"timestamp":"2026-09-10T04:11:57.428706Z","level":"info","event":"  11: sample_time_ms: optional long","logger":"task.stdout"}
{"timestamp":"2026-09-10T04:11:57.428795Z","level":"info","event":"  12: rpm: optional double","logger":"task.stdout"}
{"timestamp":"2026-09-10T04:11:57.428892Z","level":"info","event":"  13: speed_kph: optional double","logger":"task.stdout"}
{"timestamp":"2026-09-10T04:11:57.428983Z","level":"info","event":"  14: gear: optional int","logger":"task.stdout"}
{"timestamp":"2026-09-10T04:11:57.429075Z","level":"info","event":"  15: throttle_pct: optional double","logger":"task.stdout"}
{"timestamp":"2026-09-10T04:11:57.429164Z","level":"info","event":"  16: brake: optional boolean","logger":"task.stdout"}
{"timestamp":"2026-09-10T04:11:57.429255Z","level":"info","event":"  17: drs: optional int","logger":"task.stdout"}
{"timestamp":"2026-09-10T04:11:57.429349Z","level":"info","event":"  18: x: optional double","logger":"task.stdout"}
{"timestamp":"2026-09-10T04:11:57.429441Z","level":"info","event":"  19: y: optional double","logger":"task.stdout"}
{"timestamp":"2026-09-10T04:11:57.429532Z","level":"info","event":"  20: z: optional double","logger":"task.stdout"}
{"timestamp":"2026-09-10T04:11:57.429622Z","level":"info","event":"  21: distance: optional double","logger":"task.stdout"}
{"timestamp":"2026-09-10T04:11:57.429711Z","level":"info","event":"  22: relative_distance: optional double","logger":"task.stdout"}
{"timestamp":"2026-09-10T04:11:57.429812Z","level":"info","event":"  23: driver_ahead: optional string","logger":"task.stdout"}
{"timestamp":"2026-09-10T04:11:57.429921Z","level":"info","event":"  24: distance_to_driver_ahead: optional double","logger":"task.stdout"}
{"timestamp":"2026-09-10T04:11:57.430020Z","level":"info","event":"  25: source: optional string","logger":"task.stdout"}
{"timestamp":"2026-09-10T04:11:57.430116Z","level":"info","event":"  26: status: optional string","logger":"task.stdout"}
{"timestamp":"2026-09-10T04:11:57.430210Z","level":"info","event":"  27: source_system: optional string","logger":"task.stdout"}
{"timestamp":"2026-09-10T04:11:57.430305Z","level":"info","event":"  28: ingested_at: optional timestamptz","logger":"task.stdout"}
{"timestamp":"2026-09-10T04:11:57.430400Z","level":"info","event":"}","logger":"task.stdout"}
{"timestamp":"2026-09-10T04:11:57.430503Z","level":"info","event":"","logger":"task.stdout"}
{"timestamp":"2026-09-10T04:11:57.430600Z","level":"info","event":"======================================================================","logger":"task.stdout"}
{"timestamp":"2026-09-10T04:11:57.430701Z","level":"info","event":"TELEMETRY PROMOTION COMPLETE","logger":"task.stdout"}
{"timestamp":"2026-09-10T04:11:57.430802Z","level":"info","event":"======================================================================","logger":"task.stdout"}
{"timestamp":"2026-09-10T04:11:57.430909Z","level":"info","event":"Table: bronze.telemetry","logger":"task.stdout"}
{"timestamp":"2026-09-10T04:11:58.990170Z","level":"info","event":"","logger":"task.stdout"}
{"timestamp":"2026-09-10T04:11:58.990334Z","level":"info","event":"======================================================================","logger":"task.stdout"}
{"timestamp":"2026-09-10T04:11:58.990391Z","level":"info","event":"RAW TELEMETRY READ","logger":"task.stdout"}
{"timestamp":"2026-09-10T04:11:58.990439Z","level":"info","event":"======================================================================","logger":"task.stdout"}
{"timestamp":"2026-09-10T04:11:58.990483Z","level":"info","event":"s3://f1-raw/season=2026/event=italian-grand-prix/session=R/telemetry/driver=NOR/telemetry.parquet","logger":"task.stdout"}
{"timestamp":"2026-09-10T04:11:58.990528Z","level":"info","event":"Rows:    36,488","logger":"task.stdout"}
{"timestamp":"2026-09-10T04:11:58.990570Z","level":"info","event":"Columns: 26","logger":"task.stdout"}
{"timestamp":"2026-09-10T04:11:58.990611Z","level":"info","event":"","logger":"task.stdout"}
{"timestamp":"2026-09-10T04:11:58.990653Z","level":"info","event":"======================================================================","logger":"task.stdout"}
{"timestamp":"2026-09-10T04:11:58.990697Z","level":"info","event":"NORMALIZE TELEMETRY","logger":"task.stdout"}
{"timestamp":"2026-09-10T04:11:58.990739Z","level":"info","event":"======================================================================","logger":"task.stdout"}
{"timestamp":"2026-09-10T04:11:58.990781Z","level":"info","event":"Rows:    36,488","logger":"task.stdout"}
{"timestamp":"2026-09-10T04:11:58.990838Z","level":"info","event":"Columns: 28","logger":"task.stdout"}
{"timestamp":"2026-09-10T04:11:58.990880Z","level":"info","event":"","logger":"task.stdout"}
{"timestamp":"2026-09-10T04:11:58.990921Z","level":"info","event":"season: int32","logger":"task.stdout"}
{"timestamp":"2026-09-10T04:11:58.990964Z","level":"info","event":"event_name: string","logger":"task.stdout"}
{"timestamp":"2026-09-10T04:11:58.991004Z","level":"info","event":"event_slug: string","logger":"task.stdout"}
{"timestamp":"2026-09-10T04:11:58.991046Z","level":"info","event":"session_type: string","logger":"task.stdout"}
{"timestamp":"2026-09-10T04:11:58.991086Z","level":"info","event":"driver_code: string","logger":"task.stdout"}
{"timestamp":"2026-09-10T04:11:58.991125Z","level":"info","event":"driver_number: string","logger":"task.stdout"}
{"timestamp":"2026-09-10T04:11:58.991166Z","level":"info","event":"team_name: string","logger":"task.stdout"}
{"timestamp":"2026-09-10T04:11:58.991213Z","level":"info","event":"lap_number: int32","logger":"task.stdout"}
{"timestamp":"2026-09-10T04:11:58.991259Z","level":"info","event":"sample_timestamp_utc: timestamp[us, tz=UTC]","logger":"task.stdout"}
{"timestamp":"2026-09-10T04:11:58.991300Z","level":"info","event":"session_time_ms: int64","logger":"task.stdout"}
{"timestamp":"2026-09-10T04:11:58.991341Z","level":"info","event":"sample_time_ms: int64","logger":"task.stdout"}
{"timestamp":"2026-09-10T04:11:58.991382Z","level":"info","event":"rpm: double","logger":"task.stdout"}
{"timestamp":"2026-09-10T04:11:58.991424Z","level":"info","event":"speed_kph: double","logger":"task.stdout"}
{"timestamp":"2026-09-10T04:11:58.991465Z","level":"info","event":"gear: int32","logger":"task.stdout"}
{"timestamp":"2026-09-10T04:11:58.991506Z","level":"info","event":"throttle_pct: double","logger":"task.stdout"}
{"timestamp":"2026-09-10T04:11:58.991549Z","level":"info","event":"brake: bool","logger":"task.stdout"}
{"timestamp":"2026-09-10T04:11:58.991590Z","level":"info","event":"drs: int32","logger":"task.stdout"}
{"timestamp":"2026-09-10T04:11:58.991629Z","level":"info","event":"x: double","logger":"task.stdout"}
{"timestamp":"2026-09-10T04:11:58.991668Z","level":"info","event":"y: double","logger":"task.stdout"}
{"timestamp":"2026-09-10T04:11:58.991710Z","level":"info","event":"z: double","logger":"task.stdout"}
{"timestamp":"2026-09-10T04:11:58.991751Z","level":"info","event":"distance: double","logger":"task.stdout"}
{"timestamp":"2026-09-10T04:11:58.991791Z","level":"info","event":"relative_distance: double","logger":"task.stdout"}
{"timestamp":"2026-09-10T04:11:58.991838Z","level":"info","event":"driver_ahead: string","logger":"task.stdout"}
{"timestamp":"2026-09-10T04:11:58.991881Z","level":"info","event":"distance_to_driver_ahead: double","logger":"task.stdout"}
{"timestamp":"2026-09-10T04:11:58.991923Z","level":"info","event":"source: string","logger":"task.stdout"}
{"timestamp":"2026-09-10T04:11:58.991965Z","level":"info","event":"status: string","logger":"task.stdout"}
{"timestamp":"2026-09-10T04:11:58.992006Z","level":"info","event":"source_system: string","logger":"task.stdout"}
{"timestamp":"2026-09-10T04:11:58.992056Z","level":"info","event":"ingested_at: timestamp[us, tz=UTC]","logger":"task.stdout"}
{"timestamp":"2026-09-10T04:11:58.992136Z","level":"info","event":"-- schema metadata --","logger":"task.stdout"}
{"timestamp":"2026-09-10T04:11:58.992214Z","level":"info","event":"pandas: '{\"index_columns\": [], \"column_indexes\": [], \"columns\": [{\"name\":' + 3466","logger":"task.stdout"}
{"timestamp":"2026-09-10T04:11:58.992291Z","level":"info","event":"","logger":"task.stdout"}
{"timestamp":"2026-09-10T04:11:58.992374Z","level":"info","event":"======================================================================","logger":"task.stdout"}
{"timestamp":"2026-09-10T04:11:58.992461Z","level":"info","event":"ICEBERG WRITE","logger":"task.stdout"}
{"timestamp":"2026-09-10T04:11:58.992546Z","level":"info","event":"======================================================================","logger":"task.stdout"}
{"timestamp":"2026-09-10T04:11:58.992631Z","level":"info","event":"Writing 36,488 telemetry rows...","logger":"task.stdout"}
{"timestamp":"2026-09-10T04:11:58.992717Z","level":"info","event":"Iceberg commit successful.","logger":"task.stdout"}
{"timestamp":"2026-09-10T04:11:58.992801Z","level":"info","event":"","logger":"task.stdout"}
{"timestamp":"2026-09-10T04:11:58.992900Z","level":"info","event":"======================================================================","logger":"task.stdout"}
{"timestamp":"2026-09-10T04:11:58.992986Z","level":"info","event":"ICEBERG VALIDATION","logger":"task.stdout"}
{"timestamp":"2026-09-10T04:11:58.993033Z","level":"info","event":"======================================================================","logger":"task.stdout"}
{"timestamp":"2026-09-10T04:11:58.993077Z","level":"info","event":"Table: bronze.telemetry","logger":"task.stdout"}
{"timestamp":"2026-09-10T04:11:58.993118Z","level":"info","event":"Snapshot ID: 2312293116047612040","logger":"task.stdout"}
{"timestamp":"2026-09-10T04:11:58.993164Z","level":"info","event":"","logger":"task.stdout"}
{"timestamp":"2026-09-10T04:11:58.993209Z","level":"info","event":"Partition spec:","logger":"task.stdout"}
{"timestamp":"2026-09-10T04:11:58.993253Z","level":"info","event":"[","logger":"task.stdout"}
{"timestamp":"2026-09-10T04:11:58.993295Z","level":"info","event":"  1000: season: identity(1)","logger":"task.stdout"}
{"timestamp":"2026-09-10T04:11:58.993341Z","level":"info","event":"  1001: event_slug: identity(3)","logger":"task.stdout"}
{"timestamp":"2026-09-10T04:11:58.993386Z","level":"info","event":"  1002: session_type: identity(4)","logger":"task.stdout"}
{"timestamp":"2026-09-10T04:11:58.993431Z","level":"info","event":"  1003: driver_code: identity(5)","logger":"task.stdout"}
{"timestamp":"2026-09-10T04:11:58.993475Z","level":"info","event":"]","logger":"task.stdout"}
{"timestamp":"2026-09-10T04:11:58.993521Z","level":"info","event":"","logger":"task.stdout"}
{"timestamp":"2026-09-10T04:11:58.993567Z","level":"info","event":"Schema:","logger":"task.stdout"}
{"timestamp":"2026-09-10T04:11:58.993612Z","level":"info","event":"table {","logger":"task.stdout"}
{"timestamp":"2026-09-10T04:11:58.993656Z","level":"info","event":"  1: season: optional int","logger":"task.stdout"}
{"timestamp":"2026-09-10T04:11:58.993700Z","level":"info","event":"  2: event_name: optional string","logger":"task.stdout"}
{"timestamp":"2026-09-10T04:11:58.993745Z","level":"info","event":"  3: event_slug: optional string","logger":"task.stdout"}
{"timestamp":"2026-09-10T04:11:58.993790Z","level":"info","event":"  4: session_type: optional string","logger":"task.stdout"}
{"timestamp":"2026-09-10T04:11:58.993842Z","level":"info","event":"  5: driver_code: optional string","logger":"task.stdout"}
{"timestamp":"2026-09-10T04:11:58.993887Z","level":"info","event":"  6: driver_number: optional string","logger":"task.stdout"}
{"timestamp":"2026-09-10T04:11:58.993931Z","level":"info","event":"  7: team_name: optional string","logger":"task.stdout"}
{"timestamp":"2026-09-10T04:11:58.993975Z","level":"info","event":"  8: lap_number: optional int","logger":"task.stdout"}
{"timestamp":"2026-09-10T04:11:58.994019Z","level":"info","event":"  9: sample_timestamp_utc: optional timestamptz","logger":"task.stdout"}
{"timestamp":"2026-09-10T04:11:58.994066Z","level":"info","event":"  10: session_time_ms: optional long","logger":"task.stdout"}
{"timestamp":"2026-09-10T04:11:58.994113Z","level":"info","event":"  11: sample_time_ms: optional long","logger":"task.stdout"}
{"timestamp":"2026-09-10T04:11:58.994159Z","level":"info","event":"  12: rpm: optional double","logger":"task.stdout"}
{"timestamp":"2026-09-10T04:11:58.994206Z","level":"info","event":"  13: speed_kph: optional double","logger":"task.stdout"}
{"timestamp":"2026-09-10T04:11:58.994251Z","level":"info","event":"  14: gear: optional int","logger":"task.stdout"}
{"timestamp":"2026-09-10T04:11:58.994296Z","level":"info","event":"  15: throttle_pct: optional double","logger":"task.stdout"}
{"timestamp":"2026-09-10T04:11:58.994343Z","level":"info","event":"  16: brake: optional boolean","logger":"task.stdout"}
{"timestamp":"2026-09-10T04:11:58.994392Z","level":"info","event":"  17: drs: optional int","logger":"task.stdout"}
{"timestamp":"2026-09-10T04:11:58.994443Z","level":"info","event":"  18: x: optional double","logger":"task.stdout"}
{"timestamp":"2026-09-10T04:11:58.994492Z","level":"info","event":"  19: y: optional double","logger":"task.stdout"}
{"timestamp":"2026-09-10T04:11:58.994541Z","level":"info","event":"  20: z: optional double","logger":"task.stdout"}
{"timestamp":"2026-09-10T04:11:58.994591Z","level":"info","event":"  21: distance: optional double","logger":"task.stdout"}
{"timestamp":"2026-09-10T04:11:58.994641Z","level":"info","event":"  22: relative_distance: optional double","logger":"task.stdout"}
{"timestamp":"2026-09-10T04:11:58.994692Z","level":"info","event":"  23: driver_ahead: optional string","logger":"task.stdout"}
{"timestamp":"2026-09-10T04:11:58.994745Z","level":"info","event":"  24: distance_to_driver_ahead: optional double","logger":"task.stdout"}
{"timestamp":"2026-09-10T04:11:58.994797Z","level":"info","event":"  25: source: optional string","logger":"task.stdout"}
{"timestamp":"2026-09-10T04:11:58.994869Z","level":"info","event":"  26: status: optional string","logger":"task.stdout"}
{"timestamp":"2026-09-10T04:11:58.994923Z","level":"info","event":"  27: source_system: optional string","logger":"task.stdout"}
{"timestamp":"2026-09-10T04:11:58.994973Z","level":"info","event":"  28: ingested_at: optional timestamptz","logger":"task.stdout"}
{"timestamp":"2026-09-10T04:11:58.995024Z","level":"info","event":"}","logger":"task.stdout"}
{"timestamp":"2026-09-10T04:11:58.995077Z","level":"info","event":"","logger":"task.stdout"}
{"timestamp":"2026-09-10T04:11:58.995130Z","level":"info","event":"======================================================================","logger":"task.stdout"}
{"timestamp":"2026-09-10T04:11:58.995185Z","level":"info","event":"TELEMETRY PROMOTION COMPLETE","logger":"task.stdout"}
{"timestamp":"2026-09-10T04:11:58.995241Z","level":"info","event":"======================================================================","logger":"task.stdout"}
{"timestamp":"2026-09-10T04:11:58.995296Z","level":"info","event":"Table: bronze.telemetry","logger":"task.stdout"}
{"timestamp":"2026-09-10T04:12:00.547917Z","level":"info","event":"","logger":"task.stdout"}
{"timestamp":"2026-09-10T04:12:00.548204Z","level":"info","event":"======================================================================","logger":"task.stdout"}
{"timestamp":"2026-09-10T04:12:00.548324Z","level":"info","event":"RAW TELEMETRY READ","logger":"task.stdout"}
{"timestamp":"2026-09-10T04:12:00.548427Z","level":"info","event":"======================================================================","logger":"task.stdout"}
{"timestamp":"2026-09-10T04:12:00.548519Z","level":"info","event":"s3://f1-raw/season=2026/event=italian-grand-prix/session=R/telemetry/driver=PIA/telemetry.parquet","logger":"task.stdout"}
{"timestamp":"2026-09-10T04:12:00.548609Z","level":"info","event":"Rows:    36,465","logger":"task.stdout"}
{"timestamp":"2026-09-10T04:12:00.548694Z","level":"info","event":"Columns: 26","logger":"task.stdout"}
{"timestamp":"2026-09-10T04:12:00.548782Z","level":"info","event":"","logger":"task.stdout"}
{"timestamp":"2026-09-10T04:12:00.548883Z","level":"info","event":"======================================================================","logger":"task.stdout"}
{"timestamp":"2026-09-10T04:12:00.548971Z","level":"info","event":"NORMALIZE TELEMETRY","logger":"task.stdout"}
{"timestamp":"2026-09-10T04:12:00.549055Z","level":"info","event":"======================================================================","logger":"task.stdout"}
{"timestamp":"2026-09-10T04:12:00.549138Z","level":"info","event":"Rows:    36,465","logger":"task.stdout"}
{"timestamp":"2026-09-10T04:12:00.549220Z","level":"info","event":"Columns: 28","logger":"task.stdout"}
{"timestamp":"2026-09-10T04:12:00.549302Z","level":"info","event":"","logger":"task.stdout"}
{"timestamp":"2026-09-10T04:12:00.549388Z","level":"info","event":"season: int32","logger":"task.stdout"}
{"timestamp":"2026-09-10T04:12:00.549470Z","level":"info","event":"event_name: string","logger":"task.stdout"}
{"timestamp":"2026-09-10T04:12:00.549553Z","level":"info","event":"event_slug: string","logger":"task.stdout"}
{"timestamp":"2026-09-10T04:12:00.549633Z","level":"info","event":"session_type: string","logger":"task.stdout"}
{"timestamp":"2026-09-10T04:12:00.549714Z","level":"info","event":"driver_code: string","logger":"task.stdout"}
{"timestamp":"2026-09-10T04:12:00.549795Z","level":"info","event":"driver_number: string","logger":"task.stdout"}
{"timestamp":"2026-09-10T04:12:00.549882Z","level":"info","event":"team_name: string","logger":"task.stdout"}
{"timestamp":"2026-09-10T04:12:00.549966Z","level":"info","event":"lap_number: int32","logger":"task.stdout"}
{"timestamp":"2026-09-10T04:12:00.550069Z","level":"info","event":"sample_timestamp_utc: timestamp[us, tz=UTC]","logger":"task.stdout"}
{"timestamp":"2026-09-10T04:12:00.550167Z","level":"info","event":"session_time_ms: int64","logger":"task.stdout"}
{"timestamp":"2026-09-10T04:12:00.550248Z","level":"info","event":"sample_time_ms: int64","logger":"task.stdout"}
{"timestamp":"2026-09-10T04:12:00.550331Z","level":"info","event":"rpm: double","logger":"task.stdout"}
{"timestamp":"2026-09-10T04:12:00.550414Z","level":"info","event":"speed_kph: double","logger":"task.stdout"}
{"timestamp":"2026-09-10T04:12:00.550497Z","level":"info","event":"gear: int32","logger":"task.stdout"}
{"timestamp":"2026-09-10T04:12:00.550578Z","level":"info","event":"throttle_pct: double","logger":"task.stdout"}
{"timestamp":"2026-09-10T04:12:00.550658Z","level":"info","event":"brake: bool","logger":"task.stdout"}
{"timestamp":"2026-09-10T04:12:00.550740Z","level":"info","event":"drs: int32","logger":"task.stdout"}
{"timestamp":"2026-09-10T04:12:00.550820Z","level":"info","event":"x: double","logger":"task.stdout"}
{"timestamp":"2026-09-10T04:12:00.550917Z","level":"info","event":"y: double","logger":"task.stdout"}
{"timestamp":"2026-09-10T04:12:00.550997Z","level":"info","event":"z: double","logger":"task.stdout"}
{"timestamp":"2026-09-10T04:12:00.551076Z","level":"info","event":"distance: double","logger":"task.stdout"}
{"timestamp":"2026-09-10T04:12:00.551156Z","level":"info","event":"relative_distance: double","logger":"task.stdout"}
{"timestamp":"2026-09-10T04:12:00.551238Z","level":"info","event":"driver_ahead: string","logger":"task.stdout"}
{"timestamp":"2026-09-10T04:12:00.551319Z","level":"info","event":"distance_to_driver_ahead: double","logger":"task.stdout"}
{"timestamp":"2026-09-10T04:12:00.551402Z","level":"info","event":"source: string","logger":"task.stdout"}
{"timestamp":"2026-09-10T04:12:00.551484Z","level":"info","event":"status: string","logger":"task.stdout"}
{"timestamp":"2026-09-10T04:12:00.551564Z","level":"info","event":"source_system: string","logger":"task.stdout"}
{"timestamp":"2026-09-10T04:12:00.551643Z","level":"info","event":"ingested_at: timestamp[us, tz=UTC]","logger":"task.stdout"}
{"timestamp":"2026-09-10T04:12:00.551726Z","level":"info","event":"-- schema metadata --","logger":"task.stdout"}
{"timestamp":"2026-09-10T04:12:00.551807Z","level":"info","event":"pandas: '{\"index_columns\": [], \"column_indexes\": [], \"columns\": [{\"name\":' + 3466","logger":"task.stdout"}
{"timestamp":"2026-09-10T04:12:00.551903Z","level":"info","event":"","logger":"task.stdout"}
{"timestamp":"2026-09-10T04:12:00.551987Z","level":"info","event":"======================================================================","logger":"task.stdout"}
{"timestamp":"2026-09-10T04:12:00.552070Z","level":"info","event":"ICEBERG WRITE","logger":"task.stdout"}
{"timestamp":"2026-09-10T04:12:00.552150Z","level":"info","event":"======================================================================","logger":"task.stdout"}
{"timestamp":"2026-09-10T04:12:00.552232Z","level":"info","event":"Writing 36,465 telemetry rows...","logger":"task.stdout"}
{"timestamp":"2026-09-10T04:12:00.552315Z","level":"info","event":"Iceberg commit successful.","logger":"task.stdout"}
{"timestamp":"2026-09-10T04:12:00.552429Z","level":"info","event":"","logger":"task.stdout"}
{"timestamp":"2026-09-10T04:12:00.552534Z","level":"info","event":"======================================================================","logger":"task.stdout"}
{"timestamp":"2026-09-10T04:12:00.552618Z","level":"info","event":"ICEBERG VALIDATION","logger":"task.stdout"}
{"timestamp":"2026-09-10T04:12:00.552701Z","level":"info","event":"======================================================================","logger":"task.stdout"}
{"timestamp":"2026-09-10T04:12:00.552782Z","level":"info","event":"Table: bronze.telemetry","logger":"task.stdout"}
{"timestamp":"2026-09-10T04:12:00.552870Z","level":"info","event":"Snapshot ID: 7030596066488725363","logger":"task.stdout"}
{"timestamp":"2026-09-10T04:12:00.552953Z","level":"info","event":"","logger":"task.stdout"}
{"timestamp":"2026-09-10T04:12:00.553044Z","level":"info","event":"Partition spec:","logger":"task.stdout"}
{"timestamp":"2026-09-10T04:12:00.553138Z","level":"info","event":"[","logger":"task.stdout"}
{"timestamp":"2026-09-10T04:12:00.553226Z","level":"info","event":"  1000: season: identity(1)","logger":"task.stdout"}
{"timestamp":"2026-09-10T04:12:00.553317Z","level":"info","event":"  1001: event_slug: identity(3)","logger":"task.stdout"}
{"timestamp":"2026-09-10T04:12:00.553404Z","level":"info","event":"  1002: session_type: identity(4)","logger":"task.stdout"}
{"timestamp":"2026-09-10T04:12:00.553490Z","level":"info","event":"  1003: driver_code: identity(5)","logger":"task.stdout"}
{"timestamp":"2026-09-10T04:12:00.553577Z","level":"info","event":"]","logger":"task.stdout"}
{"timestamp":"2026-09-10T04:12:00.553667Z","level":"info","event":"","logger":"task.stdout"}
{"timestamp":"2026-09-10T04:12:00.553755Z","level":"info","event":"Schema:","logger":"task.stdout"}
{"timestamp":"2026-09-10T04:12:00.553850Z","level":"info","event":"table {","logger":"task.stdout"}
{"timestamp":"2026-09-10T04:12:00.553937Z","level":"info","event":"  1: season: optional int","logger":"task.stdout"}
{"timestamp":"2026-09-10T04:12:00.554035Z","level":"info","event":"  2: event_name: optional string","logger":"task.stdout"}
{"timestamp":"2026-09-10T04:12:00.554125Z","level":"info","event":"  3: event_slug: optional string","logger":"task.stdout"}
{"timestamp":"2026-09-10T04:12:00.554212Z","level":"info","event":"  4: session_type: optional string","logger":"task.stdout"}
{"timestamp":"2026-09-10T04:12:00.554299Z","level":"info","event":"  5: driver_code: optional string","logger":"task.stdout"}
{"timestamp":"2026-09-10T04:12:00.554383Z","level":"info","event":"  6: driver_number: optional string","logger":"task.stdout"}
{"timestamp":"2026-09-10T04:12:00.554469Z","level":"info","event":"  7: team_name: optional string","logger":"task.stdout"}
{"timestamp":"2026-09-10T04:12:00.554555Z","level":"info","event":"  8: lap_number: optional int","logger":"task.stdout"}
{"timestamp":"2026-09-10T04:12:00.554642Z","level":"info","event":"  9: sample_timestamp_utc: optional timestamptz","logger":"task.stdout"}
{"timestamp":"2026-09-10T04:12:00.554732Z","level":"info","event":"  10: session_time_ms: optional long","logger":"task.stdout"}
{"timestamp":"2026-09-10T04:12:00.554818Z","level":"info","event":"  11: sample_time_ms: optional long","logger":"task.stdout"}
{"timestamp":"2026-09-10T04:12:00.554911Z","level":"info","event":"  12: rpm: optional double","logger":"task.stdout"}
{"timestamp":"2026-09-10T04:12:00.554999Z","level":"info","event":"  13: speed_kph: optional double","logger":"task.stdout"}
{"timestamp":"2026-09-10T04:12:00.555085Z","level":"info","event":"  14: gear: optional int","logger":"task.stdout"}
{"timestamp":"2026-09-10T04:12:00.555170Z","level":"info","event":"  15: throttle_pct: optional double","logger":"task.stdout"}
{"timestamp":"2026-09-10T04:12:00.555251Z","level":"info","event":"  16: brake: optional boolean","logger":"task.stdout"}
{"timestamp":"2026-09-10T04:12:00.555335Z","level":"info","event":"  17: drs: optional int","logger":"task.stdout"}
{"timestamp":"2026-09-10T04:12:00.555418Z","level":"info","event":"  18: x: optional double","logger":"task.stdout"}
{"timestamp":"2026-09-10T04:12:00.555501Z","level":"info","event":"  19: y: optional double","logger":"task.stdout"}
{"timestamp":"2026-09-10T04:12:00.555583Z","level":"info","event":"  20: z: optional double","logger":"task.stdout"}
{"timestamp":"2026-09-10T04:12:00.555668Z","level":"info","event":"  21: distance: optional double","logger":"task.stdout"}
{"timestamp":"2026-09-10T04:12:00.555753Z","level":"info","event":"  22: relative_distance: optional double","logger":"task.stdout"}
{"timestamp":"2026-09-10T04:12:00.555843Z","level":"info","event":"  23: driver_ahead: optional string","logger":"task.stdout"}
{"timestamp":"2026-09-10T04:12:00.555926Z","level":"info","event":"  24: distance_to_driver_ahead: optional double","logger":"task.stdout"}
{"timestamp":"2026-09-10T04:12:00.556023Z","level":"info","event":"  25: source: optional string","logger":"task.stdout"}
{"timestamp":"2026-09-10T04:12:00.556106Z","level":"info","event":"  26: status: optional string","logger":"task.stdout"}
{"timestamp":"2026-09-10T04:12:00.556187Z","level":"info","event":"  27: source_system: optional string","logger":"task.stdout"}
{"timestamp":"2026-09-10T04:12:00.556269Z","level":"info","event":"  28: ingested_at: optional timestamptz","logger":"task.stdout"}
{"timestamp":"2026-09-10T04:12:00.556349Z","level":"info","event":"}","logger":"task.stdout"}
{"timestamp":"2026-09-10T04:12:00.556430Z","level":"info","event":"","logger":"task.stdout"}
{"timestamp":"2026-09-10T04:12:00.556508Z","level":"info","event":"======================================================================","logger":"task.stdout"}
{"timestamp":"2026-09-10T04:12:00.556587Z","level":"info","event":"TELEMETRY PROMOTION COMPLETE","logger":"task.stdout"}
{"timestamp":"2026-09-10T04:12:00.556669Z","level":"info","event":"======================================================================","logger":"task.stdout"}
{"timestamp":"2026-09-10T04:12:00.556749Z","level":"info","event":"Table: bronze.telemetry","logger":"task.stdout"}
{"timestamp":"2026-09-10T04:12:02.289910Z","level":"info","event":"","logger":"task.stdout"}
{"timestamp":"2026-09-10T04:12:02.290189Z","level":"info","event":"======================================================================","logger":"task.stdout"}
{"timestamp":"2026-09-10T04:12:02.290312Z","level":"info","event":"RAW TELEMETRY READ","logger":"task.stdout"}
{"timestamp":"2026-09-10T04:12:02.290417Z","level":"info","event":"======================================================================","logger":"task.stdout"}
{"timestamp":"2026-09-10T04:12:02.290506Z","level":"info","event":"s3://f1-raw/season=2026/event=italian-grand-prix/session=R/telemetry/driver=HAM/telemetry.parquet","logger":"task.stdout"}
{"timestamp":"2026-09-10T04:12:02.290596Z","level":"info","event":"Rows:    36,557","logger":"task.stdout"}
{"timestamp":"2026-09-10T04:12:02.290683Z","level":"info","event":"Columns: 26","logger":"task.stdout"}
{"timestamp":"2026-09-10T04:12:02.290770Z","level":"info","event":"","logger":"task.stdout"}
{"timestamp":"2026-09-10T04:12:02.290889Z","level":"info","event":"======================================================================","logger":"task.stdout"}
{"timestamp":"2026-09-10T04:12:02.290980Z","level":"info","event":"NORMALIZE TELEMETRY","logger":"task.stdout"}
{"timestamp":"2026-09-10T04:12:02.291065Z","level":"info","event":"======================================================================","logger":"task.stdout"}
{"timestamp":"2026-09-10T04:12:02.291150Z","level":"info","event":"Rows:    36,557","logger":"task.stdout"}
{"timestamp":"2026-09-10T04:12:02.291237Z","level":"info","event":"Columns: 28","logger":"task.stdout"}
{"timestamp":"2026-09-10T04:12:02.291321Z","level":"info","event":"","logger":"task.stdout"}
{"timestamp":"2026-09-10T04:12:02.291407Z","level":"info","event":"season: int32","logger":"task.stdout"}
{"timestamp":"2026-09-10T04:12:02.291492Z","level":"info","event":"event_name: string","logger":"task.stdout"}
{"timestamp":"2026-09-10T04:12:02.291575Z","level":"info","event":"event_slug: string","logger":"task.stdout"}
{"timestamp":"2026-09-10T04:12:02.291657Z","level":"info","event":"session_type: string","logger":"task.stdout"}
{"timestamp":"2026-09-10T04:12:02.291741Z","level":"info","event":"driver_code: string","logger":"task.stdout"}
{"timestamp":"2026-09-10T04:12:02.291822Z","level":"info","event":"driver_number: string","logger":"task.stdout"}
{"timestamp":"2026-09-10T04:12:02.291911Z","level":"info","event":"team_name: string","logger":"task.stdout"}
{"timestamp":"2026-09-10T04:12:02.291991Z","level":"info","event":"lap_number: int32","logger":"task.stdout"}
{"timestamp":"2026-09-10T04:12:02.292073Z","level":"info","event":"sample_timestamp_utc: timestamp[us, tz=UTC]","logger":"task.stdout"}
{"timestamp":"2026-09-10T04:12:02.292172Z","level":"info","event":"session_time_ms: int64","logger":"task.stdout"}
{"timestamp":"2026-09-10T04:12:02.292267Z","level":"info","event":"sample_time_ms: int64","logger":"task.stdout"}
{"timestamp":"2026-09-10T04:12:02.292350Z","level":"info","event":"rpm: double","logger":"task.stdout"}
{"timestamp":"2026-09-10T04:12:02.292431Z","level":"info","event":"speed_kph: double","logger":"task.stdout"}
{"timestamp":"2026-09-10T04:12:02.292514Z","level":"info","event":"gear: int32","logger":"task.stdout"}
{"timestamp":"2026-09-10T04:12:02.292597Z","level":"info","event":"throttle_pct: double","logger":"task.stdout"}
{"timestamp":"2026-09-10T04:12:02.292678Z","level":"info","event":"brake: bool","logger":"task.stdout"}
{"timestamp":"2026-09-10T04:12:02.292758Z","level":"info","event":"drs: int32","logger":"task.stdout"}
{"timestamp":"2026-09-10T04:12:02.292847Z","level":"info","event":"x: double","logger":"task.stdout"}
{"timestamp":"2026-09-10T04:12:02.292934Z","level":"info","event":"y: double","logger":"task.stdout"}
{"timestamp":"2026-09-10T04:12:02.293014Z","level":"info","event":"z: double","logger":"task.stdout"}
{"timestamp":"2026-09-10T04:12:02.293098Z","level":"info","event":"distance: double","logger":"task.stdout"}
{"timestamp":"2026-09-10T04:12:02.293183Z","level":"info","event":"relative_distance: double","logger":"task.stdout"}
{"timestamp":"2026-09-10T04:12:02.293271Z","level":"info","event":"driver_ahead: string","logger":"task.stdout"}
{"timestamp":"2026-09-10T04:12:02.293357Z","level":"info","event":"distance_to_driver_ahead: double","logger":"task.stdout"}
{"timestamp":"2026-09-10T04:12:02.293447Z","level":"info","event":"source: string","logger":"task.stdout"}
{"timestamp":"2026-09-10T04:12:02.293534Z","level":"info","event":"status: string","logger":"task.stdout"}
{"timestamp":"2026-09-10T04:12:02.293617Z","level":"info","event":"source_system: string","logger":"task.stdout"}
{"timestamp":"2026-09-10T04:12:02.293701Z","level":"info","event":"ingested_at: timestamp[us, tz=UTC]","logger":"task.stdout"}
{"timestamp":"2026-09-10T04:12:02.293790Z","level":"info","event":"-- schema metadata --","logger":"task.stdout"}
{"timestamp":"2026-09-10T04:12:02.293884Z","level":"info","event":"pandas: '{\"index_columns\": [], \"column_indexes\": [], \"columns\": [{\"name\":' + 3466","logger":"task.stdout"}
{"timestamp":"2026-09-10T04:12:02.293973Z","level":"info","event":"","logger":"task.stdout"}
{"timestamp":"2026-09-10T04:12:02.294064Z","level":"info","event":"======================================================================","logger":"task.stdout"}
{"timestamp":"2026-09-10T04:12:02.294153Z","level":"info","event":"ICEBERG WRITE","logger":"task.stdout"}
{"timestamp":"2026-09-10T04:12:02.294240Z","level":"info","event":"======================================================================","logger":"task.stdout"}
{"timestamp":"2026-09-10T04:12:02.294325Z","level":"info","event":"Writing 36,557 telemetry rows...","logger":"task.stdout"}
{"timestamp":"2026-09-10T04:12:02.294413Z","level":"info","event":"Iceberg commit successful.","logger":"task.stdout"}
{"timestamp":"2026-09-10T04:12:02.294497Z","level":"info","event":"","logger":"task.stdout"}
{"timestamp":"2026-09-10T04:12:02.294584Z","level":"info","event":"======================================================================","logger":"task.stdout"}
{"timestamp":"2026-09-10T04:12:02.294669Z","level":"info","event":"ICEBERG VALIDATION","logger":"task.stdout"}
{"timestamp":"2026-09-10T04:12:02.294753Z","level":"info","event":"======================================================================","logger":"task.stdout"}
{"timestamp":"2026-09-10T04:12:02.294846Z","level":"info","event":"Table: bronze.telemetry","logger":"task.stdout"}
{"timestamp":"2026-09-10T04:12:02.294931Z","level":"info","event":"Snapshot ID: 6655880043567717786","logger":"task.stdout"}
{"timestamp":"2026-09-10T04:12:02.295017Z","level":"info","event":"","logger":"task.stdout"}
{"timestamp":"2026-09-10T04:12:02.295104Z","level":"info","event":"Partition spec:","logger":"task.stdout"}
{"timestamp":"2026-09-10T04:12:02.295198Z","level":"info","event":"[","logger":"task.stdout"}
{"timestamp":"2026-09-10T04:12:02.295290Z","level":"info","event":"  1000: season: identity(1)","logger":"task.stdout"}
{"timestamp":"2026-09-10T04:12:02.295379Z","level":"info","event":"  1001: event_slug: identity(3)","logger":"task.stdout"}
{"timestamp":"2026-09-10T04:12:02.295467Z","level":"info","event":"  1002: session_type: identity(4)","logger":"task.stdout"}
{"timestamp":"2026-09-10T04:12:02.295553Z","level":"info","event":"  1003: driver_code: identity(5)","logger":"task.stdout"}
{"timestamp":"2026-09-10T04:12:02.295638Z","level":"info","event":"]","logger":"task.stdout"}
{"timestamp":"2026-09-10T04:12:02.295727Z","level":"info","event":"","logger":"task.stdout"}
{"timestamp":"2026-09-10T04:12:02.295815Z","level":"info","event":"Schema:","logger":"task.stdout"}
{"timestamp":"2026-09-10T04:12:02.295909Z","level":"info","event":"table {","logger":"task.stdout"}
{"timestamp":"2026-09-10T04:12:02.295994Z","level":"info","event":"  1: season: optional int","logger":"task.stdout"}
{"timestamp":"2026-09-10T04:12:02.296079Z","level":"info","event":"  2: event_name: optional string","logger":"task.stdout"}
{"timestamp":"2026-09-10T04:12:02.296164Z","level":"info","event":"  3: event_slug: optional string","logger":"task.stdout"}
{"timestamp":"2026-09-10T04:12:02.296251Z","level":"info","event":"  4: session_type: optional string","logger":"task.stdout"}
{"timestamp":"2026-09-10T04:12:02.296335Z","level":"info","event":"  5: driver_code: optional string","logger":"task.stdout"}
{"timestamp":"2026-09-10T04:12:02.296426Z","level":"info","event":"  6: driver_number: optional string","logger":"task.stdout"}
{"timestamp":"2026-09-10T04:12:02.296510Z","level":"info","event":"  7: team_name: optional string","logger":"task.stdout"}
{"timestamp":"2026-09-10T04:12:02.296594Z","level":"info","event":"  8: lap_number: optional int","logger":"task.stdout"}
{"timestamp":"2026-09-10T04:12:02.296678Z","level":"info","event":"  9: sample_timestamp_utc: optional timestamptz","logger":"task.stdout"}
{"timestamp":"2026-09-10T04:12:02.296765Z","level":"info","event":"  10: session_time_ms: optional long","logger":"task.stdout"}
{"timestamp":"2026-09-10T04:12:02.296859Z","level":"info","event":"  11: sample_time_ms: optional long","logger":"task.stdout"}
{"timestamp":"2026-09-10T04:12:02.296948Z","level":"info","event":"  12: rpm: optional double","logger":"task.stdout"}
{"timestamp":"2026-09-10T04:12:02.297041Z","level":"info","event":"  13: speed_kph: optional double","logger":"task.stdout"}
{"timestamp":"2026-09-10T04:12:02.297131Z","level":"info","event":"  14: gear: optional int","logger":"task.stdout"}
{"timestamp":"2026-09-10T04:12:02.297221Z","level":"info","event":"  15: throttle_pct: optional double","logger":"task.stdout"}
{"timestamp":"2026-09-10T04:12:02.297314Z","level":"info","event":"  16: brake: optional boolean","logger":"task.stdout"}
{"timestamp":"2026-09-10T04:12:02.297408Z","level":"info","event":"  17: drs: optional int","logger":"task.stdout"}
{"timestamp":"2026-09-10T04:12:02.297502Z","level":"info","event":"  18: x: optional double","logger":"task.stdout"}
{"timestamp":"2026-09-10T04:12:02.297593Z","level":"info","event":"  19: y: optional double","logger":"task.stdout"}
{"timestamp":"2026-09-10T04:12:02.297681Z","level":"info","event":"  20: z: optional double","logger":"task.stdout"}
{"timestamp":"2026-09-10T04:12:02.297771Z","level":"info","event":"  21: distance: optional double","logger":"task.stdout"}
{"timestamp":"2026-09-10T04:12:02.297871Z","level":"info","event":"  22: relative_distance: optional double","logger":"task.stdout"}
{"timestamp":"2026-09-10T04:12:02.297966Z","level":"info","event":"  23: driver_ahead: optional string","logger":"task.stdout"}
{"timestamp":"2026-09-10T04:12:02.298057Z","level":"info","event":"  24: distance_to_driver_ahead: optional double","logger":"task.stdout"}
{"timestamp":"2026-09-10T04:12:02.298151Z","level":"info","event":"  25: source: optional string","logger":"task.stdout"}
{"timestamp":"2026-09-10T04:12:02.298248Z","level":"info","event":"  26: status: optional string","logger":"task.stdout"}
{"timestamp":"2026-09-10T04:12:02.298342Z","level":"info","event":"  27: source_system: optional string","logger":"task.stdout"}
{"timestamp":"2026-09-10T04:12:02.298433Z","level":"info","event":"  28: ingested_at: optional timestamptz","logger":"task.stdout"}
{"timestamp":"2026-09-10T04:12:02.298526Z","level":"info","event":"}","logger":"task.stdout"}
{"timestamp":"2026-09-10T04:12:02.298624Z","level":"info","event":"","logger":"task.stdout"}
{"timestamp":"2026-09-10T04:12:02.298718Z","level":"info","event":"======================================================================","logger":"task.stdout"}
{"timestamp":"2026-09-10T04:12:02.298815Z","level":"info","event":"TELEMETRY PROMOTION COMPLETE","logger":"task.stdout"}
{"timestamp":"2026-09-10T04:12:02.298917Z","level":"info","event":"======================================================================","logger":"task.stdout"}
{"timestamp":"2026-09-10T04:12:02.299017Z","level":"info","event":"Table: bronze.telemetry","logger":"task.stdout"}
{"timestamp":"2026-09-10T04:12:03.918489Z","level":"info","event":"","logger":"task.stdout"}
{"timestamp":"2026-09-10T04:12:03.919193Z","level":"info","event":"======================================================================","logger":"task.stdout"}
{"timestamp":"2026-09-10T04:12:03.919467Z","level":"info","event":"RAW TELEMETRY READ","logger":"task.stdout"}
{"timestamp":"2026-09-10T04:12:03.919708Z","level":"info","event":"======================================================================","logger":"task.stdout"}
{"timestamp":"2026-09-10T04:12:03.919972Z","level":"info","event":"s3://f1-raw/season=2026/event=italian-grand-prix/session=R/telemetry/driver=GAS/telemetry.parquet","logger":"task.stdout"}
{"timestamp":"2026-09-10T04:12:03.920187Z","level":"info","event":"Rows:    36,432","logger":"task.stdout"}
{"timestamp":"2026-09-10T04:12:03.920385Z","level":"info","event":"Columns: 26","logger":"task.stdout"}
{"timestamp":"2026-09-10T04:12:03.920577Z","level":"info","event":"","logger":"task.stdout"}
{"timestamp":"2026-09-10T04:12:03.920774Z","level":"info","event":"======================================================================","logger":"task.stdout"}
{"timestamp":"2026-09-10T04:12:03.920981Z","level":"info","event":"NORMALIZE TELEMETRY","logger":"task.stdout"}
{"timestamp":"2026-09-10T04:12:03.921165Z","level":"info","event":"======================================================================","logger":"task.stdout"}
{"timestamp":"2026-09-10T04:12:03.921348Z","level":"info","event":"Rows:    36,432","logger":"task.stdout"}
{"timestamp":"2026-09-10T04:12:03.921532Z","level":"info","event":"Columns: 28","logger":"task.stdout"}
{"timestamp":"2026-09-10T04:12:03.921716Z","level":"info","event":"","logger":"task.stdout"}
{"timestamp":"2026-09-10T04:12:03.921916Z","level":"info","event":"season: int32","logger":"task.stdout"}
{"timestamp":"2026-09-10T04:12:03.922319Z","level":"info","event":"event_name: string","logger":"task.stdout"}
{"timestamp":"2026-09-10T04:12:03.922439Z","level":"info","event":"event_slug: string","logger":"task.stdout"}
{"timestamp":"2026-09-10T04:12:03.922532Z","level":"info","event":"session_type: string","logger":"task.stdout"}
{"timestamp":"2026-09-10T04:12:03.922620Z","level":"info","event":"driver_code: string","logger":"task.stdout"}
{"timestamp":"2026-09-10T04:12:03.922709Z","level":"info","event":"driver_number: string","logger":"task.stdout"}
{"timestamp":"2026-09-10T04:12:03.922795Z","level":"info","event":"team_name: string","logger":"task.stdout"}
{"timestamp":"2026-09-10T04:12:03.922893Z","level":"info","event":"lap_number: int32","logger":"task.stdout"}
{"timestamp":"2026-09-10T04:12:03.922976Z","level":"info","event":"sample_timestamp_utc: timestamp[us, tz=UTC]","logger":"task.stdout"}
{"timestamp":"2026-09-10T04:12:03.923065Z","level":"info","event":"session_time_ms: int64","logger":"task.stdout"}
{"timestamp":"2026-09-10T04:12:03.923152Z","level":"info","event":"sample_time_ms: int64","logger":"task.stdout"}
{"timestamp":"2026-09-10T04:12:03.923249Z","level":"info","event":"rpm: double","logger":"task.stdout"}
{"timestamp":"2026-09-10T04:12:03.923346Z","level":"info","event":"speed_kph: double","logger":"task.stdout"}
{"timestamp":"2026-09-10T04:12:03.923431Z","level":"info","event":"gear: int32","logger":"task.stdout"}
{"timestamp":"2026-09-10T04:12:03.923516Z","level":"info","event":"throttle_pct: double","logger":"task.stdout"}
{"timestamp":"2026-09-10T04:12:03.923601Z","level":"info","event":"brake: bool","logger":"task.stdout"}
{"timestamp":"2026-09-10T04:12:03.923685Z","level":"info","event":"drs: int32","logger":"task.stdout"}
{"timestamp":"2026-09-10T04:12:03.923769Z","level":"info","event":"x: double","logger":"task.stdout"}
{"timestamp":"2026-09-10T04:12:03.923867Z","level":"info","event":"y: double","logger":"task.stdout"}
{"timestamp":"2026-09-10T04:12:03.923953Z","level":"info","event":"z: double","logger":"task.stdout"}
{"timestamp":"2026-09-10T04:12:03.924035Z","level":"info","event":"distance: double","logger":"task.stdout"}
{"timestamp":"2026-09-10T04:12:03.924117Z","level":"info","event":"relative_distance: double","logger":"task.stdout"}
{"timestamp":"2026-09-10T04:12:03.924205Z","level":"info","event":"driver_ahead: string","logger":"task.stdout"}
{"timestamp":"2026-09-10T04:12:03.924291Z","level":"info","event":"distance_to_driver_ahead: double","logger":"task.stdout"}
{"timestamp":"2026-09-10T04:12:03.924381Z","level":"info","event":"source: string","logger":"task.stdout"}
{"timestamp":"2026-09-10T04:12:03.924468Z","level":"info","event":"status: string","logger":"task.stdout"}
{"timestamp":"2026-09-10T04:12:03.924556Z","level":"info","event":"source_system: string","logger":"task.stdout"}
{"timestamp":"2026-09-10T04:12:03.924644Z","level":"info","event":"ingested_at: timestamp[us, tz=UTC]","logger":"task.stdout"}
{"timestamp":"2026-09-10T04:12:03.924731Z","level":"info","event":"-- schema metadata --","logger":"task.stdout"}
{"timestamp":"2026-09-10T04:12:03.924818Z","level":"info","event":"pandas: '{\"index_columns\": [], \"column_indexes\": [], \"columns\": [{\"name\":' + 3466","logger":"task.stdout"}
{"timestamp":"2026-09-10T04:12:03.924916Z","level":"info","event":"","logger":"task.stdout"}
{"timestamp":"2026-09-10T04:12:03.925012Z","level":"info","event":"======================================================================","logger":"task.stdout"}
{"timestamp":"2026-09-10T04:12:03.925107Z","level":"info","event":"ICEBERG WRITE","logger":"task.stdout"}
{"timestamp":"2026-09-10T04:12:03.925200Z","level":"info","event":"======================================================================","logger":"task.stdout"}
{"timestamp":"2026-09-10T04:12:03.925291Z","level":"info","event":"Writing 36,432 telemetry rows...","logger":"task.stdout"}
{"timestamp":"2026-09-10T04:12:03.925381Z","level":"info","event":"Iceberg commit successful.","logger":"task.stdout"}
{"timestamp":"2026-09-10T04:12:03.925469Z","level":"info","event":"","logger":"task.stdout"}
{"timestamp":"2026-09-10T04:12:03.925562Z","level":"info","event":"======================================================================","logger":"task.stdout"}
{"timestamp":"2026-09-10T04:12:03.925652Z","level":"info","event":"ICEBERG VALIDATION","logger":"task.stdout"}
{"timestamp":"2026-09-10T04:12:03.925741Z","level":"info","event":"======================================================================","logger":"task.stdout"}
{"timestamp":"2026-09-10T04:12:03.925834Z","level":"info","event":"Table: bronze.telemetry","logger":"task.stdout"}
{"timestamp":"2026-09-10T04:12:03.925926Z","level":"info","event":"Snapshot ID: 5435856819845782505","logger":"task.stdout"}
{"timestamp":"2026-09-10T04:12:03.926019Z","level":"info","event":"","logger":"task.stdout"}
{"timestamp":"2026-09-10T04:12:03.926108Z","level":"info","event":"Partition spec:","logger":"task.stdout"}
{"timestamp":"2026-09-10T04:12:03.926199Z","level":"info","event":"[","logger":"task.stdout"}
{"timestamp":"2026-09-10T04:12:03.926290Z","level":"info","event":"  1000: season: identity(1)","logger":"task.stdout"}
{"timestamp":"2026-09-10T04:12:03.926388Z","level":"info","event":"  1001: event_slug: identity(3)","logger":"task.stdout"}
{"timestamp":"2026-09-10T04:12:03.926484Z","level":"info","event":"  1002: session_type: identity(4)","logger":"task.stdout"}
{"timestamp":"2026-09-10T04:12:03.926574Z","level":"info","event":"  1003: driver_code: identity(5)","logger":"task.stdout"}
{"timestamp":"2026-09-10T04:12:03.926665Z","level":"info","event":"]","logger":"task.stdout"}
{"timestamp":"2026-09-10T04:12:03.926762Z","level":"info","event":"","logger":"task.stdout"}
{"timestamp":"2026-09-10T04:12:03.926860Z","level":"info","event":"Schema:","logger":"task.stdout"}
{"timestamp":"2026-09-10T04:12:03.926950Z","level":"info","event":"table {","logger":"task.stdout"}
{"timestamp":"2026-09-10T04:12:03.927039Z","level":"info","event":"  1: season: optional int","logger":"task.stdout"}
{"timestamp":"2026-09-10T04:12:03.927130Z","level":"info","event":"  2: event_name: optional string","logger":"task.stdout"}
{"timestamp":"2026-09-10T04:12:03.927220Z","level":"info","event":"  3: event_slug: optional string","logger":"task.stdout"}
{"timestamp":"2026-09-10T04:12:03.927309Z","level":"info","event":"  4: session_type: optional string","logger":"task.stdout"}
{"timestamp":"2026-09-10T04:12:03.927398Z","level":"info","event":"  5: driver_code: optional string","logger":"task.stdout"}
{"timestamp":"2026-09-10T04:12:03.927486Z","level":"info","event":"  6: driver_number: optional string","logger":"task.stdout"}
{"timestamp":"2026-09-10T04:12:03.927572Z","level":"info","event":"  7: team_name: optional string","logger":"task.stdout"}
{"timestamp":"2026-09-10T04:12:03.927659Z","level":"info","event":"  8: lap_number: optional int","logger":"task.stdout"}
{"timestamp":"2026-09-10T04:12:03.927750Z","level":"info","event":"  9: sample_timestamp_utc: optional timestamptz","logger":"task.stdout"}
{"timestamp":"2026-09-10T04:12:03.927856Z","level":"info","event":"  10: session_time_ms: optional long","logger":"task.stdout"}
{"timestamp":"2026-09-10T04:12:03.927952Z","level":"info","event":"  11: sample_time_ms: optional long","logger":"task.stdout"}
{"timestamp":"2026-09-10T04:12:03.928055Z","level":"info","event":"  12: rpm: optional double","logger":"task.stdout"}
{"timestamp":"2026-09-10T04:12:03.928155Z","level":"info","event":"  13: speed_kph: optional double","logger":"task.stdout"}
{"timestamp":"2026-09-10T04:12:03.928247Z","level":"info","event":"  14: gear: optional int","logger":"task.stdout"}
{"timestamp":"2026-09-10T04:12:03.928339Z","level":"info","event":"  15: throttle_pct: optional double","logger":"task.stdout"}
{"timestamp":"2026-09-10T04:12:03.928432Z","level":"info","event":"  16: brake: optional boolean","logger":"task.stdout"}
{"timestamp":"2026-09-10T04:12:03.928523Z","level":"info","event":"  17: drs: optional int","logger":"task.stdout"}
{"timestamp":"2026-09-10T04:12:03.928618Z","level":"info","event":"  18: x: optional double","logger":"task.stdout"}
{"timestamp":"2026-09-10T04:12:03.928710Z","level":"info","event":"  19: y: optional double","logger":"task.stdout"}
{"timestamp":"2026-09-10T04:12:03.928806Z","level":"info","event":"  20: z: optional double","logger":"task.stdout"}
{"timestamp":"2026-09-10T04:12:03.928954Z","level":"info","event":"  21: distance: optional double","logger":"task.stdout"}
{"timestamp":"2026-09-10T04:12:03.929050Z","level":"info","event":"  22: relative_distance: optional double","logger":"task.stdout"}
{"timestamp":"2026-09-10T04:12:03.929144Z","level":"info","event":"  23: driver_ahead: optional string","logger":"task.stdout"}
{"timestamp":"2026-09-10T04:12:03.929232Z","level":"info","event":"  24: distance_to_driver_ahead: optional double","logger":"task.stdout"}
{"timestamp":"2026-09-10T04:12:03.929322Z","level":"info","event":"  25: source: optional string","logger":"task.stdout"}
{"timestamp":"2026-09-10T04:12:03.929410Z","level":"info","event":"  26: status: optional string","logger":"task.stdout"}
{"timestamp":"2026-09-10T04:12:03.929503Z","level":"info","event":"  27: source_system: optional string","logger":"task.stdout"}
{"timestamp":"2026-09-10T04:12:03.929592Z","level":"info","event":"  28: ingested_at: optional timestamptz","logger":"task.stdout"}
{"timestamp":"2026-09-10T04:12:03.929680Z","level":"info","event":"}","logger":"task.stdout"}
{"timestamp":"2026-09-10T04:12:03.929771Z","level":"info","event":"","logger":"task.stdout"}
{"timestamp":"2026-09-10T04:12:03.929869Z","level":"info","event":"======================================================================","logger":"task.stdout"}
{"timestamp":"2026-09-10T04:12:03.929959Z","level":"info","event":"TELEMETRY PROMOTION COMPLETE","logger":"task.stdout"}
{"timestamp":"2026-09-10T04:12:03.930048Z","level":"info","event":"======================================================================","logger":"task.stdout"}
{"timestamp":"2026-09-10T04:12:03.930137Z","level":"info","event":"Table: bronze.telemetry","logger":"task.stdout"}
{"timestamp":"2026-09-10T04:12:05.466962Z","level":"info","event":"","logger":"task.stdout"}
{"timestamp":"2026-09-10T04:12:05.467376Z","level":"info","event":"======================================================================","logger":"task.stdout"}
{"timestamp":"2026-09-10T04:12:05.467645Z","level":"info","event":"RAW TELEMETRY READ","logger":"task.stdout"}
{"timestamp":"2026-09-10T04:12:05.467909Z","level":"info","event":"======================================================================","logger":"task.stdout"}
{"timestamp":"2026-09-10T04:12:05.468142Z","level":"info","event":"s3://f1-raw/season=2026/event=italian-grand-prix/session=R/telemetry/driver=LIN/telemetry.parquet","logger":"task.stdout"}
{"timestamp":"2026-09-10T04:12:05.468367Z","level":"info","event":"Rows:    36,688","logger":"task.stdout"}
{"timestamp":"2026-09-10T04:12:05.468586Z","level":"info","event":"Columns: 26","logger":"task.stdout"}
{"timestamp":"2026-09-10T04:12:05.468796Z","level":"info","event":"","logger":"task.stdout"}
{"timestamp":"2026-09-10T04:12:05.469030Z","level":"info","event":"======================================================================","logger":"task.stdout"}
{"timestamp":"2026-09-10T04:12:05.469245Z","level":"info","event":"NORMALIZE TELEMETRY","logger":"task.stdout"}
{"timestamp":"2026-09-10T04:12:05.469453Z","level":"info","event":"======================================================================","logger":"task.stdout"}
{"timestamp":"2026-09-10T04:12:05.469662Z","level":"info","event":"Rows:    36,688","logger":"task.stdout"}
{"timestamp":"2026-09-10T04:12:05.469902Z","level":"info","event":"Columns: 28","logger":"task.stdout"}
{"timestamp":"2026-09-10T04:12:05.470121Z","level":"info","event":"","logger":"task.stdout"}
{"timestamp":"2026-09-10T04:12:05.470326Z","level":"info","event":"season: int32","logger":"task.stdout"}
{"timestamp":"2026-09-10T04:12:05.470530Z","level":"info","event":"event_name: string","logger":"task.stdout"}
{"timestamp":"2026-09-10T04:12:05.470733Z","level":"info","event":"event_slug: string","logger":"task.stdout"}
{"timestamp":"2026-09-10T04:12:05.470952Z","level":"info","event":"session_type: string","logger":"task.stdout"}
{"timestamp":"2026-09-10T04:12:05.471161Z","level":"info","event":"driver_code: string","logger":"task.stdout"}
{"timestamp":"2026-09-10T04:12:05.471374Z","level":"info","event":"driver_number: string","logger":"task.stdout"}
{"timestamp":"2026-09-10T04:12:05.471589Z","level":"info","event":"team_name: string","logger":"task.stdout"}
{"timestamp":"2026-09-10T04:12:05.471801Z","level":"info","event":"lap_number: int32","logger":"task.stdout"}
{"timestamp":"2026-09-10T04:12:05.472027Z","level":"info","event":"sample_timestamp_utc: timestamp[us, tz=UTC]","logger":"task.stdout"}
{"timestamp":"2026-09-10T04:12:05.472245Z","level":"info","event":"session_time_ms: int64","logger":"task.stdout"}
{"timestamp":"2026-09-10T04:12:05.472463Z","level":"info","event":"sample_time_ms: int64","logger":"task.stdout"}
{"timestamp":"2026-09-10T04:12:05.472687Z","level":"info","event":"rpm: double","logger":"task.stdout"}
{"timestamp":"2026-09-10T04:12:05.472943Z","level":"info","event":"speed_kph: double","logger":"task.stdout"}
{"timestamp":"2026-09-10T04:12:05.473183Z","level":"info","event":"gear: int32","logger":"task.stdout"}
{"timestamp":"2026-09-10T04:12:05.473414Z","level":"info","event":"throttle_pct: double","logger":"task.stdout"}
{"timestamp":"2026-09-10T04:12:05.473634Z","level":"info","event":"brake: bool","logger":"task.stdout"}
{"timestamp":"2026-09-10T04:12:05.473873Z","level":"info","event":"drs: int32","logger":"task.stdout"}
{"timestamp":"2026-09-10T04:12:05.474102Z","level":"info","event":"x: double","logger":"task.stdout"}
{"timestamp":"2026-09-10T04:12:05.474320Z","level":"info","event":"y: double","logger":"task.stdout"}
{"timestamp":"2026-09-10T04:12:05.474542Z","level":"info","event":"z: double","logger":"task.stdout"}
{"timestamp":"2026-09-10T04:12:05.474760Z","level":"info","event":"distance: double","logger":"task.stdout"}
{"timestamp":"2026-09-10T04:12:05.474999Z","level":"info","event":"relative_distance: double","logger":"task.stdout"}
{"timestamp":"2026-09-10T04:12:05.475219Z","level":"info","event":"driver_ahead: string","logger":"task.stdout"}
{"timestamp":"2026-09-10T04:12:05.475441Z","level":"info","event":"distance_to_driver_ahead: double","logger":"task.stdout"}
{"timestamp":"2026-09-10T04:12:05.475661Z","level":"info","event":"source: string","logger":"task.stdout"}
{"timestamp":"2026-09-10T04:12:05.475892Z","level":"info","event":"status: string","logger":"task.stdout"}
{"timestamp":"2026-09-10T04:12:05.476119Z","level":"info","event":"source_system: string","logger":"task.stdout"}
{"timestamp":"2026-09-10T04:12:05.476353Z","level":"info","event":"ingested_at: timestamp[us, tz=UTC]","logger":"task.stdout"}
{"timestamp":"2026-09-10T04:12:05.476588Z","level":"info","event":"-- schema metadata --","logger":"task.stdout"}
{"timestamp":"2026-09-10T04:12:05.476820Z","level":"info","event":"pandas: '{\"index_columns\": [], \"column_indexes\": [], \"columns\": [{\"name\":' + 3466","logger":"task.stdout"}
{"timestamp":"2026-09-10T04:12:05.477065Z","level":"info","event":"","logger":"task.stdout"}
{"timestamp":"2026-09-10T04:12:05.477296Z","level":"info","event":"======================================================================","logger":"task.stdout"}
{"timestamp":"2026-09-10T04:12:05.477530Z","level":"info","event":"ICEBERG WRITE","logger":"task.stdout"}
{"timestamp":"2026-09-10T04:12:05.477761Z","level":"info","event":"======================================================================","logger":"task.stdout"}
{"timestamp":"2026-09-10T04:12:05.478012Z","level":"info","event":"Writing 36,688 telemetry rows...","logger":"task.stdout"}
{"timestamp":"2026-09-10T04:12:05.478240Z","level":"info","event":"Iceberg commit successful.","logger":"task.stdout"}
{"timestamp":"2026-09-10T04:12:05.478467Z","level":"info","event":"","logger":"task.stdout"}
{"timestamp":"2026-09-10T04:12:05.478695Z","level":"info","event":"======================================================================","logger":"task.stdout"}
{"timestamp":"2026-09-10T04:12:05.478940Z","level":"info","event":"ICEBERG VALIDATION","logger":"task.stdout"}
{"timestamp":"2026-09-10T04:12:05.479171Z","level":"info","event":"======================================================================","logger":"task.stdout"}
{"timestamp":"2026-09-10T04:12:05.479401Z","level":"info","event":"Table: bronze.telemetry","logger":"task.stdout"}
{"timestamp":"2026-09-10T04:12:05.479629Z","level":"info","event":"Snapshot ID: 4166380157848831274","logger":"task.stdout"}
{"timestamp":"2026-09-10T04:12:05.479869Z","level":"info","event":"","logger":"task.stdout"}
{"timestamp":"2026-09-10T04:12:05.480101Z","level":"info","event":"Partition spec:","logger":"task.stdout"}
{"timestamp":"2026-09-10T04:12:05.480333Z","level":"info","event":"[","logger":"task.stdout"}
{"timestamp":"2026-09-10T04:12:05.480563Z","level":"info","event":"  1000: season: identity(1)","logger":"task.stdout"}
{"timestamp":"2026-09-10T04:12:05.480794Z","level":"info","event":"  1001: event_slug: identity(3)","logger":"task.stdout"}
{"timestamp":"2026-09-10T04:12:05.481056Z","level":"info","event":"  1002: session_type: identity(4)","logger":"task.stdout"}
{"timestamp":"2026-09-10T04:12:05.481289Z","level":"info","event":"  1003: driver_code: identity(5)","logger":"task.stdout"}
{"timestamp":"2026-09-10T04:12:05.481504Z","level":"info","event":"]","logger":"task.stdout"}
{"timestamp":"2026-09-10T04:12:05.481723Z","level":"info","event":"","logger":"task.stdout"}
{"timestamp":"2026-09-10T04:12:05.481947Z","level":"info","event":"Schema:","logger":"task.stdout"}
{"timestamp":"2026-09-10T04:12:05.482152Z","level":"info","event":"table {","logger":"task.stdout"}
{"timestamp":"2026-09-10T04:12:05.482352Z","level":"info","event":"  1: season: optional int","logger":"task.stdout"}
{"timestamp":"2026-09-10T04:12:05.482552Z","level":"info","event":"  2: event_name: optional string","logger":"task.stdout"}
{"timestamp":"2026-09-10T04:12:05.482753Z","level":"info","event":"  3: event_slug: optional string","logger":"task.stdout"}
{"timestamp":"2026-09-10T04:12:05.482959Z","level":"info","event":"  4: session_type: optional string","logger":"task.stdout"}
{"timestamp":"2026-09-10T04:12:05.483147Z","level":"info","event":"  5: driver_code: optional string","logger":"task.stdout"}
{"timestamp":"2026-09-10T04:12:05.483333Z","level":"info","event":"  6: driver_number: optional string","logger":"task.stdout"}
{"timestamp":"2026-09-10T04:12:05.483512Z","level":"info","event":"  7: team_name: optional string","logger":"task.stdout"}
{"timestamp":"2026-09-10T04:12:05.483689Z","level":"info","event":"  8: lap_number: optional int","logger":"task.stdout"}
{"timestamp":"2026-09-10T04:12:05.483879Z","level":"info","event":"  9: sample_timestamp_utc: optional timestamptz","logger":"task.stdout"}
{"timestamp":"2026-09-10T04:12:05.484052Z","level":"info","event":"  10: session_time_ms: optional long","logger":"task.stdout"}
{"timestamp":"2026-09-10T04:12:05.484220Z","level":"info","event":"  11: sample_time_ms: optional long","logger":"task.stdout"}
{"timestamp":"2026-09-10T04:12:05.484379Z","level":"info","event":"  12: rpm: optional double","logger":"task.stdout"}
{"timestamp":"2026-09-10T04:12:05.484538Z","level":"info","event":"  13: speed_kph: optional double","logger":"task.stdout"}
{"timestamp":"2026-09-10T04:12:05.484698Z","level":"info","event":"  14: gear: optional int","logger":"task.stdout"}
{"timestamp":"2026-09-10T04:12:05.484869Z","level":"info","event":"  15: throttle_pct: optional double","logger":"task.stdout"}
{"timestamp":"2026-09-10T04:12:05.485030Z","level":"info","event":"  16: brake: optional boolean","logger":"task.stdout"}
{"timestamp":"2026-09-10T04:12:05.485182Z","level":"info","event":"  17: drs: optional int","logger":"task.stdout"}
{"timestamp":"2026-09-10T04:12:05.485337Z","level":"info","event":"  18: x: optional double","logger":"task.stdout"}
{"timestamp":"2026-09-10T04:12:05.485481Z","level":"info","event":"  19: y: optional double","logger":"task.stdout"}
{"timestamp":"2026-09-10T04:12:05.485624Z","level":"info","event":"  20: z: optional double","logger":"task.stdout"}
{"timestamp":"2026-09-10T04:12:05.485768Z","level":"info","event":"  21: distance: optional double","logger":"task.stdout"}
{"timestamp":"2026-09-10T04:12:05.485923Z","level":"info","event":"  22: relative_distance: optional double","logger":"task.stdout"}
{"timestamp":"2026-09-10T04:12:05.486063Z","level":"info","event":"  23: driver_ahead: optional string","logger":"task.stdout"}
{"timestamp":"2026-09-10T04:12:05.486196Z","level":"info","event":"  24: distance_to_driver_ahead: optional double","logger":"task.stdout"}
{"timestamp":"2026-09-10T04:12:05.486329Z","level":"info","event":"  25: source: optional string","logger":"task.stdout"}
{"timestamp":"2026-09-10T04:12:05.486462Z","level":"info","event":"  26: status: optional string","logger":"task.stdout"}
{"timestamp":"2026-09-10T04:12:05.486594Z","level":"info","event":"  27: source_system: optional string","logger":"task.stdout"}
{"timestamp":"2026-09-10T04:12:05.486735Z","level":"info","event":"  28: ingested_at: optional timestamptz","logger":"task.stdout"}
{"timestamp":"2026-09-10T04:12:05.486884Z","level":"info","event":"}","logger":"task.stdout"}
{"timestamp":"2026-09-10T04:12:05.487015Z","level":"info","event":"","logger":"task.stdout"}
{"timestamp":"2026-09-10T04:12:05.487144Z","level":"info","event":"======================================================================","logger":"task.stdout"}
{"timestamp":"2026-09-10T04:12:05.487275Z","level":"info","event":"TELEMETRY PROMOTION COMPLETE","logger":"task.stdout"}
{"timestamp":"2026-09-10T04:12:05.487402Z","level":"info","event":"======================================================================","logger":"task.stdout"}
{"timestamp":"2026-09-10T04:12:05.487530Z","level":"info","event":"Table: bronze.telemetry","logger":"task.stdout"}
{"timestamp":"2026-09-10T04:12:07.101567Z","level":"info","event":"","logger":"task.stdout"}
{"timestamp":"2026-09-10T04:12:07.101946Z","level":"info","event":"======================================================================","logger":"task.stdout"}
{"timestamp":"2026-09-10T04:12:07.102173Z","level":"info","event":"RAW TELEMETRY READ","logger":"task.stdout"}
{"timestamp":"2026-09-10T04:12:07.102380Z","level":"info","event":"======================================================================","logger":"task.stdout"}
{"timestamp":"2026-09-10T04:12:07.102572Z","level":"info","event":"s3://f1-raw/season=2026/event=italian-grand-prix/session=R/telemetry/driver=COL/telemetry.parquet","logger":"task.stdout"}
{"timestamp":"2026-09-10T04:12:07.102759Z","level":"info","event":"Rows:    36,614","logger":"task.stdout"}
{"timestamp":"2026-09-10T04:12:07.102963Z","level":"info","event":"Columns: 26","logger":"task.stdout"}
{"timestamp":"2026-09-10T04:12:07.103148Z","level":"info","event":"","logger":"task.stdout"}
{"timestamp":"2026-09-10T04:12:07.103341Z","level":"info","event":"======================================================================","logger":"task.stdout"}
{"timestamp":"2026-09-10T04:12:07.103520Z","level":"info","event":"NORMALIZE TELEMETRY","logger":"task.stdout"}
{"timestamp":"2026-09-10T04:12:07.103709Z","level":"info","event":"======================================================================","logger":"task.stdout"}
{"timestamp":"2026-09-10T04:12:07.103917Z","level":"info","event":"Rows:    36,614","logger":"task.stdout"}
{"timestamp":"2026-09-10T04:12:07.104255Z","level":"info","event":"Columns: 28","logger":"task.stdout"}
{"timestamp":"2026-09-10T04:12:07.104374Z","level":"info","event":"","logger":"task.stdout"}
{"timestamp":"2026-09-10T04:12:07.104478Z","level":"info","event":"season: int32","logger":"task.stdout"}
{"timestamp":"2026-09-10T04:12:07.104573Z","level":"info","event":"event_name: string","logger":"task.stdout"}
{"timestamp":"2026-09-10T04:12:07.104664Z","level":"info","event":"event_slug: string","logger":"task.stdout"}
{"timestamp":"2026-09-10T04:12:07.104752Z","level":"info","event":"session_type: string","logger":"task.stdout"}
{"timestamp":"2026-09-10T04:12:07.104851Z","level":"info","event":"driver_code: string","logger":"task.stdout"}
{"timestamp":"2026-09-10T04:12:07.104936Z","level":"info","event":"driver_number: string","logger":"task.stdout"}
{"timestamp":"2026-09-10T04:12:07.105020Z","level":"info","event":"team_name: string","logger":"task.stdout"}
{"timestamp":"2026-09-10T04:12:07.105106Z","level":"info","event":"lap_number: int32","logger":"task.stdout"}
{"timestamp":"2026-09-10T04:12:07.105191Z","level":"info","event":"sample_timestamp_utc: timestamp[us, tz=UTC]","logger":"task.stdout"}
{"timestamp":"2026-09-10T04:12:07.105278Z","level":"info","event":"session_time_ms: int64","logger":"task.stdout"}
{"timestamp":"2026-09-10T04:12:07.105364Z","level":"info","event":"sample_time_ms: int64","logger":"task.stdout"}
{"timestamp":"2026-09-10T04:12:07.105449Z","level":"info","event":"rpm: double","logger":"task.stdout"}
{"timestamp":"2026-09-10T04:12:07.105532Z","level":"info","event":"speed_kph: double","logger":"task.stdout"}
{"timestamp":"2026-09-10T04:12:07.105628Z","level":"info","event":"gear: int32","logger":"task.stdout"}
{"timestamp":"2026-09-10T04:12:07.105723Z","level":"info","event":"throttle_pct: double","logger":"task.stdout"}
{"timestamp":"2026-09-10T04:12:07.105807Z","level":"info","event":"brake: bool","logger":"task.stdout"}
{"timestamp":"2026-09-10T04:12:07.105896Z","level":"info","event":"drs: int32","logger":"task.stdout"}
{"timestamp":"2026-09-10T04:12:07.105979Z","level":"info","event":"x: double","logger":"task.stdout"}
{"timestamp":"2026-09-10T04:12:07.106064Z","level":"info","event":"y: double","logger":"task.stdout"}
{"timestamp":"2026-09-10T04:12:07.106149Z","level":"info","event":"z: double","logger":"task.stdout"}
{"timestamp":"2026-09-10T04:12:07.106232Z","level":"info","event":"distance: double","logger":"task.stdout"}
{"timestamp":"2026-09-10T04:12:07.106314Z","level":"info","event":"relative_distance: double","logger":"task.stdout"}
{"timestamp":"2026-09-10T04:12:07.106402Z","level":"info","event":"driver_ahead: string","logger":"task.stdout"}
{"timestamp":"2026-09-10T04:12:07.106487Z","level":"info","event":"distance_to_driver_ahead: double","logger":"task.stdout"}
{"timestamp":"2026-09-10T04:12:07.106575Z","level":"info","event":"source: string","logger":"task.stdout"}
{"timestamp":"2026-09-10T04:12:07.106659Z","level":"info","event":"status: string","logger":"task.stdout"}
{"timestamp":"2026-09-10T04:12:07.106741Z","level":"info","event":"source_system: string","logger":"task.stdout"}
{"timestamp":"2026-09-10T04:12:07.106823Z","level":"info","event":"ingested_at: timestamp[us, tz=UTC]","logger":"task.stdout"}
{"timestamp":"2026-09-10T04:12:07.106920Z","level":"info","event":"-- schema metadata --","logger":"task.stdout"}
{"timestamp":"2026-09-10T04:12:07.107004Z","level":"info","event":"pandas: '{\"index_columns\": [], \"column_indexes\": [], \"columns\": [{\"name\":' + 3466","logger":"task.stdout"}
{"timestamp":"2026-09-10T04:12:07.107092Z","level":"info","event":"","logger":"task.stdout"}
{"timestamp":"2026-09-10T04:12:07.107186Z","level":"info","event":"======================================================================","logger":"task.stdout"}
{"timestamp":"2026-09-10T04:12:07.107277Z","level":"info","event":"ICEBERG WRITE","logger":"task.stdout"}
{"timestamp":"2026-09-10T04:12:07.107365Z","level":"info","event":"======================================================================","logger":"task.stdout"}
{"timestamp":"2026-09-10T04:12:07.107450Z","level":"info","event":"Writing 36,614 telemetry rows...","logger":"task.stdout"}
{"timestamp":"2026-09-10T04:12:07.107539Z","level":"info","event":"Iceberg commit successful.","logger":"task.stdout"}
{"timestamp":"2026-09-10T04:12:07.107629Z","level":"info","event":"","logger":"task.stdout"}
{"timestamp":"2026-09-10T04:12:07.107721Z","level":"info","event":"======================================================================","logger":"task.stdout"}
{"timestamp":"2026-09-10T04:12:07.107810Z","level":"info","event":"ICEBERG VALIDATION","logger":"task.stdout"}
{"timestamp":"2026-09-10T04:12:07.107906Z","level":"info","event":"======================================================================","logger":"task.stdout"}
{"timestamp":"2026-09-10T04:12:07.107996Z","level":"info","event":"Table: bronze.telemetry","logger":"task.stdout"}
{"timestamp":"2026-09-10T04:12:07.108087Z","level":"info","event":"Snapshot ID: 2917577016379033752","logger":"task.stdout"}
{"timestamp":"2026-09-10T04:12:07.108178Z","level":"info","event":"","logger":"task.stdout"}
{"timestamp":"2026-09-10T04:12:07.108270Z","level":"info","event":"Partition spec:","logger":"task.stdout"}
{"timestamp":"2026-09-10T04:12:07.108360Z","level":"info","event":"[","logger":"task.stdout"}
{"timestamp":"2026-09-10T04:12:07.108449Z","level":"info","event":"  1000: season: identity(1)","logger":"task.stdout"}
{"timestamp":"2026-09-10T04:12:07.108540Z","level":"info","event":"  1001: event_slug: identity(3)","logger":"task.stdout"}
{"timestamp":"2026-09-10T04:12:07.108630Z","level":"info","event":"  1002: session_type: identity(4)","logger":"task.stdout"}
{"timestamp":"2026-09-10T04:12:07.108726Z","level":"info","event":"  1003: driver_code: identity(5)","logger":"task.stdout"}
{"timestamp":"2026-09-10T04:12:07.108816Z","level":"info","event":"]","logger":"task.stdout"}
{"timestamp":"2026-09-10T04:12:07.108914Z","level":"info","event":"","logger":"task.stdout"}
{"timestamp":"2026-09-10T04:12:07.109004Z","level":"info","event":"Schema:","logger":"task.stdout"}
{"timestamp":"2026-09-10T04:12:07.109093Z","level":"info","event":"table {","logger":"task.stdout"}
{"timestamp":"2026-09-10T04:12:07.109185Z","level":"info","event":"  1: season: optional int","logger":"task.stdout"}
{"timestamp":"2026-09-10T04:12:07.109277Z","level":"info","event":"  2: event_name: optional string","logger":"task.stdout"}
{"timestamp":"2026-09-10T04:12:07.109371Z","level":"info","event":"  3: event_slug: optional string","logger":"task.stdout"}
{"timestamp":"2026-09-10T04:12:07.109466Z","level":"info","event":"  4: session_type: optional string","logger":"task.stdout"}
{"timestamp":"2026-09-10T04:12:07.109557Z","level":"info","event":"  5: driver_code: optional string","logger":"task.stdout"}
{"timestamp":"2026-09-10T04:12:07.109650Z","level":"info","event":"  6: driver_number: optional string","logger":"task.stdout"}
{"timestamp":"2026-09-10T04:12:07.109745Z","level":"info","event":"  7: team_name: optional string","logger":"task.stdout"}
{"timestamp":"2026-09-10T04:12:07.109841Z","level":"info","event":"  8: lap_number: optional int","logger":"task.stdout"}
{"timestamp":"2026-09-10T04:12:07.109934Z","level":"info","event":"  9: sample_timestamp_utc: optional timestamptz","logger":"task.stdout"}
{"timestamp":"2026-09-10T04:12:07.110027Z","level":"info","event":"  10: session_time_ms: optional long","logger":"task.stdout"}
{"timestamp":"2026-09-10T04:12:07.110117Z","level":"info","event":"  11: sample_time_ms: optional long","logger":"task.stdout"}
{"timestamp":"2026-09-10T04:12:07.110209Z","level":"info","event":"  12: rpm: optional double","logger":"task.stdout"}
{"timestamp":"2026-09-10T04:12:07.110299Z","level":"info","event":"  13: speed_kph: optional double","logger":"task.stdout"}
{"timestamp":"2026-09-10T04:12:07.110388Z","level":"info","event":"  14: gear: optional int","logger":"task.stdout"}
{"timestamp":"2026-09-10T04:12:07.110477Z","level":"info","event":"  15: throttle_pct: optional double","logger":"task.stdout"}
{"timestamp":"2026-09-10T04:12:07.110565Z","level":"info","event":"  16: brake: optional boolean","logger":"task.stdout"}
{"timestamp":"2026-09-10T04:12:07.110654Z","level":"info","event":"  17: drs: optional int","logger":"task.stdout"}
{"timestamp":"2026-09-10T04:12:07.110747Z","level":"info","event":"  18: x: optional double","logger":"task.stdout"}
{"timestamp":"2026-09-10T04:12:07.110864Z","level":"info","event":"  19: y: optional double","logger":"task.stdout"}
{"timestamp":"2026-09-10T04:12:07.110957Z","level":"info","event":"  20: z: optional double","logger":"task.stdout"}
{"timestamp":"2026-09-10T04:12:07.111047Z","level":"info","event":"  21: distance: optional double","logger":"task.stdout"}
{"timestamp":"2026-09-10T04:12:07.111150Z","level":"info","event":"  22: relative_distance: optional double","logger":"task.stdout"}
{"timestamp":"2026-09-10T04:12:07.111247Z","level":"info","event":"  23: driver_ahead: optional string","logger":"task.stdout"}
{"timestamp":"2026-09-10T04:12:07.111336Z","level":"info","event":"  24: distance_to_driver_ahead: optional double","logger":"task.stdout"}
{"timestamp":"2026-09-10T04:12:07.111429Z","level":"info","event":"  25: source: optional string","logger":"task.stdout"}
{"timestamp":"2026-09-10T04:12:07.111519Z","level":"info","event":"  26: status: optional string","logger":"task.stdout"}
{"timestamp":"2026-09-10T04:12:07.111609Z","level":"info","event":"  27: source_system: optional string","logger":"task.stdout"}
{"timestamp":"2026-09-10T04:12:07.111698Z","level":"info","event":"  28: ingested_at: optional timestamptz","logger":"task.stdout"}
{"timestamp":"2026-09-10T04:12:07.111788Z","level":"info","event":"}","logger":"task.stdout"}
{"timestamp":"2026-09-10T04:12:07.111897Z","level":"info","event":"","logger":"task.stdout"}
{"timestamp":"2026-09-10T04:12:07.111999Z","level":"info","event":"======================================================================","logger":"task.stdout"}
{"timestamp":"2026-09-10T04:12:07.112093Z","level":"info","event":"TELEMETRY PROMOTION COMPLETE","logger":"task.stdout"}
{"timestamp":"2026-09-10T04:12:07.112190Z","level":"info","event":"======================================================================","logger":"task.stdout"}
{"timestamp":"2026-09-10T04:12:07.112283Z","level":"info","event":"Table: bronze.telemetry","logger":"task.stdout"}
{"timestamp":"2026-09-10T04:12:08.825784Z","level":"info","event":"","logger":"task.stdout"}
{"timestamp":"2026-09-10T04:12:08.826184Z","level":"info","event":"======================================================================","logger":"task.stdout"}
{"timestamp":"2026-09-10T04:12:08.826426Z","level":"info","event":"RAW TELEMETRY READ","logger":"task.stdout"}
{"timestamp":"2026-09-10T04:12:08.826885Z","level":"info","event":"======================================================================","logger":"task.stdout"}
{"timestamp":"2026-09-10T04:12:08.827032Z","level":"info","event":"s3://f1-raw/season=2026/event=italian-grand-prix/session=R/telemetry/driver=TSU/telemetry.parquet","logger":"task.stdout"}
{"timestamp":"2026-09-10T04:12:08.827140Z","level":"info","event":"Rows:    36,938","logger":"task.stdout"}
{"timestamp":"2026-09-10T04:12:08.827236Z","level":"info","event":"Columns: 26","logger":"task.stdout"}
{"timestamp":"2026-09-10T04:12:08.827329Z","level":"info","event":"","logger":"task.stdout"}
{"timestamp":"2026-09-10T04:12:08.827425Z","level":"info","event":"======================================================================","logger":"task.stdout"}
{"timestamp":"2026-09-10T04:12:08.827517Z","level":"info","event":"NORMALIZE TELEMETRY","logger":"task.stdout"}
{"timestamp":"2026-09-10T04:12:08.827607Z","level":"info","event":"======================================================================","logger":"task.stdout"}
{"timestamp":"2026-09-10T04:12:08.827696Z","level":"info","event":"Rows:    36,938","logger":"task.stdout"}
{"timestamp":"2026-09-10T04:12:08.827853Z","level":"info","event":"Columns: 28","logger":"task.stdout"}
{"timestamp":"2026-09-10T04:12:08.827947Z","level":"info","event":"","logger":"task.stdout"}
{"timestamp":"2026-09-10T04:12:08.828039Z","level":"info","event":"season: int32","logger":"task.stdout"}
{"timestamp":"2026-09-10T04:12:08.828129Z","level":"info","event":"event_name: string","logger":"task.stdout"}
{"timestamp":"2026-09-10T04:12:08.828218Z","level":"info","event":"event_slug: string","logger":"task.stdout"}
{"timestamp":"2026-09-10T04:12:08.828305Z","level":"info","event":"session_type: string","logger":"task.stdout"}
{"timestamp":"2026-09-10T04:12:08.828393Z","level":"info","event":"driver_code: string","logger":"task.stdout"}
{"timestamp":"2026-09-10T04:12:08.828479Z","level":"info","event":"driver_number: string","logger":"task.stdout"}
{"timestamp":"2026-09-10T04:12:08.828564Z","level":"info","event":"team_name: string","logger":"task.stdout"}
{"timestamp":"2026-09-10T04:12:08.828649Z","level":"info","event":"lap_number: int32","logger":"task.stdout"}
{"timestamp":"2026-09-10T04:12:08.828731Z","level":"info","event":"sample_timestamp_utc: timestamp[us, tz=UTC]","logger":"task.stdout"}
{"timestamp":"2026-09-10T04:12:08.828816Z","level":"info","event":"session_time_ms: int64","logger":"task.stdout"}
{"timestamp":"2026-09-10T04:12:08.828912Z","level":"info","event":"sample_time_ms: int64","logger":"task.stdout"}
{"timestamp":"2026-09-10T04:12:08.828995Z","level":"info","event":"rpm: double","logger":"task.stdout"}
{"timestamp":"2026-09-10T04:12:08.829077Z","level":"info","event":"speed_kph: double","logger":"task.stdout"}
{"timestamp":"2026-09-10T04:12:08.829163Z","level":"info","event":"gear: int32","logger":"task.stdout"}
{"timestamp":"2026-09-10T04:12:08.829252Z","level":"info","event":"throttle_pct: double","logger":"task.stdout"}
{"timestamp":"2026-09-10T04:12:08.829356Z","level":"info","event":"brake: bool","logger":"task.stdout"}
{"timestamp":"2026-09-10T04:12:08.829456Z","level":"info","event":"drs: int32","logger":"task.stdout"}
{"timestamp":"2026-09-10T04:12:08.829548Z","level":"info","event":"x: double","logger":"task.stdout"}
{"timestamp":"2026-09-10T04:12:08.829638Z","level":"info","event":"y: double","logger":"task.stdout"}
{"timestamp":"2026-09-10T04:12:08.829727Z","level":"info","event":"z: double","logger":"task.stdout"}
{"timestamp":"2026-09-10T04:12:08.829814Z","level":"info","event":"distance: double","logger":"task.stdout"}
{"timestamp":"2026-09-10T04:12:08.829913Z","level":"info","event":"relative_distance: double","logger":"task.stdout"}
{"timestamp":"2026-09-10T04:12:08.830009Z","level":"info","event":"driver_ahead: string","logger":"task.stdout"}
{"timestamp":"2026-09-10T04:12:08.830099Z","level":"info","event":"distance_to_driver_ahead: double","logger":"task.stdout"}
{"timestamp":"2026-09-10T04:12:08.830194Z","level":"info","event":"source: string","logger":"task.stdout"}
{"timestamp":"2026-09-10T04:12:08.830287Z","level":"info","event":"status: string","logger":"task.stdout"}
{"timestamp":"2026-09-10T04:12:08.830379Z","level":"info","event":"source_system: string","logger":"task.stdout"}
{"timestamp":"2026-09-10T04:12:08.830469Z","level":"info","event":"ingested_at: timestamp[us, tz=UTC]","logger":"task.stdout"}
{"timestamp":"2026-09-10T04:12:08.830563Z","level":"info","event":"-- schema metadata --","logger":"task.stdout"}
{"timestamp":"2026-09-10T04:12:08.830653Z","level":"info","event":"pandas: '{\"index_columns\": [], \"column_indexes\": [], \"columns\": [{\"name\":' + 3466","logger":"task.stdout"}
{"timestamp":"2026-09-10T04:12:08.830748Z","level":"info","event":"","logger":"task.stdout"}
{"timestamp":"2026-09-10T04:12:08.830852Z","level":"info","event":"======================================================================","logger":"task.stdout"}
{"timestamp":"2026-09-10T04:12:08.830951Z","level":"info","event":"ICEBERG WRITE","logger":"task.stdout"}
{"timestamp":"2026-09-10T04:12:08.831044Z","level":"info","event":"======================================================================","logger":"task.stdout"}
{"timestamp":"2026-09-10T04:12:08.831130Z","level":"info","event":"Writing 36,938 telemetry rows...","logger":"task.stdout"}
{"timestamp":"2026-09-10T04:12:08.831220Z","level":"info","event":"Iceberg commit successful.","logger":"task.stdout"}
{"timestamp":"2026-09-10T04:12:08.831308Z","level":"info","event":"","logger":"task.stdout"}
{"timestamp":"2026-09-10T04:12:08.831399Z","level":"info","event":"======================================================================","logger":"task.stdout"}
{"timestamp":"2026-09-10T04:12:08.831901Z","level":"info","event":"ICEBERG VALIDATION","logger":"task.stdout"}
{"timestamp":"2026-09-10T04:12:08.832045Z","level":"info","event":"======================================================================","logger":"task.stdout"}
{"timestamp":"2026-09-10T04:12:08.832141Z","level":"info","event":"Table: bronze.telemetry","logger":"task.stdout"}
{"timestamp":"2026-09-10T04:12:08.832233Z","level":"info","event":"Snapshot ID: 2328288079713476901","logger":"task.stdout"}
{"timestamp":"2026-09-10T04:12:08.832328Z","level":"info","event":"","logger":"task.stdout"}
{"timestamp":"2026-09-10T04:12:08.832424Z","level":"info","event":"Partition spec:","logger":"task.stdout"}
{"timestamp":"2026-09-10T04:12:08.832514Z","level":"info","event":"[","logger":"task.stdout"}
{"timestamp":"2026-09-10T04:12:08.832598Z","level":"info","event":"  1000: season: identity(1)","logger":"task.stdout"}
{"timestamp":"2026-09-10T04:12:08.832682Z","level":"info","event":"  1001: event_slug: identity(3)","logger":"task.stdout"}
{"timestamp":"2026-09-10T04:12:08.832768Z","level":"info","event":"  1002: session_type: identity(4)","logger":"task.stdout"}
{"timestamp":"2026-09-10T04:12:08.832860Z","level":"info","event":"  1003: driver_code: identity(5)","logger":"task.stdout"}
{"timestamp":"2026-09-10T04:12:08.832961Z","level":"info","event":"]","logger":"task.stdout"}
{"timestamp":"2026-09-10T04:12:08.833059Z","level":"info","event":"","logger":"task.stdout"}
{"timestamp":"2026-09-10T04:12:08.833142Z","level":"info","event":"Schema:","logger":"task.stdout"}
{"timestamp":"2026-09-10T04:12:08.833224Z","level":"info","event":"table {","logger":"task.stdout"}
{"timestamp":"2026-09-10T04:12:08.833310Z","level":"info","event":"  1: season: optional int","logger":"task.stdout"}
{"timestamp":"2026-09-10T04:12:08.833402Z","level":"info","event":"  2: event_name: optional string","logger":"task.stdout"}
{"timestamp":"2026-09-10T04:12:08.833484Z","level":"info","event":"  3: event_slug: optional string","logger":"task.stdout"}
{"timestamp":"2026-09-10T04:12:08.833565Z","level":"info","event":"  4: session_type: optional string","logger":"task.stdout"}
{"timestamp":"2026-09-10T04:12:08.833648Z","level":"info","event":"  5: driver_code: optional string","logger":"task.stdout"}
{"timestamp":"2026-09-10T04:12:08.833727Z","level":"info","event":"  6: driver_number: optional string","logger":"task.stdout"}
{"timestamp":"2026-09-10T04:12:08.833808Z","level":"info","event":"  7: team_name: optional string","logger":"task.stdout"}
{"timestamp":"2026-09-10T04:12:08.833911Z","level":"info","event":"  8: lap_number: optional int","logger":"task.stdout"}
{"timestamp":"2026-09-10T04:12:08.833990Z","level":"info","event":"  9: sample_timestamp_utc: optional timestamptz","logger":"task.stdout"}
{"timestamp":"2026-09-10T04:12:08.834075Z","level":"info","event":"  10: session_time_ms: optional long","logger":"task.stdout"}
{"timestamp":"2026-09-10T04:12:08.834159Z","level":"info","event":"  11: sample_time_ms: optional long","logger":"task.stdout"}
{"timestamp":"2026-09-10T04:12:08.834237Z","level":"info","event":"  12: rpm: optional double","logger":"task.stdout"}
{"timestamp":"2026-09-10T04:12:08.834315Z","level":"info","event":"  13: speed_kph: optional double","logger":"task.stdout"}
{"timestamp":"2026-09-10T04:12:08.834390Z","level":"info","event":"  14: gear: optional int","logger":"task.stdout"}
{"timestamp":"2026-09-10T04:12:08.834464Z","level":"info","event":"  15: throttle_pct: optional double","logger":"task.stdout"}
{"timestamp":"2026-09-10T04:12:08.834536Z","level":"info","event":"  16: brake: optional boolean","logger":"task.stdout"}
{"timestamp":"2026-09-10T04:12:08.834609Z","level":"info","event":"  17: drs: optional int","logger":"task.stdout"}
{"timestamp":"2026-09-10T04:12:08.834682Z","level":"info","event":"  18: x: optional double","logger":"task.stdout"}
{"timestamp":"2026-09-10T04:12:08.834753Z","level":"info","event":"  19: y: optional double","logger":"task.stdout"}
{"timestamp":"2026-09-10T04:12:08.834918Z","level":"info","event":"  20: z: optional double","logger":"task.stdout"}
{"timestamp":"2026-09-10T04:12:08.835361Z","level":"info","event":"  21: distance: optional double","logger":"task.stdout"}
{"timestamp":"2026-09-10T04:12:08.835630Z","level":"info","event":"  22: relative_distance: optional double","logger":"task.stdout"}
{"timestamp":"2026-09-10T04:12:08.835886Z","level":"info","event":"  23: driver_ahead: optional string","logger":"task.stdout"}
{"timestamp":"2026-09-10T04:12:08.836135Z","level":"info","event":"  24: distance_to_driver_ahead: optional double","logger":"task.stdout"}
{"timestamp":"2026-09-10T04:12:08.836381Z","level":"info","event":"  25: source: optional string","logger":"task.stdout"}
{"timestamp":"2026-09-10T04:12:08.836621Z","level":"info","event":"  26: status: optional string","logger":"task.stdout"}
{"timestamp":"2026-09-10T04:12:08.836863Z","level":"info","event":"  27: source_system: optional string","logger":"task.stdout"}
{"timestamp":"2026-09-10T04:12:08.837070Z","level":"info","event":"  28: ingested_at: optional timestamptz","logger":"task.stdout"}
{"timestamp":"2026-09-10T04:12:08.837277Z","level":"info","event":"}","logger":"task.stdout"}
{"timestamp":"2026-09-10T04:12:08.837487Z","level":"info","event":"","logger":"task.stdout"}
{"timestamp":"2026-09-10T04:12:08.837714Z","level":"info","event":"======================================================================","logger":"task.stdout"}
{"timestamp":"2026-09-10T04:12:08.837970Z","level":"info","event":"TELEMETRY PROMOTION COMPLETE","logger":"task.stdout"}
{"timestamp":"2026-09-10T04:12:08.838182Z","level":"info","event":"======================================================================","logger":"task.stdout"}
{"timestamp":"2026-09-10T04:12:08.838388Z","level":"info","event":"Table: bronze.telemetry","logger":"task.stdout"}
{"timestamp":"2026-09-10T04:12:10.574174Z","level":"info","event":"","logger":"task.stdout"}
{"timestamp":"2026-09-10T04:12:10.574733Z","level":"info","event":"======================================================================","logger":"task.stdout"}
{"timestamp":"2026-09-10T04:12:10.575004Z","level":"info","event":"RAW TELEMETRY READ","logger":"task.stdout"}
{"timestamp":"2026-09-10T04:12:10.575217Z","level":"info","event":"======================================================================","logger":"task.stdout"}
{"timestamp":"2026-09-10T04:12:10.575427Z","level":"info","event":"s3://f1-raw/season=2026/event=italian-grand-prix/session=R/telemetry/driver=BOR/telemetry.parquet","logger":"task.stdout"}
{"timestamp":"2026-09-10T04:12:10.575641Z","level":"info","event":"Rows:    36,915","logger":"task.stdout"}
{"timestamp":"2026-09-10T04:12:10.575863Z","level":"info","event":"Columns: 26","logger":"task.stdout"}
{"timestamp":"2026-09-10T04:12:10.576063Z","level":"info","event":"","logger":"task.stdout"}
{"timestamp":"2026-09-10T04:12:10.576255Z","level":"info","event":"======================================================================","logger":"task.stdout"}
{"timestamp":"2026-09-10T04:12:10.576665Z","level":"info","event":"NORMALIZE TELEMETRY","logger":"task.stdout"}
{"timestamp":"2026-09-10T04:12:10.576912Z","level":"info","event":"======================================================================","logger":"task.stdout"}
{"timestamp":"2026-09-10T04:12:10.577115Z","level":"info","event":"Rows:    36,915","logger":"task.stdout"}
{"timestamp":"2026-09-10T04:12:10.577316Z","level":"info","event":"Columns: 28","logger":"task.stdout"}
{"timestamp":"2026-09-10T04:12:10.577517Z","level":"info","event":"","logger":"task.stdout"}
{"timestamp":"2026-09-10T04:12:10.577720Z","level":"info","event":"season: int32","logger":"task.stdout"}
{"timestamp":"2026-09-10T04:12:10.577985Z","level":"info","event":"event_name: string","logger":"task.stdout"}
{"timestamp":"2026-09-10T04:12:10.578222Z","level":"info","event":"event_slug: string","logger":"task.stdout"}
{"timestamp":"2026-09-10T04:12:10.578440Z","level":"info","event":"session_type: string","logger":"task.stdout"}
{"timestamp":"2026-09-10T04:12:10.578650Z","level":"info","event":"driver_code: string","logger":"task.stdout"}
{"timestamp":"2026-09-10T04:12:10.578882Z","level":"info","event":"driver_number: string","logger":"task.stdout"}
{"timestamp":"2026-09-10T04:12:10.579129Z","level":"info","event":"team_name: string","logger":"task.stdout"}
{"timestamp":"2026-09-10T04:12:10.579353Z","level":"info","event":"lap_number: int32","logger":"task.stdout"}
{"timestamp":"2026-09-10T04:12:10.579562Z","level":"info","event":"sample_timestamp_utc: timestamp[us, tz=UTC]","logger":"task.stdout"}
{"timestamp":"2026-09-10T04:12:10.579766Z","level":"info","event":"session_time_ms: int64","logger":"task.stdout"}
{"timestamp":"2026-09-10T04:12:10.579996Z","level":"info","event":"sample_time_ms: int64","logger":"task.stdout"}
{"timestamp":"2026-09-10T04:12:10.580197Z","level":"info","event":"rpm: double","logger":"task.stdout"}
{"timestamp":"2026-09-10T04:12:10.580396Z","level":"info","event":"speed_kph: double","logger":"task.stdout"}
{"timestamp":"2026-09-10T04:12:10.580595Z","level":"info","event":"gear: int32","logger":"task.stdout"}
{"timestamp":"2026-09-10T04:12:10.580793Z","level":"info","event":"throttle_pct: double","logger":"task.stdout"}
{"timestamp":"2026-09-10T04:12:10.581015Z","level":"info","event":"brake: bool","logger":"task.stdout"}
{"timestamp":"2026-09-10T04:12:10.581235Z","level":"info","event":"drs: int32","logger":"task.stdout"}
{"timestamp":"2026-09-10T04:12:10.581441Z","level":"info","event":"x: double","logger":"task.stdout"}
{"timestamp":"2026-09-10T04:12:10.581633Z","level":"info","event":"y: double","logger":"task.stdout"}
{"timestamp":"2026-09-10T04:12:10.581823Z","level":"info","event":"z: double","logger":"task.stdout"}
{"timestamp":"2026-09-10T04:12:10.582028Z","level":"info","event":"distance: double","logger":"task.stdout"}
{"timestamp":"2026-09-10T04:12:10.582210Z","level":"info","event":"relative_distance: double","logger":"task.stdout"}
{"timestamp":"2026-09-10T04:12:10.582393Z","level":"info","event":"driver_ahead: string","logger":"task.stdout"}
{"timestamp":"2026-09-10T04:12:10.582574Z","level":"info","event":"distance_to_driver_ahead: double","logger":"task.stdout"}
{"timestamp":"2026-09-10T04:12:10.582758Z","level":"info","event":"source: string","logger":"task.stdout"}
{"timestamp":"2026-09-10T04:12:10.582964Z","level":"info","event":"status: string","logger":"task.stdout"}
{"timestamp":"2026-09-10T04:12:10.583140Z","level":"info","event":"source_system: string","logger":"task.stdout"}
{"timestamp":"2026-09-10T04:12:10.583309Z","level":"info","event":"ingested_at: timestamp[us, tz=UTC]","logger":"task.stdout"}
{"timestamp":"2026-09-10T04:12:10.583492Z","level":"info","event":"-- schema metadata --","logger":"task.stdout"}
{"timestamp":"2026-09-10T04:12:10.583675Z","level":"info","event":"pandas: '{\"index_columns\": [], \"column_indexes\": [], \"columns\": [{\"name\":' + 3466","logger":"task.stdout"}
{"timestamp":"2026-09-10T04:12:10.583876Z","level":"info","event":"","logger":"task.stdout"}
{"timestamp":"2026-09-10T04:12:10.584077Z","level":"info","event":"======================================================================","logger":"task.stdout"}
{"timestamp":"2026-09-10T04:12:10.584266Z","level":"info","event":"ICEBERG WRITE","logger":"task.stdout"}
{"timestamp":"2026-09-10T04:12:10.584437Z","level":"info","event":"======================================================================","logger":"task.stdout"}
{"timestamp":"2026-09-10T04:12:10.584605Z","level":"info","event":"Writing 36,915 telemetry rows...","logger":"task.stdout"}
{"timestamp":"2026-09-10T04:12:10.584769Z","level":"info","event":"Iceberg commit successful.","logger":"task.stdout"}
{"timestamp":"2026-09-10T04:12:10.584948Z","level":"info","event":"","logger":"task.stdout"}
{"timestamp":"2026-09-10T04:12:10.585113Z","level":"info","event":"======================================================================","logger":"task.stdout"}
{"timestamp":"2026-09-10T04:12:10.585260Z","level":"info","event":"ICEBERG VALIDATION","logger":"task.stdout"}
{"timestamp":"2026-09-10T04:12:10.585444Z","level":"info","event":"======================================================================","logger":"task.stdout"}
{"timestamp":"2026-09-10T04:12:10.585938Z","level":"info","event":"Table: bronze.telemetry","logger":"task.stdout"}
{"timestamp":"2026-09-10T04:12:10.586028Z","level":"info","event":"Snapshot ID: 4688757140247225305","logger":"task.stdout"}
{"timestamp":"2026-09-10T04:12:10.586096Z","level":"info","event":"","logger":"task.stdout"}
{"timestamp":"2026-09-10T04:12:10.586162Z","level":"info","event":"Partition spec:","logger":"task.stdout"}
{"timestamp":"2026-09-10T04:12:10.586226Z","level":"info","event":"[","logger":"task.stdout"}
{"timestamp":"2026-09-10T04:12:10.586281Z","level":"info","event":"  1000: season: identity(1)","logger":"task.stdout"}
{"timestamp":"2026-09-10T04:12:10.586330Z","level":"info","event":"  1001: event_slug: identity(3)","logger":"task.stdout"}
{"timestamp":"2026-09-10T04:12:10.586377Z","level":"info","event":"  1002: session_type: identity(4)","logger":"task.stdout"}
{"timestamp":"2026-09-10T04:12:10.586423Z","level":"info","event":"  1003: driver_code: identity(5)","logger":"task.stdout"}
{"timestamp":"2026-09-10T04:12:10.586469Z","level":"info","event":"]","logger":"task.stdout"}
{"timestamp":"2026-09-10T04:12:10.586527Z","level":"info","event":"","logger":"task.stdout"}
{"timestamp":"2026-09-10T04:12:10.586583Z","level":"info","event":"Schema:","logger":"task.stdout"}
{"timestamp":"2026-09-10T04:12:10.586628Z","level":"info","event":"table {","logger":"task.stdout"}
{"timestamp":"2026-09-10T04:12:10.586674Z","level":"info","event":"  1: season: optional int","logger":"task.stdout"}
{"timestamp":"2026-09-10T04:12:10.586719Z","level":"info","event":"  2: event_name: optional string","logger":"task.stdout"}
{"timestamp":"2026-09-10T04:12:10.586763Z","level":"info","event":"  3: event_slug: optional string","logger":"task.stdout"}
{"timestamp":"2026-09-10T04:12:10.586806Z","level":"info","event":"  4: session_type: optional string","logger":"task.stdout"}
{"timestamp":"2026-09-10T04:12:10.586859Z","level":"info","event":"  5: driver_code: optional string","logger":"task.stdout"}
{"timestamp":"2026-09-10T04:12:10.586904Z","level":"info","event":"  6: driver_number: optional string","logger":"task.stdout"}
{"timestamp":"2026-09-10T04:12:10.586946Z","level":"info","event":"  7: team_name: optional string","logger":"task.stdout"}
{"timestamp":"2026-09-10T04:12:10.586989Z","level":"info","event":"  8: lap_number: optional int","logger":"task.stdout"}
{"timestamp":"2026-09-10T04:12:10.587032Z","level":"info","event":"  9: sample_timestamp_utc: optional timestamptz","logger":"task.stdout"}
{"timestamp":"2026-09-10T04:12:10.587075Z","level":"info","event":"  10: session_time_ms: optional long","logger":"task.stdout"}
{"timestamp":"2026-09-10T04:12:10.587117Z","level":"info","event":"  11: sample_time_ms: optional long","logger":"task.stdout"}
{"timestamp":"2026-09-10T04:12:10.587160Z","level":"info","event":"  12: rpm: optional double","logger":"task.stdout"}
{"timestamp":"2026-09-10T04:12:10.587204Z","level":"info","event":"  13: speed_kph: optional double","logger":"task.stdout"}
{"timestamp":"2026-09-10T04:12:10.587246Z","level":"info","event":"  14: gear: optional int","logger":"task.stdout"}
{"timestamp":"2026-09-10T04:12:10.587288Z","level":"info","event":"  15: throttle_pct: optional double","logger":"task.stdout"}
{"timestamp":"2026-09-10T04:12:10.587330Z","level":"info","event":"  16: brake: optional boolean","logger":"task.stdout"}
{"timestamp":"2026-09-10T04:12:10.587374Z","level":"info","event":"  17: drs: optional int","logger":"task.stdout"}
{"timestamp":"2026-09-10T04:12:10.587419Z","level":"info","event":"  18: x: optional double","logger":"task.stdout"}
{"timestamp":"2026-09-10T04:12:10.587464Z","level":"info","event":"  19: y: optional double","logger":"task.stdout"}
{"timestamp":"2026-09-10T04:12:10.587509Z","level":"info","event":"  20: z: optional double","logger":"task.stdout"}
{"timestamp":"2026-09-10T04:12:10.587556Z","level":"info","event":"  21: distance: optional double","logger":"task.stdout"}
{"timestamp":"2026-09-10T04:12:10.587600Z","level":"info","event":"  22: relative_distance: optional double","logger":"task.stdout"}
{"timestamp":"2026-09-10T04:12:10.587647Z","level":"info","event":"  23: driver_ahead: optional string","logger":"task.stdout"}
{"timestamp":"2026-09-10T04:12:10.587693Z","level":"info","event":"  24: distance_to_driver_ahead: optional double","logger":"task.stdout"}
{"timestamp":"2026-09-10T04:12:10.588091Z","level":"info","event":"  25: source: optional string","logger":"task.stdout"}
{"timestamp":"2026-09-10T04:12:10.588157Z","level":"info","event":"  26: status: optional string","logger":"task.stdout"}
{"timestamp":"2026-09-10T04:12:10.588208Z","level":"info","event":"  27: source_system: optional string","logger":"task.stdout"}
{"timestamp":"2026-09-10T04:12:10.588259Z","level":"info","event":"  28: ingested_at: optional timestamptz","logger":"task.stdout"}
{"timestamp":"2026-09-10T04:12:10.588309Z","level":"info","event":"}","logger":"task.stdout"}
{"timestamp":"2026-09-10T04:12:10.588363Z","level":"info","event":"","logger":"task.stdout"}
{"timestamp":"2026-09-10T04:12:10.588415Z","level":"info","event":"======================================================================","logger":"task.stdout"}
{"timestamp":"2026-09-10T04:12:10.588473Z","level":"info","event":"TELEMETRY PROMOTION COMPLETE","logger":"task.stdout"}
{"timestamp":"2026-09-10T04:12:10.588528Z","level":"info","event":"======================================================================","logger":"task.stdout"}
{"timestamp":"2026-09-10T04:12:10.588583Z","level":"info","event":"Table: bronze.telemetry","logger":"task.stdout"}
{"timestamp":"2026-09-10T04:12:12.304314Z","level":"info","event":"","logger":"task.stdout"}
{"timestamp":"2026-09-10T04:12:12.304771Z","level":"info","event":"======================================================================","logger":"task.stdout"}
{"timestamp":"2026-09-10T04:12:12.305100Z","level":"info","event":"RAW TELEMETRY READ","logger":"task.stdout"}
{"timestamp":"2026-09-10T04:12:12.305354Z","level":"info","event":"======================================================================","logger":"task.stdout"}
{"timestamp":"2026-09-10T04:12:12.305715Z","level":"info","event":"s3://f1-raw/season=2026/event=italian-grand-prix/session=R/telemetry/driver=HUL/telemetry.parquet","logger":"task.stdout"}
{"timestamp":"2026-09-10T04:12:12.305967Z","level":"info","event":"Rows:    36,948","logger":"task.stdout"}
{"timestamp":"2026-09-10T04:12:12.306355Z","level":"info","event":"Columns: 26","logger":"task.stdout"}
{"timestamp":"2026-09-10T04:12:12.306493Z","level":"info","event":"","logger":"task.stdout"}
{"timestamp":"2026-09-10T04:12:12.306609Z","level":"info","event":"======================================================================","logger":"task.stdout"}
{"timestamp":"2026-09-10T04:12:12.306719Z","level":"info","event":"NORMALIZE TELEMETRY","logger":"task.stdout"}
{"timestamp":"2026-09-10T04:12:12.306823Z","level":"info","event":"======================================================================","logger":"task.stdout"}
{"timestamp":"2026-09-10T04:12:12.306982Z","level":"info","event":"Rows:    36,948","logger":"task.stdout"}
{"timestamp":"2026-09-10T04:12:12.307164Z","level":"info","event":"Columns: 28","logger":"task.stdout"}
{"timestamp":"2026-09-10T04:12:12.307283Z","level":"info","event":"","logger":"task.stdout"}
{"timestamp":"2026-09-10T04:12:12.307401Z","level":"info","event":"season: int32","logger":"task.stdout"}
{"timestamp":"2026-09-10T04:12:12.307522Z","level":"info","event":"event_name: string","logger":"task.stdout"}
{"timestamp":"2026-09-10T04:12:12.307634Z","level":"info","event":"event_slug: string","logger":"task.stdout"}
{"timestamp":"2026-09-10T04:12:12.307745Z","level":"info","event":"session_type: string","logger":"task.stdout"}
{"timestamp":"2026-09-10T04:12:12.307873Z","level":"info","event":"driver_code: string","logger":"task.stdout"}
{"timestamp":"2026-09-10T04:12:12.307987Z","level":"info","event":"driver_number: string","logger":"task.stdout"}
{"timestamp":"2026-09-10T04:12:12.308090Z","level":"info","event":"team_name: string","logger":"task.stdout"}
{"timestamp":"2026-09-10T04:12:12.308202Z","level":"info","event":"lap_number: int32","logger":"task.stdout"}
{"timestamp":"2026-09-10T04:12:12.308314Z","level":"info","event":"sample_timestamp_utc: timestamp[us, tz=UTC]","logger":"task.stdout"}
{"timestamp":"2026-09-10T04:12:12.308417Z","level":"info","event":"session_time_ms: int64","logger":"task.stdout"}
{"timestamp":"2026-09-10T04:12:12.308519Z","level":"info","event":"sample_time_ms: int64","logger":"task.stdout"}
{"timestamp":"2026-09-10T04:12:12.308618Z","level":"info","event":"rpm: double","logger":"task.stdout"}
{"timestamp":"2026-09-10T04:12:12.308718Z","level":"info","event":"speed_kph: double","logger":"task.stdout"}
{"timestamp":"2026-09-10T04:12:12.308822Z","level":"info","event":"gear: int32","logger":"task.stdout"}
{"timestamp":"2026-09-10T04:12:12.308934Z","level":"info","event":"throttle_pct: double","logger":"task.stdout"}
{"timestamp":"2026-09-10T04:12:12.309038Z","level":"info","event":"brake: bool","logger":"task.stdout"}
{"timestamp":"2026-09-10T04:12:12.309143Z","level":"info","event":"drs: int32","logger":"task.stdout"}
{"timestamp":"2026-09-10T04:12:12.309265Z","level":"info","event":"x: double","logger":"task.stdout"}
{"timestamp":"2026-09-10T04:12:12.309388Z","level":"info","event":"y: double","logger":"task.stdout"}
{"timestamp":"2026-09-10T04:12:12.309489Z","level":"info","event":"z: double","logger":"task.stdout"}
{"timestamp":"2026-09-10T04:12:12.309595Z","level":"info","event":"distance: double","logger":"task.stdout"}
{"timestamp":"2026-09-10T04:12:12.309701Z","level":"info","event":"relative_distance: double","logger":"task.stdout"}
{"timestamp":"2026-09-10T04:12:12.309813Z","level":"info","event":"driver_ahead: string","logger":"task.stdout"}
{"timestamp":"2026-09-10T04:12:12.309941Z","level":"info","event":"distance_to_driver_ahead: double","logger":"task.stdout"}
{"timestamp":"2026-09-10T04:12:12.310056Z","level":"info","event":"source: string","logger":"task.stdout"}
{"timestamp":"2026-09-10T04:12:12.310168Z","level":"info","event":"status: string","logger":"task.stdout"}
{"timestamp":"2026-09-10T04:12:12.310271Z","level":"info","event":"source_system: string","logger":"task.stdout"}
{"timestamp":"2026-09-10T04:12:12.310373Z","level":"info","event":"ingested_at: timestamp[us, tz=UTC]","logger":"task.stdout"}
{"timestamp":"2026-09-10T04:12:12.310478Z","level":"info","event":"-- schema metadata --","logger":"task.stdout"}
{"timestamp":"2026-09-10T04:12:12.310581Z","level":"info","event":"pandas: '{\"index_columns\": [], \"column_indexes\": [], \"columns\": [{\"name\":' + 3466","logger":"task.stdout"}
{"timestamp":"2026-09-10T04:12:12.310686Z","level":"info","event":"","logger":"task.stdout"}
{"timestamp":"2026-09-10T04:12:12.310795Z","level":"info","event":"======================================================================","logger":"task.stdout"}
{"timestamp":"2026-09-10T04:12:12.310917Z","level":"info","event":"ICEBERG WRITE","logger":"task.stdout"}
{"timestamp":"2026-09-10T04:12:12.311042Z","level":"info","event":"======================================================================","logger":"task.stdout"}
{"timestamp":"2026-09-10T04:12:12.311155Z","level":"info","event":"Writing 36,948 telemetry rows...","logger":"task.stdout"}
{"timestamp":"2026-09-10T04:12:12.311264Z","level":"info","event":"Iceberg commit successful.","logger":"task.stdout"}
{"timestamp":"2026-09-10T04:12:12.311370Z","level":"info","event":"","logger":"task.stdout"}
{"timestamp":"2026-09-10T04:12:12.311484Z","level":"info","event":"======================================================================","logger":"task.stdout"}
{"timestamp":"2026-09-10T04:12:12.311595Z","level":"info","event":"ICEBERG VALIDATION","logger":"task.stdout"}
{"timestamp":"2026-09-10T04:12:12.311703Z","level":"info","event":"======================================================================","logger":"task.stdout"}
{"timestamp":"2026-09-10T04:12:12.311811Z","level":"info","event":"Table: bronze.telemetry","logger":"task.stdout"}
{"timestamp":"2026-09-10T04:12:12.311928Z","level":"info","event":"Snapshot ID: 469066322891349037","logger":"task.stdout"}
{"timestamp":"2026-09-10T04:12:12.312034Z","level":"info","event":"","logger":"task.stdout"}
{"timestamp":"2026-09-10T04:12:12.312147Z","level":"info","event":"Partition spec:","logger":"task.stdout"}
{"timestamp":"2026-09-10T04:12:12.312256Z","level":"info","event":"[","logger":"task.stdout"}
{"timestamp":"2026-09-10T04:12:12.312365Z","level":"info","event":"  1000: season: identity(1)","logger":"task.stdout"}
{"timestamp":"2026-09-10T04:12:12.312478Z","level":"info","event":"  1001: event_slug: identity(3)","logger":"task.stdout"}
{"timestamp":"2026-09-10T04:12:12.312586Z","level":"info","event":"  1002: session_type: identity(4)","logger":"task.stdout"}
{"timestamp":"2026-09-10T04:12:12.312692Z","level":"info","event":"  1003: driver_code: identity(5)","logger":"task.stdout"}
{"timestamp":"2026-09-10T04:12:12.312797Z","level":"info","event":"]","logger":"task.stdout"}
{"timestamp":"2026-09-10T04:12:12.312915Z","level":"info","event":"","logger":"task.stdout"}
{"timestamp":"2026-09-10T04:12:12.313024Z","level":"info","event":"Schema:","logger":"task.stdout"}
{"timestamp":"2026-09-10T04:12:12.313142Z","level":"info","event":"table {","logger":"task.stdout"}
{"timestamp":"2026-09-10T04:12:12.313256Z","level":"info","event":"  1: season: optional int","logger":"task.stdout"}
{"timestamp":"2026-09-10T04:12:12.313370Z","level":"info","event":"  2: event_name: optional string","logger":"task.stdout"}
{"timestamp":"2026-09-10T04:12:12.313477Z","level":"info","event":"  3: event_slug: optional string","logger":"task.stdout"}
{"timestamp":"2026-09-10T04:12:12.313579Z","level":"info","event":"  4: session_type: optional string","logger":"task.stdout"}
{"timestamp":"2026-09-10T04:12:12.313685Z","level":"info","event":"  5: driver_code: optional string","logger":"task.stdout"}
{"timestamp":"2026-09-10T04:12:12.313781Z","level":"info","event":"  6: driver_number: optional string","logger":"task.stdout"}
{"timestamp":"2026-09-10T04:12:12.313891Z","level":"info","event":"  7: team_name: optional string","logger":"task.stdout"}
{"timestamp":"2026-09-10T04:12:12.313990Z","level":"info","event":"  8: lap_number: optional int","logger":"task.stdout"}
{"timestamp":"2026-09-10T04:12:12.314087Z","level":"info","event":"  9: sample_timestamp_utc: optional timestamptz","logger":"task.stdout"}
{"timestamp":"2026-09-10T04:12:12.314184Z","level":"info","event":"  10: session_time_ms: optional long","logger":"task.stdout"}
{"timestamp":"2026-09-10T04:12:12.314277Z","level":"info","event":"  11: sample_time_ms: optional long","logger":"task.stdout"}
{"timestamp":"2026-09-10T04:12:12.314369Z","level":"info","event":"  12: rpm: optional double","logger":"task.stdout"}
{"timestamp":"2026-09-10T04:12:12.314459Z","level":"info","event":"  13: speed_kph: optional double","logger":"task.stdout"}
{"timestamp":"2026-09-10T04:12:12.314549Z","level":"info","event":"  14: gear: optional int","logger":"task.stdout"}
{"timestamp":"2026-09-10T04:12:12.314642Z","level":"info","event":"  15: throttle_pct: optional double","logger":"task.stdout"}
{"timestamp":"2026-09-10T04:12:12.314734Z","level":"info","event":"  16: brake: optional boolean","logger":"task.stdout"}
{"timestamp":"2026-09-10T04:12:12.314834Z","level":"info","event":"  17: drs: optional int","logger":"task.stdout"}
{"timestamp":"2026-09-10T04:12:12.314931Z","level":"info","event":"  18: x: optional double","logger":"task.stdout"}
{"timestamp":"2026-09-10T04:12:12.315023Z","level":"info","event":"  19: y: optional double","logger":"task.stdout"}
{"timestamp":"2026-09-10T04:12:12.315116Z","level":"info","event":"  20: z: optional double","logger":"task.stdout"}
{"timestamp":"2026-09-10T04:12:12.315203Z","level":"info","event":"  21: distance: optional double","logger":"task.stdout"}
{"timestamp":"2026-09-10T04:12:12.315288Z","level":"info","event":"  22: relative_distance: optional double","logger":"task.stdout"}
{"timestamp":"2026-09-10T04:12:12.315385Z","level":"info","event":"  23: driver_ahead: optional string","logger":"task.stdout"}
{"timestamp":"2026-09-10T04:12:12.315470Z","level":"info","event":"  24: distance_to_driver_ahead: optional double","logger":"task.stdout"}
{"timestamp":"2026-09-10T04:12:12.315551Z","level":"info","event":"  25: source: optional string","logger":"task.stdout"}
{"timestamp":"2026-09-10T04:12:12.315633Z","level":"info","event":"  26: status: optional string","logger":"task.stdout"}
{"timestamp":"2026-09-10T04:12:12.315715Z","level":"info","event":"  27: source_system: optional string","logger":"task.stdout"}
{"timestamp":"2026-09-10T04:12:12.315797Z","level":"info","event":"  28: ingested_at: optional timestamptz","logger":"task.stdout"}
{"timestamp":"2026-09-10T04:12:12.315890Z","level":"info","event":"}","logger":"task.stdout"}
{"timestamp":"2026-09-10T04:12:12.315971Z","level":"info","event":"","logger":"task.stdout"}
{"timestamp":"2026-09-10T04:12:12.316051Z","level":"info","event":"======================================================================","logger":"task.stdout"}
{"timestamp":"2026-09-10T04:12:12.316130Z","level":"info","event":"TELEMETRY PROMOTION COMPLETE","logger":"task.stdout"}
{"timestamp":"2026-09-10T04:12:12.316216Z","level":"info","event":"======================================================================","logger":"task.stdout"}
{"timestamp":"2026-09-10T04:12:12.316298Z","level":"info","event":"Table: bronze.telemetry","logger":"task.stdout"}
{"timestamp":"2026-09-10T04:12:14.041734Z","level":"info","event":"","logger":"task.stdout"}
{"timestamp":"2026-09-10T04:12:14.042513Z","level":"info","event":"======================================================================","logger":"task.stdout"}
{"timestamp":"2026-09-10T04:12:14.042866Z","level":"info","event":"RAW TELEMETRY READ","logger":"task.stdout"}
{"timestamp":"2026-09-10T04:12:14.043183Z","level":"info","event":"======================================================================","logger":"task.stdout"}
{"timestamp":"2026-09-10T04:12:14.043543Z","level":"info","event":"s3://f1-raw/season=2026/event=italian-grand-prix/session=R/telemetry/driver=SAI/telemetry.parquet","logger":"task.stdout"}
{"timestamp":"2026-09-10T04:12:14.043902Z","level":"info","event":"Rows:    37,096","logger":"task.stdout"}
{"timestamp":"2026-09-10T04:12:14.044222Z","level":"info","event":"Columns: 26","logger":"task.stdout"}
{"timestamp":"2026-09-10T04:12:14.044522Z","level":"info","event":"","logger":"task.stdout"}
{"timestamp":"2026-09-10T04:12:14.044857Z","level":"info","event":"======================================================================","logger":"task.stdout"}
{"timestamp":"2026-09-10T04:12:14.045153Z","level":"info","event":"NORMALIZE TELEMETRY","logger":"task.stdout"}
{"timestamp":"2026-09-10T04:12:14.045429Z","level":"info","event":"======================================================================","logger":"task.stdout"}
{"timestamp":"2026-09-10T04:12:14.045699Z","level":"info","event":"Rows:    37,096","logger":"task.stdout"}
{"timestamp":"2026-09-10T04:12:14.045982Z","level":"info","event":"Columns: 28","logger":"task.stdout"}
{"timestamp":"2026-09-10T04:12:14.046254Z","level":"info","event":"","logger":"task.stdout"}
{"timestamp":"2026-09-10T04:12:14.046577Z","level":"info","event":"season: int32","logger":"task.stdout"}
{"timestamp":"2026-09-10T04:12:14.046916Z","level":"info","event":"event_name: string","logger":"task.stdout"}
{"timestamp":"2026-09-10T04:12:14.047230Z","level":"info","event":"event_slug: string","logger":"task.stdout"}
{"timestamp":"2026-09-10T04:12:14.047515Z","level":"info","event":"session_type: string","logger":"task.stdout"}
{"timestamp":"2026-09-10T04:12:14.047800Z","level":"info","event":"driver_code: string","logger":"task.stdout"}
{"timestamp":"2026-09-10T04:12:14.048093Z","level":"info","event":"driver_number: string","logger":"task.stdout"}
{"timestamp":"2026-09-10T04:12:14.048343Z","level":"info","event":"team_name: string","logger":"task.stdout"}
{"timestamp":"2026-09-10T04:12:14.048602Z","level":"info","event":"lap_number: int32","logger":"task.stdout"}
{"timestamp":"2026-09-10T04:12:14.048873Z","level":"info","event":"sample_timestamp_utc: timestamp[us, tz=UTC]","logger":"task.stdout"}
{"timestamp":"2026-09-10T04:12:14.049142Z","level":"info","event":"session_time_ms: int64","logger":"task.stdout"}
{"timestamp":"2026-09-10T04:12:14.049382Z","level":"info","event":"sample_time_ms: int64","logger":"task.stdout"}
{"timestamp":"2026-09-10T04:12:14.049622Z","level":"info","event":"rpm: double","logger":"task.stdout"}
{"timestamp":"2026-09-10T04:12:14.049886Z","level":"info","event":"speed_kph: double","logger":"task.stdout"}
{"timestamp":"2026-09-10T04:12:14.050186Z","level":"info","event":"gear: int32","logger":"task.stdout"}
{"timestamp":"2026-09-10T04:12:14.050492Z","level":"info","event":"throttle_pct: double","logger":"task.stdout"}
{"timestamp":"2026-09-10T04:12:14.050801Z","level":"info","event":"brake: bool","logger":"task.stdout"}
{"timestamp":"2026-09-10T04:12:14.051132Z","level":"info","event":"drs: int32","logger":"task.stdout"}
{"timestamp":"2026-09-10T04:12:14.051455Z","level":"info","event":"x: double","logger":"task.stdout"}
{"timestamp":"2026-09-10T04:12:14.051796Z","level":"info","event":"y: double","logger":"task.stdout"}
{"timestamp":"2026-09-10T04:12:14.052213Z","level":"info","event":"z: double","logger":"task.stdout"}
{"timestamp":"2026-09-10T04:12:14.052599Z","level":"info","event":"distance: double","logger":"task.stdout"}
{"timestamp":"2026-09-10T04:12:14.053001Z","level":"info","event":"relative_distance: double","logger":"task.stdout"}
{"timestamp":"2026-09-10T04:12:14.053365Z","level":"info","event":"driver_ahead: string","logger":"task.stdout"}
{"timestamp":"2026-09-10T04:12:14.053743Z","level":"info","event":"distance_to_driver_ahead: double","logger":"task.stdout"}
{"timestamp":"2026-09-10T04:12:14.054161Z","level":"info","event":"source: string","logger":"task.stdout"}
{"timestamp":"2026-09-10T04:12:14.054505Z","level":"info","event":"status: string","logger":"task.stdout"}
{"timestamp":"2026-09-10T04:12:14.054854Z","level":"info","event":"source_system: string","logger":"task.stdout"}
{"timestamp":"2026-09-10T04:12:14.055265Z","level":"info","event":"ingested_at: timestamp[us, tz=UTC]","logger":"task.stdout"}
{"timestamp":"2026-09-10T04:12:14.055603Z","level":"info","event":"-- schema metadata --","logger":"task.stdout"}
{"timestamp":"2026-09-10T04:12:14.055924Z","level":"info","event":"pandas: '{\"index_columns\": [], \"column_indexes\": [], \"columns\": [{\"name\":' + 3466","logger":"task.stdout"}
{"timestamp":"2026-09-10T04:12:14.056242Z","level":"info","event":"","logger":"task.stdout"}
{"timestamp":"2026-09-10T04:12:14.056560Z","level":"info","event":"======================================================================","logger":"task.stdout"}
{"timestamp":"2026-09-10T04:12:14.056934Z","level":"info","event":"ICEBERG WRITE","logger":"task.stdout"}
{"timestamp":"2026-09-10T04:12:14.057297Z","level":"info","event":"======================================================================","logger":"task.stdout"}
{"timestamp":"2026-09-10T04:12:14.057657Z","level":"info","event":"Writing 37,096 telemetry rows...","logger":"task.stdout"}
{"timestamp":"2026-09-10T04:12:14.058032Z","level":"info","event":"Iceberg commit successful.","logger":"task.stdout"}
{"timestamp":"2026-09-10T04:12:14.058380Z","level":"info","event":"","logger":"task.stdout"}
{"timestamp":"2026-09-10T04:12:14.058705Z","level":"info","event":"======================================================================","logger":"task.stdout"}
{"timestamp":"2026-09-10T04:12:14.059050Z","level":"info","event":"ICEBERG VALIDATION","logger":"task.stdout"}
{"timestamp":"2026-09-10T04:12:14.059357Z","level":"info","event":"======================================================================","logger":"task.stdout"}
{"timestamp":"2026-09-10T04:12:14.059651Z","level":"info","event":"Table: bronze.telemetry","logger":"task.stdout"}
{"timestamp":"2026-09-10T04:12:14.059992Z","level":"info","event":"Snapshot ID: 9214521710929996572","logger":"task.stdout"}
{"timestamp":"2026-09-10T04:12:14.060306Z","level":"info","event":"","logger":"task.stdout"}
{"timestamp":"2026-09-10T04:12:14.060589Z","level":"info","event":"Partition spec:","logger":"task.stdout"}
{"timestamp":"2026-09-10T04:12:14.060898Z","level":"info","event":"[","logger":"task.stdout"}
{"timestamp":"2026-09-10T04:12:14.061186Z","level":"info","event":"  1000: season: identity(1)","logger":"task.stdout"}
{"timestamp":"2026-09-10T04:12:14.061471Z","level":"info","event":"  1001: event_slug: identity(3)","logger":"task.stdout"}
{"timestamp":"2026-09-10T04:12:14.061751Z","level":"info","event":"  1002: session_type: identity(4)","logger":"task.stdout"}
{"timestamp":"2026-09-10T04:12:14.062066Z","level":"info","event":"  1003: driver_code: identity(5)","logger":"task.stdout"}
{"timestamp":"2026-09-10T04:12:14.062350Z","level":"info","event":"]","logger":"task.stdout"}
{"timestamp":"2026-09-10T04:12:14.062638Z","level":"info","event":"","logger":"task.stdout"}
{"timestamp":"2026-09-10T04:12:14.062951Z","level":"info","event":"Schema:","logger":"task.stdout"}
{"timestamp":"2026-09-10T04:12:14.063206Z","level":"info","event":"table {","logger":"task.stdout"}
{"timestamp":"2026-09-10T04:12:14.063431Z","level":"info","event":"  1: season: optional int","logger":"task.stdout"}
{"timestamp":"2026-09-10T04:12:14.063647Z","level":"info","event":"  2: event_name: optional string","logger":"task.stdout"}
{"timestamp":"2026-09-10T04:12:14.063858Z","level":"info","event":"  3: event_slug: optional string","logger":"task.stdout"}
{"timestamp":"2026-09-10T04:12:14.064068Z","level":"info","event":"  4: session_type: optional string","logger":"task.stdout"}
{"timestamp":"2026-09-10T04:12:14.064246Z","level":"info","event":"  5: driver_code: optional string","logger":"task.stdout"}
{"timestamp":"2026-09-10T04:12:14.064428Z","level":"info","event":"  6: driver_number: optional string","logger":"task.stdout"}
{"timestamp":"2026-09-10T04:12:14.064613Z","level":"info","event":"  7: team_name: optional string","logger":"task.stdout"}
{"timestamp":"2026-09-10T04:12:14.064793Z","level":"info","event":"  8: lap_number: optional int","logger":"task.stdout"}
{"timestamp":"2026-09-10T04:12:14.065001Z","level":"info","event":"  9: sample_timestamp_utc: optional timestamptz","logger":"task.stdout"}
{"timestamp":"2026-09-10T04:12:14.065194Z","level":"info","event":"  10: session_time_ms: optional long","logger":"task.stdout"}
{"timestamp":"2026-09-10T04:12:14.065365Z","level":"info","event":"  11: sample_time_ms: optional long","logger":"task.stdout"}
{"timestamp":"2026-09-10T04:12:14.065526Z","level":"info","event":"  12: rpm: optional double","logger":"task.stdout"}
{"timestamp":"2026-09-10T04:12:14.065680Z","level":"info","event":"  13: speed_kph: optional double","logger":"task.stdout"}
{"timestamp":"2026-09-10T04:12:14.065844Z","level":"info","event":"  14: gear: optional int","logger":"task.stdout"}
{"timestamp":"2026-09-10T04:12:14.066010Z","level":"info","event":"  15: throttle_pct: optional double","logger":"task.stdout"}
{"timestamp":"2026-09-10T04:12:14.066159Z","level":"info","event":"  16: brake: optional boolean","logger":"task.stdout"}
{"timestamp":"2026-09-10T04:12:14.066307Z","level":"info","event":"  17: drs: optional int","logger":"task.stdout"}
{"timestamp":"2026-09-10T04:12:14.066453Z","level":"info","event":"  18: x: optional double","logger":"task.stdout"}
{"timestamp":"2026-09-10T04:12:14.066596Z","level":"info","event":"  19: y: optional double","logger":"task.stdout"}
{"timestamp":"2026-09-10T04:12:14.066737Z","level":"info","event":"  20: z: optional double","logger":"task.stdout"}
{"timestamp":"2026-09-10T04:12:14.066890Z","level":"info","event":"  21: distance: optional double","logger":"task.stdout"}
{"timestamp":"2026-09-10T04:12:14.067038Z","level":"info","event":"  22: relative_distance: optional double","logger":"task.stdout"}
{"timestamp":"2026-09-10T04:12:14.067181Z","level":"info","event":"  23: driver_ahead: optional string","logger":"task.stdout"}
{"timestamp":"2026-09-10T04:12:14.067322Z","level":"info","event":"  24: distance_to_driver_ahead: optional double","logger":"task.stdout"}
{"timestamp":"2026-09-10T04:12:14.067466Z","level":"info","event":"  25: source: optional string","logger":"task.stdout"}
{"timestamp":"2026-09-10T04:12:14.067618Z","level":"info","event":"  26: status: optional string","logger":"task.stdout"}
{"timestamp":"2026-09-10T04:12:14.067763Z","level":"info","event":"  27: source_system: optional string","logger":"task.stdout"}
{"timestamp":"2026-09-10T04:12:14.067912Z","level":"info","event":"  28: ingested_at: optional timestamptz","logger":"task.stdout"}
{"timestamp":"2026-09-10T04:12:14.068056Z","level":"info","event":"}","logger":"task.stdout"}
{"timestamp":"2026-09-10T04:12:14.068200Z","level":"info","event":"","logger":"task.stdout"}
{"timestamp":"2026-09-10T04:12:14.068342Z","level":"info","event":"======================================================================","logger":"task.stdout"}
{"timestamp":"2026-09-10T04:12:14.068484Z","level":"info","event":"TELEMETRY PROMOTION COMPLETE","logger":"task.stdout"}
{"timestamp":"2026-09-10T04:12:14.068626Z","level":"info","event":"======================================================================","logger":"task.stdout"}
{"timestamp":"2026-09-10T04:12:14.068787Z","level":"info","event":"Table: bronze.telemetry","logger":"task.stdout"}
{"timestamp":"2026-09-10T04:12:15.795786Z","level":"info","event":"","logger":"task.stdout"}
{"timestamp":"2026-09-10T04:12:15.796162Z","level":"info","event":"======================================================================","logger":"task.stdout"}
{"timestamp":"2026-09-10T04:12:15.796248Z","level":"info","event":"RAW TELEMETRY READ","logger":"task.stdout"}
{"timestamp":"2026-09-10T04:12:15.796297Z","level":"info","event":"======================================================================","logger":"task.stdout"}
{"timestamp":"2026-09-10T04:12:15.796342Z","level":"info","event":"s3://f1-raw/season=2026/event=italian-grand-prix/session=R/telemetry/driver=LAW/telemetry.parquet","logger":"task.stdout"}
{"timestamp":"2026-09-10T04:12:15.796386Z","level":"info","event":"Rows:    37,095","logger":"task.stdout"}
{"timestamp":"2026-09-10T04:12:15.796429Z","level":"info","event":"Columns: 26","logger":"task.stdout"}
{"timestamp":"2026-09-10T04:12:15.796472Z","level":"info","event":"","logger":"task.stdout"}
{"timestamp":"2026-09-10T04:12:15.796514Z","level":"info","event":"======================================================================","logger":"task.stdout"}
{"timestamp":"2026-09-10T04:12:15.796556Z","level":"info","event":"NORMALIZE TELEMETRY","logger":"task.stdout"}
{"timestamp":"2026-09-10T04:12:15.796596Z","level":"info","event":"======================================================================","logger":"task.stdout"}
{"timestamp":"2026-09-10T04:12:15.796636Z","level":"info","event":"Rows:    37,095","logger":"task.stdout"}
{"timestamp":"2026-09-10T04:12:15.796676Z","level":"info","event":"Columns: 28","logger":"task.stdout"}
{"timestamp":"2026-09-10T04:12:15.796715Z","level":"info","event":"","logger":"task.stdout"}
{"timestamp":"2026-09-10T04:12:15.796756Z","level":"info","event":"season: int32","logger":"task.stdout"}
{"timestamp":"2026-09-10T04:12:15.796796Z","level":"info","event":"event_name: string","logger":"task.stdout"}
{"timestamp":"2026-09-10T04:12:15.796842Z","level":"info","event":"event_slug: string","logger":"task.stdout"}
{"timestamp":"2026-09-10T04:12:15.796881Z","level":"info","event":"session_type: string","logger":"task.stdout"}
{"timestamp":"2026-09-10T04:12:15.796921Z","level":"info","event":"driver_code: string","logger":"task.stdout"}
{"timestamp":"2026-09-10T04:12:15.796960Z","level":"info","event":"driver_number: string","logger":"task.stdout"}
{"timestamp":"2026-09-10T04:12:15.797001Z","level":"info","event":"team_name: string","logger":"task.stdout"}
{"timestamp":"2026-09-10T04:12:15.797040Z","level":"info","event":"lap_number: int32","logger":"task.stdout"}
{"timestamp":"2026-09-10T04:12:15.797079Z","level":"info","event":"sample_timestamp_utc: timestamp[us, tz=UTC]","logger":"task.stdout"}
{"timestamp":"2026-09-10T04:12:15.797119Z","level":"info","event":"session_time_ms: int64","logger":"task.stdout"}
{"timestamp":"2026-09-10T04:12:15.797159Z","level":"info","event":"sample_time_ms: int64","logger":"task.stdout"}
{"timestamp":"2026-09-10T04:12:15.797198Z","level":"info","event":"rpm: double","logger":"task.stdout"}
{"timestamp":"2026-09-10T04:12:15.797237Z","level":"info","event":"speed_kph: double","logger":"task.stdout"}
{"timestamp":"2026-09-10T04:12:15.797278Z","level":"info","event":"gear: int32","logger":"task.stdout"}
{"timestamp":"2026-09-10T04:12:15.797318Z","level":"info","event":"throttle_pct: double","logger":"task.stdout"}
{"timestamp":"2026-09-10T04:12:15.797357Z","level":"info","event":"brake: bool","logger":"task.stdout"}
{"timestamp":"2026-09-10T04:12:15.797397Z","level":"info","event":"drs: int32","logger":"task.stdout"}
{"timestamp":"2026-09-10T04:12:15.797436Z","level":"info","event":"x: double","logger":"task.stdout"}
{"timestamp":"2026-09-10T04:12:15.797475Z","level":"info","event":"y: double","logger":"task.stdout"}
{"timestamp":"2026-09-10T04:12:15.797514Z","level":"info","event":"z: double","logger":"task.stdout"}
{"timestamp":"2026-09-10T04:12:15.797562Z","level":"info","event":"distance: double","logger":"task.stdout"}
{"timestamp":"2026-09-10T04:12:15.797610Z","level":"info","event":"relative_distance: double","logger":"task.stdout"}
{"timestamp":"2026-09-10T04:12:15.797651Z","level":"info","event":"driver_ahead: string","logger":"task.stdout"}
{"timestamp":"2026-09-10T04:12:15.797691Z","level":"info","event":"distance_to_driver_ahead: double","logger":"task.stdout"}
{"timestamp":"2026-09-10T04:12:15.797732Z","level":"info","event":"source: string","logger":"task.stdout"}
{"timestamp":"2026-09-10T04:12:15.797775Z","level":"info","event":"status: string","logger":"task.stdout"}
{"timestamp":"2026-09-10T04:12:15.797816Z","level":"info","event":"source_system: string","logger":"task.stdout"}
{"timestamp":"2026-09-10T04:12:15.797863Z","level":"info","event":"ingested_at: timestamp[us, tz=UTC]","logger":"task.stdout"}
{"timestamp":"2026-09-10T04:12:15.797906Z","level":"info","event":"-- schema metadata --","logger":"task.stdout"}
{"timestamp":"2026-09-10T04:12:15.797948Z","level":"info","event":"pandas: '{\"index_columns\": [], \"column_indexes\": [], \"columns\": [{\"name\":' + 3466","logger":"task.stdout"}
{"timestamp":"2026-09-10T04:12:15.797991Z","level":"info","event":"","logger":"task.stdout"}
{"timestamp":"2026-09-10T04:12:15.798035Z","level":"info","event":"======================================================================","logger":"task.stdout"}
{"timestamp":"2026-09-10T04:12:15.798077Z","level":"info","event":"ICEBERG WRITE","logger":"task.stdout"}
{"timestamp":"2026-09-10T04:12:15.798120Z","level":"info","event":"======================================================================","logger":"task.stdout"}
{"timestamp":"2026-09-10T04:12:15.798161Z","level":"info","event":"Writing 37,095 telemetry rows...","logger":"task.stdout"}
{"timestamp":"2026-09-10T04:12:15.798204Z","level":"info","event":"Iceberg commit successful.","logger":"task.stdout"}
{"timestamp":"2026-09-10T04:12:15.798245Z","level":"info","event":"","logger":"task.stdout"}
{"timestamp":"2026-09-10T04:12:15.798288Z","level":"info","event":"======================================================================","logger":"task.stdout"}
{"timestamp":"2026-09-10T04:12:15.798329Z","level":"info","event":"ICEBERG VALIDATION","logger":"task.stdout"}
{"timestamp":"2026-09-10T04:12:15.798371Z","level":"info","event":"======================================================================","logger":"task.stdout"}
{"timestamp":"2026-09-10T04:12:15.798412Z","level":"info","event":"Table: bronze.telemetry","logger":"task.stdout"}
{"timestamp":"2026-09-10T04:12:15.798454Z","level":"info","event":"Snapshot ID: 1832822873762733365","logger":"task.stdout"}
{"timestamp":"2026-09-10T04:12:15.798494Z","level":"info","event":"","logger":"task.stdout"}
{"timestamp":"2026-09-10T04:12:15.798538Z","level":"info","event":"Partition spec:","logger":"task.stdout"}
{"timestamp":"2026-09-10T04:12:15.798579Z","level":"info","event":"[","logger":"task.stdout"}
{"timestamp":"2026-09-10T04:12:15.798620Z","level":"info","event":"  1000: season: identity(1)","logger":"task.stdout"}
{"timestamp":"2026-09-10T04:12:15.798662Z","level":"info","event":"  1001: event_slug: identity(3)","logger":"task.stdout"}
{"timestamp":"2026-09-10T04:12:15.798701Z","level":"info","event":"  1002: session_type: identity(4)","logger":"task.stdout"}
{"timestamp":"2026-09-10T04:12:15.798742Z","level":"info","event":"  1003: driver_code: identity(5)","logger":"task.stdout"}
{"timestamp":"2026-09-10T04:12:15.798783Z","level":"info","event":"]","logger":"task.stdout"}
{"timestamp":"2026-09-10T04:12:15.798824Z","level":"info","event":"","logger":"task.stdout"}
{"timestamp":"2026-09-10T04:12:15.798872Z","level":"info","event":"Schema:","logger":"task.stdout"}
{"timestamp":"2026-09-10T04:12:15.798914Z","level":"info","event":"table {","logger":"task.stdout"}
{"timestamp":"2026-09-10T04:12:15.798954Z","level":"info","event":"  1: season: optional int","logger":"task.stdout"}
{"timestamp":"2026-09-10T04:12:15.798996Z","level":"info","event":"  2: event_name: optional string","logger":"task.stdout"}
{"timestamp":"2026-09-10T04:12:15.799038Z","level":"info","event":"  3: event_slug: optional string","logger":"task.stdout"}
{"timestamp":"2026-09-10T04:12:15.799080Z","level":"info","event":"  4: session_type: optional string","logger":"task.stdout"}
{"timestamp":"2026-09-10T04:12:15.799120Z","level":"info","event":"  5: driver_code: optional string","logger":"task.stdout"}
{"timestamp":"2026-09-10T04:12:15.799161Z","level":"info","event":"  6: driver_number: optional string","logger":"task.stdout"}
{"timestamp":"2026-09-10T04:12:15.799202Z","level":"info","event":"  7: team_name: optional string","logger":"task.stdout"}
{"timestamp":"2026-09-10T04:12:15.799242Z","level":"info","event":"  8: lap_number: optional int","logger":"task.stdout"}
{"timestamp":"2026-09-10T04:12:15.799282Z","level":"info","event":"  9: sample_timestamp_utc: optional timestamptz","logger":"task.stdout"}
{"timestamp":"2026-09-10T04:12:15.799321Z","level":"info","event":"  10: session_time_ms: optional long","logger":"task.stdout"}
{"timestamp":"2026-09-10T04:12:15.799362Z","level":"info","event":"  11: sample_time_ms: optional long","logger":"task.stdout"}
{"timestamp":"2026-09-10T04:12:15.799403Z","level":"info","event":"  12: rpm: optional double","logger":"task.stdout"}
{"timestamp":"2026-09-10T04:12:15.799442Z","level":"info","event":"  13: speed_kph: optional double","logger":"task.stdout"}
{"timestamp":"2026-09-10T04:12:15.799482Z","level":"info","event":"  14: gear: optional int","logger":"task.stdout"}
{"timestamp":"2026-09-10T04:12:15.799522Z","level":"info","event":"  15: throttle_pct: optional double","logger":"task.stdout"}
{"timestamp":"2026-09-10T04:12:15.799563Z","level":"info","event":"  16: brake: optional boolean","logger":"task.stdout"}
{"timestamp":"2026-09-10T04:12:15.799603Z","level":"info","event":"  17: drs: optional int","logger":"task.stdout"}
{"timestamp":"2026-09-10T04:12:15.799644Z","level":"info","event":"  18: x: optional double","logger":"task.stdout"}
{"timestamp":"2026-09-10T04:12:15.799684Z","level":"info","event":"  19: y: optional double","logger":"task.stdout"}
{"timestamp":"2026-09-10T04:12:15.799723Z","level":"info","event":"  20: z: optional double","logger":"task.stdout"}
{"timestamp":"2026-09-10T04:12:15.799766Z","level":"info","event":"  21: distance: optional double","logger":"task.stdout"}
{"timestamp":"2026-09-10T04:12:15.799807Z","level":"info","event":"  22: relative_distance: optional double","logger":"task.stdout"}
{"timestamp":"2026-09-10T04:12:15.799856Z","level":"info","event":"  23: driver_ahead: optional string","logger":"task.stdout"}
{"timestamp":"2026-09-10T04:12:15.799898Z","level":"info","event":"  24: distance_to_driver_ahead: optional double","logger":"task.stdout"}
{"timestamp":"2026-09-10T04:12:15.799937Z","level":"info","event":"  25: source: optional string","logger":"task.stdout"}
{"timestamp":"2026-09-10T04:12:15.799977Z","level":"info","event":"  26: status: optional string","logger":"task.stdout"}
{"timestamp":"2026-09-10T04:12:15.800019Z","level":"info","event":"  27: source_system: optional string","logger":"task.stdout"}
{"timestamp":"2026-09-10T04:12:15.800061Z","level":"info","event":"  28: ingested_at: optional timestamptz","logger":"task.stdout"}
{"timestamp":"2026-09-10T04:12:15.800101Z","level":"info","event":"}","logger":"task.stdout"}
{"timestamp":"2026-09-10T04:12:15.800145Z","level":"info","event":"","logger":"task.stdout"}
{"timestamp":"2026-09-10T04:12:15.800187Z","level":"info","event":"======================================================================","logger":"task.stdout"}
{"timestamp":"2026-09-10T04:12:15.800233Z","level":"info","event":"TELEMETRY PROMOTION COMPLETE","logger":"task.stdout"}
{"timestamp":"2026-09-10T04:12:15.800286Z","level":"info","event":"======================================================================","logger":"task.stdout"}
{"timestamp":"2026-09-10T04:12:15.800330Z","level":"info","event":"Table: bronze.telemetry","logger":"task.stdout"}
{"timestamp":"2026-09-10T04:12:17.688738Z","level":"info","event":"","logger":"task.stdout"}
{"timestamp":"2026-09-10T04:12:17.689122Z","level":"info","event":"======================================================================","logger":"task.stdout"}
{"timestamp":"2026-09-10T04:12:17.689324Z","level":"info","event":"RAW TELEMETRY READ","logger":"task.stdout"}
{"timestamp":"2026-09-10T04:12:17.689502Z","level":"info","event":"======================================================================","logger":"task.stdout"}
{"timestamp":"2026-09-10T04:12:17.689669Z","level":"info","event":"s3://f1-raw/season=2026/event=italian-grand-prix/session=R/telemetry/driver=BEA/telemetry.parquet","logger":"task.stdout"}
{"timestamp":"2026-09-10T04:12:17.689868Z","level":"info","event":"Rows:    36,986","logger":"task.stdout"}
{"timestamp":"2026-09-10T04:12:17.690033Z","level":"info","event":"Columns: 26","logger":"task.stdout"}
{"timestamp":"2026-09-10T04:12:17.690235Z","level":"info","event":"","logger":"task.stdout"}
{"timestamp":"2026-09-10T04:12:17.690489Z","level":"info","event":"======================================================================","logger":"task.stdout"}
{"timestamp":"2026-09-10T04:12:17.690739Z","level":"info","event":"NORMALIZE TELEMETRY","logger":"task.stdout"}
{"timestamp":"2026-09-10T04:12:17.691006Z","level":"info","event":"======================================================================","logger":"task.stdout"}
{"timestamp":"2026-09-10T04:12:17.691211Z","level":"info","event":"Rows:    36,986","logger":"task.stdout"}
{"timestamp":"2026-09-10T04:12:17.691408Z","level":"info","event":"Columns: 28","logger":"task.stdout"}
{"timestamp":"2026-09-10T04:12:17.691617Z","level":"info","event":"","logger":"task.stdout"}
{"timestamp":"2026-09-10T04:12:17.691868Z","level":"info","event":"season: int32","logger":"task.stdout"}
{"timestamp":"2026-09-10T04:12:17.692094Z","level":"info","event":"event_name: string","logger":"task.stdout"}
{"timestamp":"2026-09-10T04:12:17.692277Z","level":"info","event":"event_slug: string","logger":"task.stdout"}
{"timestamp":"2026-09-10T04:12:17.692447Z","level":"info","event":"session_type: string","logger":"task.stdout"}
{"timestamp":"2026-09-10T04:12:17.692621Z","level":"info","event":"driver_code: string","logger":"task.stdout"}
{"timestamp":"2026-09-10T04:12:17.692796Z","level":"info","event":"driver_number: string","logger":"task.stdout"}
{"timestamp":"2026-09-10T04:12:17.692992Z","level":"info","event":"team_name: string","logger":"task.stdout"}
{"timestamp":"2026-09-10T04:12:17.693173Z","level":"info","event":"lap_number: int32","logger":"task.stdout"}
{"timestamp":"2026-09-10T04:12:17.693346Z","level":"info","event":"sample_timestamp_utc: timestamp[us, tz=UTC]","logger":"task.stdout"}
{"timestamp":"2026-09-10T04:12:17.693520Z","level":"info","event":"session_time_ms: int64","logger":"task.stdout"}
{"timestamp":"2026-09-10T04:12:17.693688Z","level":"info","event":"sample_time_ms: int64","logger":"task.stdout"}
{"timestamp":"2026-09-10T04:12:17.693866Z","level":"info","event":"rpm: double","logger":"task.stdout"}
{"timestamp":"2026-09-10T04:12:17.694049Z","level":"info","event":"speed_kph: double","logger":"task.stdout"}
{"timestamp":"2026-09-10T04:12:17.694231Z","level":"info","event":"gear: int32","logger":"task.stdout"}
{"timestamp":"2026-09-10T04:12:17.694420Z","level":"info","event":"throttle_pct: double","logger":"task.stdout"}
{"timestamp":"2026-09-10T04:12:17.694613Z","level":"info","event":"brake: bool","logger":"task.stdout"}
{"timestamp":"2026-09-10T04:12:17.694803Z","level":"info","event":"drs: int32","logger":"task.stdout"}
{"timestamp":"2026-09-10T04:12:17.695019Z","level":"info","event":"x: double","logger":"task.stdout"}
{"timestamp":"2026-09-10T04:12:17.695213Z","level":"info","event":"y: double","logger":"task.stdout"}
{"timestamp":"2026-09-10T04:12:17.695415Z","level":"info","event":"z: double","logger":"task.stdout"}
{"timestamp":"2026-09-10T04:12:17.695621Z","level":"info","event":"distance: double","logger":"task.stdout"}
{"timestamp":"2026-09-10T04:12:17.695860Z","level":"info","event":"relative_distance: double","logger":"task.stdout"}
{"timestamp":"2026-09-10T04:12:17.696097Z","level":"info","event":"driver_ahead: string","logger":"task.stdout"}
{"timestamp":"2026-09-10T04:12:17.696330Z","level":"info","event":"distance_to_driver_ahead: double","logger":"task.stdout"}
{"timestamp":"2026-09-10T04:12:17.696568Z","level":"info","event":"source: string","logger":"task.stdout"}
{"timestamp":"2026-09-10T04:12:17.696803Z","level":"info","event":"status: string","logger":"task.stdout"}
{"timestamp":"2026-09-10T04:12:17.697061Z","level":"info","event":"source_system: string","logger":"task.stdout"}
{"timestamp":"2026-09-10T04:12:17.697309Z","level":"info","event":"ingested_at: timestamp[us, tz=UTC]","logger":"task.stdout"}
{"timestamp":"2026-09-10T04:12:17.697548Z","level":"info","event":"-- schema metadata --","logger":"task.stdout"}
{"timestamp":"2026-09-10T04:12:17.697772Z","level":"info","event":"pandas: '{\"index_columns\": [], \"column_indexes\": [], \"columns\": [{\"name\":' + 3466","logger":"task.stdout"}
{"timestamp":"2026-09-10T04:12:17.698177Z","level":"info","event":"","logger":"task.stdout"}
{"timestamp":"2026-09-10T04:12:17.698363Z","level":"info","event":"======================================================================","logger":"task.stdout"}
{"timestamp":"2026-09-10T04:12:17.698451Z","level":"info","event":"ICEBERG WRITE","logger":"task.stdout"}
{"timestamp":"2026-09-10T04:12:17.698529Z","level":"info","event":"======================================================================","logger":"task.stdout"}
{"timestamp":"2026-09-10T04:12:17.698601Z","level":"info","event":"Writing 36,986 telemetry rows...","logger":"task.stdout"}
{"timestamp":"2026-09-10T04:12:17.698673Z","level":"info","event":"Iceberg commit successful.","logger":"task.stdout"}
{"timestamp":"2026-09-10T04:12:17.698744Z","level":"info","event":"","logger":"task.stdout"}
{"timestamp":"2026-09-10T04:12:17.698816Z","level":"info","event":"======================================================================","logger":"task.stdout"}
{"timestamp":"2026-09-10T04:12:17.698904Z","level":"info","event":"ICEBERG VALIDATION","logger":"task.stdout"}
{"timestamp":"2026-09-10T04:12:17.698975Z","level":"info","event":"======================================================================","logger":"task.stdout"}
{"timestamp":"2026-09-10T04:12:17.699044Z","level":"info","event":"Table: bronze.telemetry","logger":"task.stdout"}
{"timestamp":"2026-09-10T04:12:17.699112Z","level":"info","event":"Snapshot ID: 5177049740905234574","logger":"task.stdout"}
{"timestamp":"2026-09-10T04:12:17.699180Z","level":"info","event":"","logger":"task.stdout"}
{"timestamp":"2026-09-10T04:12:17.699250Z","level":"info","event":"Partition spec:","logger":"task.stdout"}
{"timestamp":"2026-09-10T04:12:17.699319Z","level":"info","event":"[","logger":"task.stdout"}
{"timestamp":"2026-09-10T04:12:17.699388Z","level":"info","event":"  1000: season: identity(1)","logger":"task.stdout"}
{"timestamp":"2026-09-10T04:12:17.699456Z","level":"info","event":"  1001: event_slug: identity(3)","logger":"task.stdout"}
{"timestamp":"2026-09-10T04:12:17.699523Z","level":"info","event":"  1002: session_type: identity(4)","logger":"task.stdout"}
{"timestamp":"2026-09-10T04:12:17.699591Z","level":"info","event":"  1003: driver_code: identity(5)","logger":"task.stdout"}
{"timestamp":"2026-09-10T04:12:17.699657Z","level":"info","event":"]","logger":"task.stdout"}
{"timestamp":"2026-09-10T04:12:17.699726Z","level":"info","event":"","logger":"task.stdout"}
{"timestamp":"2026-09-10T04:12:17.699793Z","level":"info","event":"Schema:","logger":"task.stdout"}
{"timestamp":"2026-09-10T04:12:17.699897Z","level":"info","event":"table {","logger":"task.stdout"}
{"timestamp":"2026-09-10T04:12:17.699985Z","level":"info","event":"  1: season: optional int","logger":"task.stdout"}
{"timestamp":"2026-09-10T04:12:17.700124Z","level":"info","event":"  2: event_name: optional string","logger":"task.stdout"}
{"timestamp":"2026-09-10T04:12:17.700257Z","level":"info","event":"  3: event_slug: optional string","logger":"task.stdout"}
{"timestamp":"2026-09-10T04:12:17.700382Z","level":"info","event":"  4: session_type: optional string","logger":"task.stdout"}
{"timestamp":"2026-09-10T04:12:17.700475Z","level":"info","event":"  5: driver_code: optional string","logger":"task.stdout"}
{"timestamp":"2026-09-10T04:12:17.700554Z","level":"info","event":"  6: driver_number: optional string","logger":"task.stdout"}
{"timestamp":"2026-09-10T04:12:17.700631Z","level":"info","event":"  7: team_name: optional string","logger":"task.stdout"}
{"timestamp":"2026-09-10T04:12:17.700711Z","level":"info","event":"  8: lap_number: optional int","logger":"task.stdout"}
{"timestamp":"2026-09-10T04:12:17.700793Z","level":"info","event":"  9: sample_timestamp_utc: optional timestamptz","logger":"task.stdout"}
{"timestamp":"2026-09-10T04:12:17.700893Z","level":"info","event":"  10: session_time_ms: optional long","logger":"task.stdout"}
{"timestamp":"2026-09-10T04:12:17.700985Z","level":"info","event":"  11: sample_time_ms: optional long","logger":"task.stdout"}
{"timestamp":"2026-09-10T04:12:17.701080Z","level":"info","event":"  12: rpm: optional double","logger":"task.stdout"}
{"timestamp":"2026-09-10T04:12:17.701195Z","level":"info","event":"  13: speed_kph: optional double","logger":"task.stdout"}
{"timestamp":"2026-09-10T04:12:17.701313Z","level":"info","event":"  14: gear: optional int","logger":"task.stdout"}
{"timestamp":"2026-09-10T04:12:17.701423Z","level":"info","event":"  15: throttle_pct: optional double","logger":"task.stdout"}
{"timestamp":"2026-09-10T04:12:17.701535Z","level":"info","event":"  16: brake: optional boolean","logger":"task.stdout"}
{"timestamp":"2026-09-10T04:12:17.701645Z","level":"info","event":"  17: drs: optional int","logger":"task.stdout"}
{"timestamp":"2026-09-10T04:12:17.701758Z","level":"info","event":"  18: x: optional double","logger":"task.stdout"}
{"timestamp":"2026-09-10T04:12:17.701888Z","level":"info","event":"  19: y: optional double","logger":"task.stdout"}
{"timestamp":"2026-09-10T04:12:17.701997Z","level":"info","event":"  20: z: optional double","logger":"task.stdout"}
{"timestamp":"2026-09-10T04:12:17.702107Z","level":"info","event":"  21: distance: optional double","logger":"task.stdout"}
{"timestamp":"2026-09-10T04:12:17.702215Z","level":"info","event":"  22: relative_distance: optional double","logger":"task.stdout"}
{"timestamp":"2026-09-10T04:12:17.702335Z","level":"info","event":"  23: driver_ahead: optional string","logger":"task.stdout"}
{"timestamp":"2026-09-10T04:12:17.702444Z","level":"info","event":"  24: distance_to_driver_ahead: optional double","logger":"task.stdout"}
{"timestamp":"2026-09-10T04:12:17.702551Z","level":"info","event":"  25: source: optional string","logger":"task.stdout"}
{"timestamp":"2026-09-10T04:12:17.702659Z","level":"info","event":"  26: status: optional string","logger":"task.stdout"}
{"timestamp":"2026-09-10T04:12:17.702767Z","level":"info","event":"  27: source_system: optional string","logger":"task.stdout"}
{"timestamp":"2026-09-10T04:12:17.702894Z","level":"info","event":"  28: ingested_at: optional timestamptz","logger":"task.stdout"}
{"timestamp":"2026-09-10T04:12:17.703005Z","level":"info","event":"}","logger":"task.stdout"}
{"timestamp":"2026-09-10T04:12:17.703127Z","level":"info","event":"","logger":"task.stdout"}
{"timestamp":"2026-09-10T04:12:17.703242Z","level":"info","event":"======================================================================","logger":"task.stdout"}
{"timestamp":"2026-09-10T04:12:17.703358Z","level":"info","event":"TELEMETRY PROMOTION COMPLETE","logger":"task.stdout"}
{"timestamp":"2026-09-10T04:12:17.703471Z","level":"info","event":"======================================================================","logger":"task.stdout"}
{"timestamp":"2026-09-10T04:12:17.703583Z","level":"info","event":"Table: bronze.telemetry","logger":"task.stdout"}
{"timestamp":"2026-09-10T04:12:19.790702Z","level":"info","event":"","logger":"task.stdout"}
{"timestamp":"2026-09-10T04:12:19.790962Z","level":"info","event":"======================================================================","logger":"task.stdout"}
{"timestamp":"2026-09-10T04:12:19.791084Z","level":"info","event":"RAW TELEMETRY READ","logger":"task.stdout"}
{"timestamp":"2026-09-10T04:12:19.791181Z","level":"info","event":"======================================================================","logger":"task.stdout"}
{"timestamp":"2026-09-10T04:12:19.791261Z","level":"info","event":"s3://f1-raw/season=2026/event=italian-grand-prix/session=R/telemetry/driver=OCO/telemetry.parquet","logger":"task.stdout"}
{"timestamp":"2026-09-10T04:12:19.791350Z","level":"info","event":"Rows:    36,476","logger":"task.stdout"}
{"timestamp":"2026-09-10T04:12:19.791422Z","level":"info","event":"Columns: 26","logger":"task.stdout"}
{"timestamp":"2026-09-10T04:12:19.791470Z","level":"info","event":"","logger":"task.stdout"}
{"timestamp":"2026-09-10T04:12:19.791520Z","level":"info","event":"======================================================================","logger":"task.stdout"}
{"timestamp":"2026-09-10T04:12:19.791567Z","level":"info","event":"NORMALIZE TELEMETRY","logger":"task.stdout"}
{"timestamp":"2026-09-10T04:12:19.791612Z","level":"info","event":"======================================================================","logger":"task.stdout"}
{"timestamp":"2026-09-10T04:12:19.791657Z","level":"info","event":"Rows:    36,476","logger":"task.stdout"}
{"timestamp":"2026-09-10T04:12:19.791702Z","level":"info","event":"Columns: 28","logger":"task.stdout"}
{"timestamp":"2026-09-10T04:12:19.791744Z","level":"info","event":"","logger":"task.stdout"}
{"timestamp":"2026-09-10T04:12:19.791787Z","level":"info","event":"season: int32","logger":"task.stdout"}
{"timestamp":"2026-09-10T04:12:19.791837Z","level":"info","event":"event_name: string","logger":"task.stdout"}
{"timestamp":"2026-09-10T04:12:19.791883Z","level":"info","event":"event_slug: string","logger":"task.stdout"}
{"timestamp":"2026-09-10T04:12:19.791935Z","level":"info","event":"session_type: string","logger":"task.stdout"}
{"timestamp":"2026-09-10T04:12:19.791977Z","level":"info","event":"driver_code: string","logger":"task.stdout"}
{"timestamp":"2026-09-10T04:12:19.792018Z","level":"info","event":"driver_number: string","logger":"task.stdout"}
{"timestamp":"2026-09-10T04:12:19.792059Z","level":"info","event":"team_name: string","logger":"task.stdout"}
{"timestamp":"2026-09-10T04:12:19.792099Z","level":"info","event":"lap_number: int32","logger":"task.stdout"}
{"timestamp":"2026-09-10T04:12:19.792141Z","level":"info","event":"sample_timestamp_utc: timestamp[us, tz=UTC]","logger":"task.stdout"}
{"timestamp":"2026-09-10T04:12:19.792183Z","level":"info","event":"session_time_ms: int64","logger":"task.stdout"}
{"timestamp":"2026-09-10T04:12:19.792227Z","level":"info","event":"sample_time_ms: int64","logger":"task.stdout"}
{"timestamp":"2026-09-10T04:12:19.792268Z","level":"info","event":"rpm: double","logger":"task.stdout"}
{"timestamp":"2026-09-10T04:12:19.792307Z","level":"info","event":"speed_kph: double","logger":"task.stdout"}
{"timestamp":"2026-09-10T04:12:19.792348Z","level":"info","event":"gear: int32","logger":"task.stdout"}
{"timestamp":"2026-09-10T04:12:19.792388Z","level":"info","event":"throttle_pct: double","logger":"task.stdout"}
{"timestamp":"2026-09-10T04:12:19.792428Z","level":"info","event":"brake: bool","logger":"task.stdout"}
{"timestamp":"2026-09-10T04:12:19.792468Z","level":"info","event":"drs: int32","logger":"task.stdout"}
{"timestamp":"2026-09-10T04:12:19.792506Z","level":"info","event":"x: double","logger":"task.stdout"}
{"timestamp":"2026-09-10T04:12:19.792546Z","level":"info","event":"y: double","logger":"task.stdout"}
{"timestamp":"2026-09-10T04:12:19.792586Z","level":"info","event":"z: double","logger":"task.stdout"}
{"timestamp":"2026-09-10T04:12:19.792626Z","level":"info","event":"distance: double","logger":"task.stdout"}
{"timestamp":"2026-09-10T04:12:19.792667Z","level":"info","event":"relative_distance: double","logger":"task.stdout"}
{"timestamp":"2026-09-10T04:12:19.792709Z","level":"info","event":"driver_ahead: string","logger":"task.stdout"}
{"timestamp":"2026-09-10T04:12:19.792761Z","level":"info","event":"distance_to_driver_ahead: double","logger":"task.stdout"}
{"timestamp":"2026-09-10T04:12:19.792813Z","level":"info","event":"source: string","logger":"task.stdout"}
{"timestamp":"2026-09-10T04:12:19.792867Z","level":"info","event":"status: string","logger":"task.stdout"}
{"timestamp":"2026-09-10T04:12:19.792908Z","level":"info","event":"source_system: string","logger":"task.stdout"}
{"timestamp":"2026-09-10T04:12:19.792949Z","level":"info","event":"ingested_at: timestamp[us, tz=UTC]","logger":"task.stdout"}
{"timestamp":"2026-09-10T04:12:19.792991Z","level":"info","event":"-- schema metadata --","logger":"task.stdout"}
{"timestamp":"2026-09-10T04:12:19.793032Z","level":"info","event":"pandas: '{\"index_columns\": [], \"column_indexes\": [], \"columns\": [{\"name\":' + 3466","logger":"task.stdout"}
{"timestamp":"2026-09-10T04:12:19.793074Z","level":"info","event":"","logger":"task.stdout"}
{"timestamp":"2026-09-10T04:12:19.793117Z","level":"info","event":"======================================================================","logger":"task.stdout"}
{"timestamp":"2026-09-10T04:12:19.793159Z","level":"info","event":"ICEBERG WRITE","logger":"task.stdout"}
{"timestamp":"2026-09-10T04:12:19.793199Z","level":"info","event":"======================================================================","logger":"task.stdout"}
{"timestamp":"2026-09-10T04:12:19.793240Z","level":"info","event":"Writing 36,476 telemetry rows...","logger":"task.stdout"}
{"timestamp":"2026-09-10T04:12:19.793281Z","level":"info","event":"Iceberg commit successful.","logger":"task.stdout"}
{"timestamp":"2026-09-10T04:12:19.793322Z","level":"info","event":"","logger":"task.stdout"}
{"timestamp":"2026-09-10T04:12:19.793364Z","level":"info","event":"======================================================================","logger":"task.stdout"}
{"timestamp":"2026-09-10T04:12:19.793405Z","level":"info","event":"ICEBERG VALIDATION","logger":"task.stdout"}
{"timestamp":"2026-09-10T04:12:19.793446Z","level":"info","event":"======================================================================","logger":"task.stdout"}
{"timestamp":"2026-09-10T04:12:19.793488Z","level":"info","event":"Table: bronze.telemetry","logger":"task.stdout"}
{"timestamp":"2026-09-10T04:12:19.793528Z","level":"info","event":"Snapshot ID: 3518559372074000936","logger":"task.stdout"}
{"timestamp":"2026-09-10T04:12:19.793568Z","level":"info","event":"","logger":"task.stdout"}
{"timestamp":"2026-09-10T04:12:19.793610Z","level":"info","event":"Partition spec:","logger":"task.stdout"}
{"timestamp":"2026-09-10T04:12:19.793651Z","level":"info","event":"[","logger":"task.stdout"}
{"timestamp":"2026-09-10T04:12:19.793692Z","level":"info","event":"  1000: season: identity(1)","logger":"task.stdout"}
{"timestamp":"2026-09-10T04:12:19.793733Z","level":"info","event":"  1001: event_slug: identity(3)","logger":"task.stdout"}
{"timestamp":"2026-09-10T04:12:19.793773Z","level":"info","event":"  1002: session_type: identity(4)","logger":"task.stdout"}
{"timestamp":"2026-09-10T04:12:19.793813Z","level":"info","event":"  1003: driver_code: identity(5)","logger":"task.stdout"}
{"timestamp":"2026-09-10T04:12:19.793859Z","level":"info","event":"]","logger":"task.stdout"}
{"timestamp":"2026-09-10T04:12:19.793900Z","level":"info","event":"","logger":"task.stdout"}
{"timestamp":"2026-09-10T04:12:19.793940Z","level":"info","event":"Schema:","logger":"task.stdout"}
{"timestamp":"2026-09-10T04:12:19.793980Z","level":"info","event":"table {","logger":"task.stdout"}
{"timestamp":"2026-09-10T04:12:19.794021Z","level":"info","event":"  1: season: optional int","logger":"task.stdout"}
{"timestamp":"2026-09-10T04:12:19.794063Z","level":"info","event":"  2: event_name: optional string","logger":"task.stdout"}
{"timestamp":"2026-09-10T04:12:19.794103Z","level":"info","event":"  3: event_slug: optional string","logger":"task.stdout"}
{"timestamp":"2026-09-10T04:12:19.794162Z","level":"info","event":"  4: session_type: optional string","logger":"task.stdout"}
{"timestamp":"2026-09-10T04:12:19.794207Z","level":"info","event":"  5: driver_code: optional string","logger":"task.stdout"}
{"timestamp":"2026-09-10T04:12:19.794250Z","level":"info","event":"  6: driver_number: optional string","logger":"task.stdout"}
{"timestamp":"2026-09-10T04:12:19.794291Z","level":"info","event":"  7: team_name: optional string","logger":"task.stdout"}
{"timestamp":"2026-09-10T04:12:19.794331Z","level":"info","event":"  8: lap_number: optional int","logger":"task.stdout"}
{"timestamp":"2026-09-10T04:12:19.794372Z","level":"info","event":"  9: sample_timestamp_utc: optional timestamptz","logger":"task.stdout"}
{"timestamp":"2026-09-10T04:12:19.794412Z","level":"info","event":"  10: session_time_ms: optional long","logger":"task.stdout"}
{"timestamp":"2026-09-10T04:12:19.794451Z","level":"info","event":"  11: sample_time_ms: optional long","logger":"task.stdout"}
{"timestamp":"2026-09-10T04:12:19.794490Z","level":"info","event":"  12: rpm: optional double","logger":"task.stdout"}
{"timestamp":"2026-09-10T04:12:19.794530Z","level":"info","event":"  13: speed_kph: optional double","logger":"task.stdout"}
{"timestamp":"2026-09-10T04:12:19.794569Z","level":"info","event":"  14: gear: optional int","logger":"task.stdout"}
{"timestamp":"2026-09-10T04:12:19.794607Z","level":"info","event":"  15: throttle_pct: optional double","logger":"task.stdout"}
{"timestamp":"2026-09-10T04:12:19.794646Z","level":"info","event":"  16: brake: optional boolean","logger":"task.stdout"}
{"timestamp":"2026-09-10T04:12:19.794687Z","level":"info","event":"  17: drs: optional int","logger":"task.stdout"}
{"timestamp":"2026-09-10T04:12:19.794727Z","level":"info","event":"  18: x: optional double","logger":"task.stdout"}
{"timestamp":"2026-09-10T04:12:19.794767Z","level":"info","event":"  19: y: optional double","logger":"task.stdout"}
{"timestamp":"2026-09-10T04:12:19.794806Z","level":"info","event":"  20: z: optional double","logger":"task.stdout"}
{"timestamp":"2026-09-10T04:12:19.794851Z","level":"info","event":"  21: distance: optional double","logger":"task.stdout"}
{"timestamp":"2026-09-10T04:12:19.794890Z","level":"info","event":"  22: relative_distance: optional double","logger":"task.stdout"}
{"timestamp":"2026-09-10T04:12:19.794930Z","level":"info","event":"  23: driver_ahead: optional string","logger":"task.stdout"}
{"timestamp":"2026-09-10T04:12:19.794969Z","level":"info","event":"  24: distance_to_driver_ahead: optional double","logger":"task.stdout"}
{"timestamp":"2026-09-10T04:12:19.795010Z","level":"info","event":"  25: source: optional string","logger":"task.stdout"}
{"timestamp":"2026-09-10T04:12:19.795049Z","level":"info","event":"  26: status: optional string","logger":"task.stdout"}
{"timestamp":"2026-09-10T04:12:19.795089Z","level":"info","event":"  27: source_system: optional string","logger":"task.stdout"}
{"timestamp":"2026-09-10T04:12:19.795129Z","level":"info","event":"  28: ingested_at: optional timestamptz","logger":"task.stdout"}
{"timestamp":"2026-09-10T04:12:19.795168Z","level":"info","event":"}","logger":"task.stdout"}
{"timestamp":"2026-09-10T04:12:19.795209Z","level":"info","event":"","logger":"task.stdout"}
{"timestamp":"2026-09-10T04:12:19.795250Z","level":"info","event":"======================================================================","logger":"task.stdout"}
{"timestamp":"2026-09-10T04:12:19.795291Z","level":"info","event":"TELEMETRY PROMOTION COMPLETE","logger":"task.stdout"}
{"timestamp":"2026-09-10T04:12:19.795333Z","level":"info","event":"======================================================================","logger":"task.stdout"}
{"timestamp":"2026-09-10T04:12:19.795373Z","level":"info","event":"Table: bronze.telemetry","logger":"task.stdout"}
{"timestamp":"2026-09-10T04:12:21.538423Z","level":"info","event":"","logger":"task.stdout"}
{"timestamp":"2026-09-10T04:12:21.538770Z","level":"info","event":"======================================================================","logger":"task.stdout"}
{"timestamp":"2026-09-10T04:12:21.539056Z","level":"info","event":"RAW TELEMETRY READ","logger":"task.stdout"}
{"timestamp":"2026-09-10T04:12:21.539546Z","level":"info","event":"======================================================================","logger":"task.stdout"}
{"timestamp":"2026-09-10T04:12:21.539877Z","level":"info","event":"s3://f1-raw/season=2026/event=italian-grand-prix/session=R/telemetry/driver=ALB/telemetry.parquet","logger":"task.stdout"}
{"timestamp":"2026-09-10T04:12:21.540176Z","level":"info","event":"Rows:    36,746","logger":"task.stdout"}
{"timestamp":"2026-09-10T04:12:21.540483Z","level":"info","event":"Columns: 26","logger":"task.stdout"}
{"timestamp":"2026-09-10T04:12:21.540766Z","level":"info","event":"","logger":"task.stdout"}
{"timestamp":"2026-09-10T04:12:21.541069Z","level":"info","event":"======================================================================","logger":"task.stdout"}
{"timestamp":"2026-09-10T04:12:21.541345Z","level":"info","event":"NORMALIZE TELEMETRY","logger":"task.stdout"}
{"timestamp":"2026-09-10T04:12:21.541610Z","level":"info","event":"======================================================================","logger":"task.stdout"}
{"timestamp":"2026-09-10T04:12:21.541891Z","level":"info","event":"Rows:    36,746","logger":"task.stdout"}
{"timestamp":"2026-09-10T04:12:21.542158Z","level":"info","event":"Columns: 28","logger":"task.stdout"}
{"timestamp":"2026-09-10T04:12:21.542404Z","level":"info","event":"","logger":"task.stdout"}
{"timestamp":"2026-09-10T04:12:21.542640Z","level":"info","event":"season: int32","logger":"task.stdout"}
{"timestamp":"2026-09-10T04:12:21.542913Z","level":"info","event":"event_name: string","logger":"task.stdout"}
{"timestamp":"2026-09-10T04:12:21.543169Z","level":"info","event":"event_slug: string","logger":"task.stdout"}
{"timestamp":"2026-09-10T04:12:21.543408Z","level":"info","event":"session_type: string","logger":"task.stdout"}
{"timestamp":"2026-09-10T04:12:21.543640Z","level":"info","event":"driver_code: string","logger":"task.stdout"}
{"timestamp":"2026-09-10T04:12:21.543894Z","level":"info","event":"driver_number: string","logger":"task.stdout"}
{"timestamp":"2026-09-10T04:12:21.544271Z","level":"info","event":"team_name: string","logger":"task.stdout"}
{"timestamp":"2026-09-10T04:12:21.544495Z","level":"info","event":"lap_number: int32","logger":"task.stdout"}
{"timestamp":"2026-09-10T04:12:21.544624Z","level":"info","event":"sample_timestamp_utc: timestamp[us, tz=UTC]","logger":"task.stdout"}
{"timestamp":"2026-09-10T04:12:21.544742Z","level":"info","event":"session_time_ms: int64","logger":"task.stdout"}
{"timestamp":"2026-09-10T04:12:21.544873Z","level":"info","event":"sample_time_ms: int64","logger":"task.stdout"}
{"timestamp":"2026-09-10T04:12:21.544984Z","level":"info","event":"rpm: double","logger":"task.stdout"}
{"timestamp":"2026-09-10T04:12:21.545095Z","level":"info","event":"speed_kph: double","logger":"task.stdout"}
{"timestamp":"2026-09-10T04:12:21.545207Z","level":"info","event":"gear: int32","logger":"task.stdout"}
{"timestamp":"2026-09-10T04:12:21.545324Z","level":"info","event":"throttle_pct: double","logger":"task.stdout"}
{"timestamp":"2026-09-10T04:12:21.545432Z","level":"info","event":"brake: bool","logger":"task.stdout"}
{"timestamp":"2026-09-10T04:12:21.545540Z","level":"info","event":"drs: int32","logger":"task.stdout"}
{"timestamp":"2026-09-10T04:12:21.545647Z","level":"info","event":"x: double","logger":"task.stdout"}
{"timestamp":"2026-09-10T04:12:21.545751Z","level":"info","event":"y: double","logger":"task.stdout"}
{"timestamp":"2026-09-10T04:12:21.545864Z","level":"info","event":"z: double","logger":"task.stdout"}
{"timestamp":"2026-09-10T04:12:21.545969Z","level":"info","event":"distance: double","logger":"task.stdout"}
{"timestamp":"2026-09-10T04:12:21.546072Z","level":"info","event":"relative_distance: double","logger":"task.stdout"}
{"timestamp":"2026-09-10T04:12:21.546181Z","level":"info","event":"driver_ahead: string","logger":"task.stdout"}
{"timestamp":"2026-09-10T04:12:21.546297Z","level":"info","event":"distance_to_driver_ahead: double","logger":"task.stdout"}
{"timestamp":"2026-09-10T04:12:21.546425Z","level":"info","event":"source: string","logger":"task.stdout"}
{"timestamp":"2026-09-10T04:12:21.546548Z","level":"info","event":"status: string","logger":"task.stdout"}
{"timestamp":"2026-09-10T04:12:21.546656Z","level":"info","event":"source_system: string","logger":"task.stdout"}
{"timestamp":"2026-09-10T04:12:21.546764Z","level":"info","event":"ingested_at: timestamp[us, tz=UTC]","logger":"task.stdout"}
{"timestamp":"2026-09-10T04:12:21.546883Z","level":"info","event":"-- schema metadata --","logger":"task.stdout"}
{"timestamp":"2026-09-10T04:12:21.546994Z","level":"info","event":"pandas: '{\"index_columns\": [], \"column_indexes\": [], \"columns\": [{\"name\":' + 3466","logger":"task.stdout"}
{"timestamp":"2026-09-10T04:12:21.547107Z","level":"info","event":"","logger":"task.stdout"}
{"timestamp":"2026-09-10T04:12:21.547228Z","level":"info","event":"======================================================================","logger":"task.stdout"}
{"timestamp":"2026-09-10T04:12:21.547343Z","level":"info","event":"ICEBERG WRITE","logger":"task.stdout"}
{"timestamp":"2026-09-10T04:12:21.547453Z","level":"info","event":"======================================================================","logger":"task.stdout"}
{"timestamp":"2026-09-10T04:12:21.547559Z","level":"info","event":"Writing 36,746 telemetry rows...","logger":"task.stdout"}
{"timestamp":"2026-09-10T04:12:21.547666Z","level":"info","event":"Iceberg commit successful.","logger":"task.stdout"}
{"timestamp":"2026-09-10T04:12:21.547774Z","level":"info","event":"","logger":"task.stdout"}
{"timestamp":"2026-09-10T04:12:21.547898Z","level":"info","event":"======================================================================","logger":"task.stdout"}
{"timestamp":"2026-09-10T04:12:21.548011Z","level":"info","event":"ICEBERG VALIDATION","logger":"task.stdout"}
{"timestamp":"2026-09-10T04:12:21.548122Z","level":"info","event":"======================================================================","logger":"task.stdout"}
{"timestamp":"2026-09-10T04:12:21.548231Z","level":"info","event":"Table: bronze.telemetry","logger":"task.stdout"}
{"timestamp":"2026-09-10T04:12:21.548342Z","level":"info","event":"Snapshot ID: 4631842214260824129","logger":"task.stdout"}
{"timestamp":"2026-09-10T04:12:21.548453Z","level":"info","event":"","logger":"task.stdout"}
{"timestamp":"2026-09-10T04:12:21.548570Z","level":"info","event":"Partition spec:","logger":"task.stdout"}
{"timestamp":"2026-09-10T04:12:21.548684Z","level":"info","event":"[","logger":"task.stdout"}
{"timestamp":"2026-09-10T04:12:21.548794Z","level":"info","event":"  1000: season: identity(1)","logger":"task.stdout"}
{"timestamp":"2026-09-10T04:12:21.548917Z","level":"info","event":"  1001: event_slug: identity(3)","logger":"task.stdout"}
{"timestamp":"2026-09-10T04:12:21.549026Z","level":"info","event":"  1002: session_type: identity(4)","logger":"task.stdout"}
{"timestamp":"2026-09-10T04:12:21.549133Z","level":"info","event":"  1003: driver_code: identity(5)","logger":"task.stdout"}
{"timestamp":"2026-09-10T04:12:21.549244Z","level":"info","event":"]","logger":"task.stdout"}
{"timestamp":"2026-09-10T04:12:21.549359Z","level":"info","event":"","logger":"task.stdout"}
{"timestamp":"2026-09-10T04:12:21.549476Z","level":"info","event":"Schema:","logger":"task.stdout"}
{"timestamp":"2026-09-10T04:12:21.549589Z","level":"info","event":"table {","logger":"task.stdout"}
{"timestamp":"2026-09-10T04:12:21.549701Z","level":"info","event":"  1: season: optional int","logger":"task.stdout"}
{"timestamp":"2026-09-10T04:12:21.549811Z","level":"info","event":"  2: event_name: optional string","logger":"task.stdout"}
{"timestamp":"2026-09-10T04:12:21.549928Z","level":"info","event":"  3: event_slug: optional string","logger":"task.stdout"}
{"timestamp":"2026-09-10T04:12:21.550045Z","level":"info","event":"  4: session_type: optional string","logger":"task.stdout"}
{"timestamp":"2026-09-10T04:12:21.550161Z","level":"info","event":"  5: driver_code: optional string","logger":"task.stdout"}
{"timestamp":"2026-09-10T04:12:21.550282Z","level":"info","event":"  6: driver_number: optional string","logger":"task.stdout"}
{"timestamp":"2026-09-10T04:12:21.550396Z","level":"info","event":"  7: team_name: optional string","logger":"task.stdout"}
{"timestamp":"2026-09-10T04:12:21.550505Z","level":"info","event":"  8: lap_number: optional int","logger":"task.stdout"}
{"timestamp":"2026-09-10T04:12:21.550612Z","level":"info","event":"  9: sample_timestamp_utc: optional timestamptz","logger":"task.stdout"}
{"timestamp":"2026-09-10T04:12:21.550713Z","level":"info","event":"  10: session_time_ms: optional long","logger":"task.stdout"}
{"timestamp":"2026-09-10T04:12:21.550815Z","level":"info","event":"  11: sample_time_ms: optional long","logger":"task.stdout"}
{"timestamp":"2026-09-10T04:12:21.550919Z","level":"info","event":"  12: rpm: optional double","logger":"task.stdout"}
{"timestamp":"2026-09-10T04:12:21.551017Z","level":"info","event":"  13: speed_kph: optional double","logger":"task.stdout"}
{"timestamp":"2026-09-10T04:12:21.551123Z","level":"info","event":"  14: gear: optional int","logger":"task.stdout"}
{"timestamp":"2026-09-10T04:12:21.551246Z","level":"info","event":"  15: throttle_pct: optional double","logger":"task.stdout"}
{"timestamp":"2026-09-10T04:12:21.551377Z","level":"info","event":"  16: brake: optional boolean","logger":"task.stdout"}
{"timestamp":"2026-09-10T04:12:21.551568Z","level":"info","event":"  17: drs: optional int","logger":"task.stdout"}
{"timestamp":"2026-09-10T04:12:21.551782Z","level":"info","event":"  18: x: optional double","logger":"task.stdout"}
{"timestamp":"2026-09-10T04:12:21.552010Z","level":"info","event":"  19: y: optional double","logger":"task.stdout"}
{"timestamp":"2026-09-10T04:12:21.552229Z","level":"info","event":"  20: z: optional double","logger":"task.stdout"}
{"timestamp":"2026-09-10T04:12:21.552451Z","level":"info","event":"  21: distance: optional double","logger":"task.stdout"}
{"timestamp":"2026-09-10T04:12:21.552676Z","level":"info","event":"  22: relative_distance: optional double","logger":"task.stdout"}
{"timestamp":"2026-09-10T04:12:21.552945Z","level":"info","event":"  23: driver_ahead: optional string","logger":"task.stdout"}
{"timestamp":"2026-09-10T04:12:21.553103Z","level":"info","event":"  24: distance_to_driver_ahead: optional double","logger":"task.stdout"}
{"timestamp":"2026-09-10T04:12:21.553205Z","level":"info","event":"  25: source: optional string","logger":"task.stdout"}
{"timestamp":"2026-09-10T04:12:21.553306Z","level":"info","event":"  26: status: optional string","logger":"task.stdout"}
{"timestamp":"2026-09-10T04:12:21.553403Z","level":"info","event":"  27: source_system: optional string","logger":"task.stdout"}
{"timestamp":"2026-09-10T04:12:21.553495Z","level":"info","event":"  28: ingested_at: optional timestamptz","logger":"task.stdout"}
{"timestamp":"2026-09-10T04:12:21.553585Z","level":"info","event":"}","logger":"task.stdout"}
{"timestamp":"2026-09-10T04:12:21.553677Z","level":"info","event":"","logger":"task.stdout"}
{"timestamp":"2026-09-10T04:12:21.553765Z","level":"info","event":"======================================================================","logger":"task.stdout"}
{"timestamp":"2026-09-10T04:12:21.553862Z","level":"info","event":"TELEMETRY PROMOTION COMPLETE","logger":"task.stdout"}
{"timestamp":"2026-09-10T04:12:21.553948Z","level":"info","event":"======================================================================","logger":"task.stdout"}
{"timestamp":"2026-09-10T04:12:21.554033Z","level":"info","event":"Table: bronze.telemetry","logger":"task.stdout"}
{"timestamp":"2026-09-10T04:12:23.427775Z","level":"info","event":"","logger":"task.stdout"}
{"timestamp":"2026-09-10T04:12:23.428217Z","level":"info","event":"======================================================================","logger":"task.stdout"}
{"timestamp":"2026-09-10T04:12:23.428480Z","level":"info","event":"RAW TELEMETRY READ","logger":"task.stdout"}
{"timestamp":"2026-09-10T04:12:23.428727Z","level":"info","event":"======================================================================","logger":"task.stdout"}
{"timestamp":"2026-09-10T04:12:23.428997Z","level":"info","event":"s3://f1-raw/season=2026/event=italian-grand-prix/session=R/telemetry/driver=PER/telemetry.parquet","logger":"task.stdout"}
{"timestamp":"2026-09-10T04:12:23.429279Z","level":"info","event":"Rows:    37,077","logger":"task.stdout"}
{"timestamp":"2026-09-10T04:12:23.429494Z","level":"info","event":"Columns: 26","logger":"task.stdout"}
{"timestamp":"2026-09-10T04:12:23.429825Z","level":"info","event":"","logger":"task.stdout"}
{"timestamp":"2026-09-10T04:12:23.430024Z","level":"info","event":"======================================================================","logger":"task.stdout"}
{"timestamp":"2026-09-10T04:12:23.430143Z","level":"info","event":"NORMALIZE TELEMETRY","logger":"task.stdout"}
{"timestamp":"2026-09-10T04:12:23.430257Z","level":"info","event":"======================================================================","logger":"task.stdout"}
{"timestamp":"2026-09-10T04:12:23.430350Z","level":"info","event":"Rows:    37,077","logger":"task.stdout"}
{"timestamp":"2026-09-10T04:12:23.430440Z","level":"info","event":"Columns: 28","logger":"task.stdout"}
{"timestamp":"2026-09-10T04:12:23.430530Z","level":"info","event":"","logger":"task.stdout"}
{"timestamp":"2026-09-10T04:12:23.430623Z","level":"info","event":"season: int32","logger":"task.stdout"}
{"timestamp":"2026-09-10T04:12:23.430713Z","level":"info","event":"event_name: string","logger":"task.stdout"}
{"timestamp":"2026-09-10T04:12:23.430802Z","level":"info","event":"event_slug: string","logger":"task.stdout"}
{"timestamp":"2026-09-10T04:12:23.430904Z","level":"info","event":"session_type: string","logger":"task.stdout"}
{"timestamp":"2026-09-10T04:12:23.430990Z","level":"info","event":"driver_code: string","logger":"task.stdout"}
{"timestamp":"2026-09-10T04:12:23.431077Z","level":"info","event":"driver_number: string","logger":"task.stdout"}
{"timestamp":"2026-09-10T04:12:23.431158Z","level":"info","event":"team_name: string","logger":"task.stdout"}
{"timestamp":"2026-09-10T04:12:23.431237Z","level":"info","event":"lap_number: int32","logger":"task.stdout"}
{"timestamp":"2026-09-10T04:12:23.431316Z","level":"info","event":"sample_timestamp_utc: timestamp[us, tz=UTC]","logger":"task.stdout"}
{"timestamp":"2026-09-10T04:12:23.431398Z","level":"info","event":"session_time_ms: int64","logger":"task.stdout"}
{"timestamp":"2026-09-10T04:12:23.431479Z","level":"info","event":"sample_time_ms: int64","logger":"task.stdout"}
{"timestamp":"2026-09-10T04:12:23.431559Z","level":"info","event":"rpm: double","logger":"task.stdout"}
{"timestamp":"2026-09-10T04:12:23.431636Z","level":"info","event":"speed_kph: double","logger":"task.stdout"}
{"timestamp":"2026-09-10T04:12:23.431715Z","level":"info","event":"gear: int32","logger":"task.stdout"}
{"timestamp":"2026-09-10T04:12:23.431790Z","level":"info","event":"throttle_pct: double","logger":"task.stdout"}
{"timestamp":"2026-09-10T04:12:23.431873Z","level":"info","event":"brake: bool","logger":"task.stdout"}
{"timestamp":"2026-09-10T04:12:23.431948Z","level":"info","event":"drs: int32","logger":"task.stdout"}
{"timestamp":"2026-09-10T04:12:23.432023Z","level":"info","event":"x: double","logger":"task.stdout"}
{"timestamp":"2026-09-10T04:12:23.432095Z","level":"info","event":"y: double","logger":"task.stdout"}
{"timestamp":"2026-09-10T04:12:23.432168Z","level":"info","event":"z: double","logger":"task.stdout"}
{"timestamp":"2026-09-10T04:12:23.432240Z","level":"info","event":"distance: double","logger":"task.stdout"}
{"timestamp":"2026-09-10T04:12:23.432312Z","level":"info","event":"relative_distance: double","logger":"task.stdout"}
{"timestamp":"2026-09-10T04:12:23.432390Z","level":"info","event":"driver_ahead: string","logger":"task.stdout"}
{"timestamp":"2026-09-10T04:12:23.432465Z","level":"info","event":"distance_to_driver_ahead: double","logger":"task.stdout"}
{"timestamp":"2026-09-10T04:12:23.432545Z","level":"info","event":"source: string","logger":"task.stdout"}
{"timestamp":"2026-09-10T04:12:23.432625Z","level":"info","event":"status: string","logger":"task.stdout"}
{"timestamp":"2026-09-10T04:12:23.432706Z","level":"info","event":"source_system: string","logger":"task.stdout"}
{"timestamp":"2026-09-10T04:12:23.432777Z","level":"info","event":"ingested_at: timestamp[us, tz=UTC]","logger":"task.stdout"}
{"timestamp":"2026-09-10T04:12:23.432860Z","level":"info","event":"-- schema metadata --","logger":"task.stdout"}
{"timestamp":"2026-09-10T04:12:23.432939Z","level":"info","event":"pandas: '{\"index_columns\": [], \"column_indexes\": [], \"columns\": [{\"name\":' + 3466","logger":"task.stdout"}
{"timestamp":"2026-09-10T04:12:23.433014Z","level":"info","event":"","logger":"task.stdout"}
{"timestamp":"2026-09-10T04:12:23.433092Z","level":"info","event":"======================================================================","logger":"task.stdout"}
{"timestamp":"2026-09-10T04:12:23.433167Z","level":"info","event":"ICEBERG WRITE","logger":"task.stdout"}
{"timestamp":"2026-09-10T04:12:23.433242Z","level":"info","event":"======================================================================","logger":"task.stdout"}
{"timestamp":"2026-09-10T04:12:23.433315Z","level":"info","event":"Writing 37,077 telemetry rows...","logger":"task.stdout"}
{"timestamp":"2026-09-10T04:12:23.433390Z","level":"info","event":"Iceberg commit successful.","logger":"task.stdout"}
{"timestamp":"2026-09-10T04:12:23.433463Z","level":"info","event":"","logger":"task.stdout"}
{"timestamp":"2026-09-10T04:12:23.433540Z","level":"info","event":"======================================================================","logger":"task.stdout"}
{"timestamp":"2026-09-10T04:12:23.433613Z","level":"info","event":"ICEBERG VALIDATION","logger":"task.stdout"}
{"timestamp":"2026-09-10T04:12:23.433685Z","level":"info","event":"======================================================================","logger":"task.stdout"}
{"timestamp":"2026-09-10T04:12:23.433759Z","level":"info","event":"Table: bronze.telemetry","logger":"task.stdout"}
{"timestamp":"2026-09-10T04:12:23.433839Z","level":"info","event":"Snapshot ID: 7589332019758302637","logger":"task.stdout"}
{"timestamp":"2026-09-10T04:12:23.433915Z","level":"info","event":"","logger":"task.stdout"}
{"timestamp":"2026-09-10T04:12:23.433990Z","level":"info","event":"Partition spec:","logger":"task.stdout"}
{"timestamp":"2026-09-10T04:12:23.434065Z","level":"info","event":"[","logger":"task.stdout"}
{"timestamp":"2026-09-10T04:12:23.434140Z","level":"info","event":"  1000: season: identity(1)","logger":"task.stdout"}
{"timestamp":"2026-09-10T04:12:23.434211Z","level":"info","event":"  1001: event_slug: identity(3)","logger":"task.stdout"}
{"timestamp":"2026-09-10T04:12:23.434283Z","level":"info","event":"  1002: session_type: identity(4)","logger":"task.stdout"}
{"timestamp":"2026-09-10T04:12:23.434356Z","level":"info","event":"  1003: driver_code: identity(5)","logger":"task.stdout"}
{"timestamp":"2026-09-10T04:12:23.434432Z","level":"info","event":"]","logger":"task.stdout"}
{"timestamp":"2026-09-10T04:12:23.434509Z","level":"info","event":"","logger":"task.stdout"}
{"timestamp":"2026-09-10T04:12:23.434582Z","level":"info","event":"Schema:","logger":"task.stdout"}
{"timestamp":"2026-09-10T04:12:23.434655Z","level":"info","event":"table {","logger":"task.stdout"}
{"timestamp":"2026-09-10T04:12:23.434728Z","level":"info","event":"  1: season: optional int","logger":"task.stdout"}
{"timestamp":"2026-09-10T04:12:23.434805Z","level":"info","event":"  2: event_name: optional string","logger":"task.stdout"}
{"timestamp":"2026-09-10T04:12:23.434895Z","level":"info","event":"  3: event_slug: optional string","logger":"task.stdout"}
{"timestamp":"2026-09-10T04:12:23.434967Z","level":"info","event":"  4: session_type: optional string","logger":"task.stdout"}
{"timestamp":"2026-09-10T04:12:23.435039Z","level":"info","event":"  5: driver_code: optional string","logger":"task.stdout"}
{"timestamp":"2026-09-10T04:12:23.435110Z","level":"info","event":"  6: driver_number: optional string","logger":"task.stdout"}
{"timestamp":"2026-09-10T04:12:23.435230Z","level":"info","event":"  7: team_name: optional string","logger":"task.stdout"}
{"timestamp":"2026-09-10T04:12:23.435343Z","level":"info","event":"  8: lap_number: optional int","logger":"task.stdout"}
{"timestamp":"2026-09-10T04:12:23.435450Z","level":"info","event":"  9: sample_timestamp_utc: optional timestamptz","logger":"task.stdout"}
{"timestamp":"2026-09-10T04:12:23.435559Z","level":"info","event":"  10: session_time_ms: optional long","logger":"task.stdout"}
{"timestamp":"2026-09-10T04:12:23.435666Z","level":"info","event":"  11: sample_time_ms: optional long","logger":"task.stdout"}
{"timestamp":"2026-09-10T04:12:23.435771Z","level":"info","event":"  12: rpm: optional double","logger":"task.stdout"}
{"timestamp":"2026-09-10T04:12:23.435890Z","level":"info","event":"  13: speed_kph: optional double","logger":"task.stdout"}
{"timestamp":"2026-09-10T04:12:23.436000Z","level":"info","event":"  14: gear: optional int","logger":"task.stdout"}
{"timestamp":"2026-09-10T04:12:23.436113Z","level":"info","event":"  15: throttle_pct: optional double","logger":"task.stdout"}
{"timestamp":"2026-09-10T04:12:23.436233Z","level":"info","event":"  16: brake: optional boolean","logger":"task.stdout"}
{"timestamp":"2026-09-10T04:12:23.436351Z","level":"info","event":"  17: drs: optional int","logger":"task.stdout"}
{"timestamp":"2026-09-10T04:12:23.436467Z","level":"info","event":"  18: x: optional double","logger":"task.stdout"}
{"timestamp":"2026-09-10T04:12:23.436573Z","level":"info","event":"  19: y: optional double","logger":"task.stdout"}
{"timestamp":"2026-09-10T04:12:23.436680Z","level":"info","event":"  20: z: optional double","logger":"task.stdout"}
{"timestamp":"2026-09-10T04:12:23.436789Z","level":"info","event":"  21: distance: optional double","logger":"task.stdout"}
{"timestamp":"2026-09-10T04:12:23.436916Z","level":"info","event":"  22: relative_distance: optional double","logger":"task.stdout"}
{"timestamp":"2026-09-10T04:12:23.437028Z","level":"info","event":"  23: driver_ahead: optional string","logger":"task.stdout"}
{"timestamp":"2026-09-10T04:12:23.437136Z","level":"info","event":"  24: distance_to_driver_ahead: optional double","logger":"task.stdout"}
{"timestamp":"2026-09-10T04:12:23.437250Z","level":"info","event":"  25: source: optional string","logger":"task.stdout"}
{"timestamp":"2026-09-10T04:12:23.437364Z","level":"info","event":"  26: status: optional string","logger":"task.stdout"}
{"timestamp":"2026-09-10T04:12:23.437474Z","level":"info","event":"  27: source_system: optional string","logger":"task.stdout"}
{"timestamp":"2026-09-10T04:12:23.437702Z","level":"info","event":"  28: ingested_at: optional timestamptz","logger":"task.stdout"}
{"timestamp":"2026-09-10T04:12:23.437826Z","level":"info","event":"}","logger":"task.stdout"}
{"timestamp":"2026-09-10T04:12:23.437955Z","level":"info","event":"","logger":"task.stdout"}
{"timestamp":"2026-09-10T04:12:23.438038Z","level":"info","event":"======================================================================","logger":"task.stdout"}
{"timestamp":"2026-09-10T04:12:23.438129Z","level":"info","event":"TELEMETRY PROMOTION COMPLETE","logger":"task.stdout"}
{"timestamp":"2026-09-10T04:12:23.438213Z","level":"info","event":"======================================================================","logger":"task.stdout"}
{"timestamp":"2026-09-10T04:12:23.438296Z","level":"info","event":"Table: bronze.telemetry","logger":"task.stdout"}
{"timestamp":"2026-09-10T04:12:25.226951Z","level":"info","event":"","logger":"task.stdout"}
{"timestamp":"2026-09-10T04:12:25.227343Z","level":"info","event":"======================================================================","logger":"task.stdout"}
{"timestamp":"2026-09-10T04:12:25.227532Z","level":"info","event":"RAW TELEMETRY READ","logger":"task.stdout"}
{"timestamp":"2026-09-10T04:12:25.227688Z","level":"info","event":"======================================================================","logger":"task.stdout"}
{"timestamp":"2026-09-10T04:12:25.227855Z","level":"info","event":"s3://f1-raw/season=2026/event=italian-grand-prix/session=R/telemetry/driver=BOT/telemetry.parquet","logger":"task.stdout"}
{"timestamp":"2026-09-10T04:12:25.228022Z","level":"info","event":"Rows:    36,704","logger":"task.stdout"}
{"timestamp":"2026-09-10T04:12:25.228143Z","level":"info","event":"Columns: 26","logger":"task.stdout"}
{"timestamp":"2026-09-10T04:12:25.228251Z","level":"info","event":"","logger":"task.stdout"}
{"timestamp":"2026-09-10T04:12:25.228360Z","level":"info","event":"======================================================================","logger":"task.stdout"}
{"timestamp":"2026-09-10T04:12:25.228468Z","level":"info","event":"NORMALIZE TELEMETRY","logger":"task.stdout"}
{"timestamp":"2026-09-10T04:12:25.228572Z","level":"info","event":"======================================================================","logger":"task.stdout"}
{"timestamp":"2026-09-10T04:12:25.228675Z","level":"info","event":"Rows:    36,704","logger":"task.stdout"}
{"timestamp":"2026-09-10T04:12:25.228797Z","level":"info","event":"Columns: 28","logger":"task.stdout"}
{"timestamp":"2026-09-10T04:12:25.228919Z","level":"info","event":"","logger":"task.stdout"}
{"timestamp":"2026-09-10T04:12:25.229022Z","level":"info","event":"season: int32","logger":"task.stdout"}
{"timestamp":"2026-09-10T04:12:25.229128Z","level":"info","event":"event_name: string","logger":"task.stdout"}
{"timestamp":"2026-09-10T04:12:25.229228Z","level":"info","event":"event_slug: string","logger":"task.stdout"}
{"timestamp":"2026-09-10T04:12:25.229329Z","level":"info","event":"session_type: string","logger":"task.stdout"}
{"timestamp":"2026-09-10T04:12:25.229430Z","level":"info","event":"driver_code: string","logger":"task.stdout"}
{"timestamp":"2026-09-10T04:12:25.229530Z","level":"info","event":"driver_number: string","logger":"task.stdout"}
{"timestamp":"2026-09-10T04:12:25.229628Z","level":"info","event":"team_name: string","logger":"task.stdout"}
{"timestamp":"2026-09-10T04:12:25.229729Z","level":"info","event":"lap_number: int32","logger":"task.stdout"}
{"timestamp":"2026-09-10T04:12:25.229825Z","level":"info","event":"sample_timestamp_utc: timestamp[us, tz=UTC]","logger":"task.stdout"}
{"timestamp":"2026-09-10T04:12:25.229940Z","level":"info","event":"session_time_ms: int64","logger":"task.stdout"}
{"timestamp":"2026-09-10T04:12:25.230039Z","level":"info","event":"sample_time_ms: int64","logger":"task.stdout"}
{"timestamp":"2026-09-10T04:12:25.230139Z","level":"info","event":"rpm: double","logger":"task.stdout"}
{"timestamp":"2026-09-10T04:12:25.230236Z","level":"info","event":"speed_kph: double","logger":"task.stdout"}
{"timestamp":"2026-09-10T04:12:25.230337Z","level":"info","event":"gear: int32","logger":"task.stdout"}
{"timestamp":"2026-09-10T04:12:25.230433Z","level":"info","event":"throttle_pct: double","logger":"task.stdout"}
{"timestamp":"2026-09-10T04:12:25.230533Z","level":"info","event":"brake: bool","logger":"task.stdout"}
{"timestamp":"2026-09-10T04:12:25.230632Z","level":"info","event":"drs: int32","logger":"task.stdout"}
{"timestamp":"2026-09-10T04:12:25.230727Z","level":"info","event":"x: double","logger":"task.stdout"}
{"timestamp":"2026-09-10T04:12:25.230824Z","level":"info","event":"y: double","logger":"task.stdout"}
{"timestamp":"2026-09-10T04:12:25.230929Z","level":"info","event":"z: double","logger":"task.stdout"}
{"timestamp":"2026-09-10T04:12:25.231025Z","level":"info","event":"distance: double","logger":"task.stdout"}
{"timestamp":"2026-09-10T04:12:25.231122Z","level":"info","event":"relative_distance: double","logger":"task.stdout"}
{"timestamp":"2026-09-10T04:12:25.231221Z","level":"info","event":"driver_ahead: string","logger":"task.stdout"}
{"timestamp":"2026-09-10T04:12:25.231322Z","level":"info","event":"distance_to_driver_ahead: double","logger":"task.stdout"}
{"timestamp":"2026-09-10T04:12:25.231420Z","level":"info","event":"source: string","logger":"task.stdout"}
{"timestamp":"2026-09-10T04:12:25.231510Z","level":"info","event":"status: string","logger":"task.stdout"}
{"timestamp":"2026-09-10T04:12:25.231605Z","level":"info","event":"source_system: string","logger":"task.stdout"}
{"timestamp":"2026-09-10T04:12:25.231698Z","level":"info","event":"ingested_at: timestamp[us, tz=UTC]","logger":"task.stdout"}
{"timestamp":"2026-09-10T04:12:25.231790Z","level":"info","event":"-- schema metadata --","logger":"task.stdout"}
{"timestamp":"2026-09-10T04:12:25.231885Z","level":"info","event":"pandas: '{\"index_columns\": [], \"column_indexes\": [], \"columns\": [{\"name\":' + 3466","logger":"task.stdout"}
{"timestamp":"2026-09-10T04:12:25.231976Z","level":"info","event":"","logger":"task.stdout"}
{"timestamp":"2026-09-10T04:12:25.232071Z","level":"info","event":"======================================================================","logger":"task.stdout"}
{"timestamp":"2026-09-10T04:12:25.232162Z","level":"info","event":"ICEBERG WRITE","logger":"task.stdout"}
{"timestamp":"2026-09-10T04:12:25.232254Z","level":"info","event":"======================================================================","logger":"task.stdout"}
{"timestamp":"2026-09-10T04:12:25.232338Z","level":"info","event":"Writing 36,704 telemetry rows...","logger":"task.stdout"}
{"timestamp":"2026-09-10T04:12:25.232421Z","level":"info","event":"Iceberg commit successful.","logger":"task.stdout"}
{"timestamp":"2026-09-10T04:12:25.232504Z","level":"info","event":"","logger":"task.stdout"}
{"timestamp":"2026-09-10T04:12:25.232591Z","level":"info","event":"======================================================================","logger":"task.stdout"}
{"timestamp":"2026-09-10T04:12:25.232675Z","level":"info","event":"ICEBERG VALIDATION","logger":"task.stdout"}
{"timestamp":"2026-09-10T04:12:25.232759Z","level":"info","event":"======================================================================","logger":"task.stdout"}
{"timestamp":"2026-09-10T04:12:25.232850Z","level":"info","event":"Table: bronze.telemetry","logger":"task.stdout"}
{"timestamp":"2026-09-10T04:12:25.232940Z","level":"info","event":"Snapshot ID: 2736134970599902089","logger":"task.stdout"}
{"timestamp":"2026-09-10T04:12:25.233028Z","level":"info","event":"","logger":"task.stdout"}
{"timestamp":"2026-09-10T04:12:25.233117Z","level":"info","event":"Partition spec:","logger":"task.stdout"}
{"timestamp":"2026-09-10T04:12:25.233198Z","level":"info","event":"[","logger":"task.stdout"}
{"timestamp":"2026-09-10T04:12:25.233279Z","level":"info","event":"  1000: season: identity(1)","logger":"task.stdout"}
{"timestamp":"2026-09-10T04:12:25.233363Z","level":"info","event":"  1001: event_slug: identity(3)","logger":"task.stdout"}
{"timestamp":"2026-09-10T04:12:25.233443Z","level":"info","event":"  1002: session_type: identity(4)","logger":"task.stdout"}
{"timestamp":"2026-09-10T04:12:25.233524Z","level":"info","event":"  1003: driver_code: identity(5)","logger":"task.stdout"}
{"timestamp":"2026-09-10T04:12:25.233677Z","level":"info","event":"]","logger":"task.stdout"}
{"timestamp":"2026-09-10T04:12:25.233768Z","level":"info","event":"","logger":"task.stdout"}
{"timestamp":"2026-09-10T04:12:25.233857Z","level":"info","event":"Schema:","logger":"task.stdout"}
{"timestamp":"2026-09-10T04:12:25.233942Z","level":"info","event":"table {","logger":"task.stdout"}
{"timestamp":"2026-09-10T04:12:25.234027Z","level":"info","event":"  1: season: optional int","logger":"task.stdout"}
{"timestamp":"2026-09-10T04:12:25.234111Z","level":"info","event":"  2: event_name: optional string","logger":"task.stdout"}
{"timestamp":"2026-09-10T04:12:25.234183Z","level":"info","event":"  3: event_slug: optional string","logger":"task.stdout"}
{"timestamp":"2026-09-10T04:12:25.234256Z","level":"info","event":"  4: session_type: optional string","logger":"task.stdout"}
{"timestamp":"2026-09-10T04:12:25.234328Z","level":"info","event":"  5: driver_code: optional string","logger":"task.stdout"}
{"timestamp":"2026-09-10T04:12:25.234402Z","level":"info","event":"  6: driver_number: optional string","logger":"task.stdout"}
{"timestamp":"2026-09-10T04:12:25.234476Z","level":"info","event":"  7: team_name: optional string","logger":"task.stdout"}
{"timestamp":"2026-09-10T04:12:25.234559Z","level":"info","event":"  8: lap_number: optional int","logger":"task.stdout"}
{"timestamp":"2026-09-10T04:12:25.234637Z","level":"info","event":"  9: sample_timestamp_utc: optional timestamptz","logger":"task.stdout"}
{"timestamp":"2026-09-10T04:12:25.234711Z","level":"info","event":"  10: session_time_ms: optional long","logger":"task.stdout"}
{"timestamp":"2026-09-10T04:12:25.234784Z","level":"info","event":"  11: sample_time_ms: optional long","logger":"task.stdout"}
{"timestamp":"2026-09-10T04:12:25.234884Z","level":"info","event":"  12: rpm: optional double","logger":"task.stdout"}
{"timestamp":"2026-09-10T04:12:25.235012Z","level":"info","event":"  13: speed_kph: optional double","logger":"task.stdout"}
{"timestamp":"2026-09-10T04:12:25.235289Z","level":"info","event":"  14: gear: optional int","logger":"task.stdout"}
{"timestamp":"2026-09-10T04:12:25.235628Z","level":"info","event":"  15: throttle_pct: optional double","logger":"task.stdout"}
{"timestamp":"2026-09-10T04:12:25.235999Z","level":"info","event":"  16: brake: optional boolean","logger":"task.stdout"}
{"timestamp":"2026-09-10T04:12:25.236212Z","level":"info","event":"  17: drs: optional int","logger":"task.stdout"}
{"timestamp":"2026-09-10T04:12:25.236386Z","level":"info","event":"  18: x: optional double","logger":"task.stdout"}
{"timestamp":"2026-09-10T04:12:25.236577Z","level":"info","event":"  19: y: optional double","logger":"task.stdout"}
{"timestamp":"2026-09-10T04:12:25.236759Z","level":"info","event":"  20: z: optional double","logger":"task.stdout"}
{"timestamp":"2026-09-10T04:12:25.236887Z","level":"info","event":"  21: distance: optional double","logger":"task.stdout"}
{"timestamp":"2026-09-10T04:12:25.236986Z","level":"info","event":"  22: relative_distance: optional double","logger":"task.stdout"}
{"timestamp":"2026-09-10T04:12:25.237068Z","level":"info","event":"  23: driver_ahead: optional string","logger":"task.stdout"}
{"timestamp":"2026-09-10T04:12:25.237133Z","level":"info","event":"  24: distance_to_driver_ahead: optional double","logger":"task.stdout"}
{"timestamp":"2026-09-10T04:12:25.237198Z","level":"info","event":"  25: source: optional string","logger":"task.stdout"}
{"timestamp":"2026-09-10T04:12:25.237261Z","level":"info","event":"  26: status: optional string","logger":"task.stdout"}
{"timestamp":"2026-09-10T04:12:25.237321Z","level":"info","event":"  27: source_system: optional string","logger":"task.stdout"}
{"timestamp":"2026-09-10T04:12:25.237382Z","level":"info","event":"  28: ingested_at: optional timestamptz","logger":"task.stdout"}
{"timestamp":"2026-09-10T04:12:25.237475Z","level":"info","event":"}","logger":"task.stdout"}
{"timestamp":"2026-09-10T04:12:25.237576Z","level":"info","event":"","logger":"task.stdout"}
{"timestamp":"2026-09-10T04:12:25.237642Z","level":"info","event":"======================================================================","logger":"task.stdout"}
{"timestamp":"2026-09-10T04:12:25.237704Z","level":"info","event":"TELEMETRY PROMOTION COMPLETE","logger":"task.stdout"}
{"timestamp":"2026-09-10T04:12:25.237765Z","level":"info","event":"======================================================================","logger":"task.stdout"}
{"timestamp":"2026-09-10T04:12:25.237825Z","level":"info","event":"Table: bronze.telemetry","logger":"task.stdout"}
{"timestamp":"2026-09-10T04:12:27.122235Z","level":"info","event":"","logger":"task.stdout"}
{"timestamp":"2026-09-10T04:12:27.122440Z","level":"info","event":"======================================================================","logger":"task.stdout"}
{"timestamp":"2026-09-10T04:12:27.122526Z","level":"info","event":"RAW TELEMETRY READ","logger":"task.stdout"}
{"timestamp":"2026-09-10T04:12:27.122601Z","level":"info","event":"======================================================================","logger":"task.stdout"}
{"timestamp":"2026-09-10T04:12:27.122661Z","level":"info","event":"s3://f1-raw/season=2026/event=italian-grand-prix/session=R/telemetry/driver=STR/telemetry.parquet","logger":"task.stdout"}
{"timestamp":"2026-09-10T04:12:27.122751Z","level":"info","event":"Rows:    20,934","logger":"task.stdout"}
{"timestamp":"2026-09-10T04:12:27.122853Z","level":"info","event":"Columns: 26","logger":"task.stdout"}
{"timestamp":"2026-09-10T04:12:27.122924Z","level":"info","event":"","logger":"task.stdout"}
{"timestamp":"2026-09-10T04:12:27.122982Z","level":"info","event":"======================================================================","logger":"task.stdout"}
{"timestamp":"2026-09-10T04:12:27.123038Z","level":"info","event":"NORMALIZE TELEMETRY","logger":"task.stdout"}
{"timestamp":"2026-09-10T04:12:27.123097Z","level":"info","event":"======================================================================","logger":"task.stdout"}
{"timestamp":"2026-09-10T04:12:27.123156Z","level":"info","event":"Rows:    20,934","logger":"task.stdout"}
{"timestamp":"2026-09-10T04:12:27.123220Z","level":"info","event":"Columns: 28","logger":"task.stdout"}
{"timestamp":"2026-09-10T04:12:27.123520Z","level":"info","event":"","logger":"task.stdout"}
{"timestamp":"2026-09-10T04:12:27.123708Z","level":"info","event":"season: int32","logger":"task.stdout"}
{"timestamp":"2026-09-10T04:12:27.123901Z","level":"info","event":"event_name: string","logger":"task.stdout"}
{"timestamp":"2026-09-10T04:12:27.124356Z","level":"info","event":"event_slug: string","logger":"task.stdout"}
{"timestamp":"2026-09-10T04:12:27.124671Z","level":"info","event":"session_type: string","logger":"task.stdout"}
{"timestamp":"2026-09-10T04:12:27.124983Z","level":"info","event":"driver_code: string","logger":"task.stdout"}
{"timestamp":"2026-09-10T04:12:27.125259Z","level":"info","event":"driver_number: string","logger":"task.stdout"}
{"timestamp":"2026-09-10T04:12:27.125526Z","level":"info","event":"team_name: string","logger":"task.stdout"}
{"timestamp":"2026-09-10T04:12:27.125789Z","level":"info","event":"lap_number: int32","logger":"task.stdout"}
{"timestamp":"2026-09-10T04:12:27.126164Z","level":"info","event":"sample_timestamp_utc: timestamp[us, tz=UTC]","logger":"task.stdout"}
{"timestamp":"2026-09-10T04:12:27.126265Z","level":"info","event":"session_time_ms: int64","logger":"task.stdout"}
{"timestamp":"2026-09-10T04:12:27.126317Z","level":"info","event":"sample_time_ms: int64","logger":"task.stdout"}
{"timestamp":"2026-09-10T04:12:27.126362Z","level":"info","event":"rpm: double","logger":"task.stdout"}
{"timestamp":"2026-09-10T04:12:27.126406Z","level":"info","event":"speed_kph: double","logger":"task.stdout"}
{"timestamp":"2026-09-10T04:12:27.126448Z","level":"info","event":"gear: int32","logger":"task.stdout"}
{"timestamp":"2026-09-10T04:12:27.126490Z","level":"info","event":"throttle_pct: double","logger":"task.stdout"}
{"timestamp":"2026-09-10T04:12:27.126532Z","level":"info","event":"brake: bool","logger":"task.stdout"}
{"timestamp":"2026-09-10T04:12:27.126573Z","level":"info","event":"drs: int32","logger":"task.stdout"}
{"timestamp":"2026-09-10T04:12:27.126614Z","level":"info","event":"x: double","logger":"task.stdout"}
{"timestamp":"2026-09-10T04:12:27.126655Z","level":"info","event":"y: double","logger":"task.stdout"}
{"timestamp":"2026-09-10T04:12:27.126697Z","level":"info","event":"z: double","logger":"task.stdout"}
{"timestamp":"2026-09-10T04:12:27.126737Z","level":"info","event":"distance: double","logger":"task.stdout"}
{"timestamp":"2026-09-10T04:12:27.126776Z","level":"info","event":"relative_distance: double","logger":"task.stdout"}
{"timestamp":"2026-09-10T04:12:27.126819Z","level":"info","event":"driver_ahead: string","logger":"task.stdout"}
{"timestamp":"2026-09-10T04:12:27.126867Z","level":"info","event":"distance_to_driver_ahead: double","logger":"task.stdout"}
{"timestamp":"2026-09-10T04:12:27.126911Z","level":"info","event":"source: string","logger":"task.stdout"}
{"timestamp":"2026-09-10T04:12:27.126954Z","level":"info","event":"status: string","logger":"task.stdout"}
{"timestamp":"2026-09-10T04:12:27.126994Z","level":"info","event":"source_system: string","logger":"task.stdout"}
{"timestamp":"2026-09-10T04:12:27.127034Z","level":"info","event":"ingested_at: timestamp[us, tz=UTC]","logger":"task.stdout"}
{"timestamp":"2026-09-10T04:12:27.127085Z","level":"info","event":"-- schema metadata --","logger":"task.stdout"}
{"timestamp":"2026-09-10T04:12:27.127137Z","level":"info","event":"pandas: '{\"index_columns\": [], \"column_indexes\": [], \"columns\": [{\"name\":' + 3466","logger":"task.stdout"}
{"timestamp":"2026-09-10T04:12:27.127182Z","level":"info","event":"","logger":"task.stdout"}
{"timestamp":"2026-09-10T04:12:27.127228Z","level":"info","event":"======================================================================","logger":"task.stdout"}
{"timestamp":"2026-09-10T04:12:27.127272Z","level":"info","event":"ICEBERG WRITE","logger":"task.stdout"}
{"timestamp":"2026-09-10T04:12:27.127314Z","level":"info","event":"======================================================================","logger":"task.stdout"}
{"timestamp":"2026-09-10T04:12:27.127356Z","level":"info","event":"Writing 20,934 telemetry rows...","logger":"task.stdout"}
{"timestamp":"2026-09-10T04:12:27.127397Z","level":"info","event":"Iceberg commit successful.","logger":"task.stdout"}
{"timestamp":"2026-09-10T04:12:27.127440Z","level":"info","event":"","logger":"task.stdout"}
{"timestamp":"2026-09-10T04:12:27.127484Z","level":"info","event":"======================================================================","logger":"task.stdout"}
{"timestamp":"2026-09-10T04:12:27.127527Z","level":"info","event":"ICEBERG VALIDATION","logger":"task.stdout"}
{"timestamp":"2026-09-10T04:12:27.127570Z","level":"info","event":"======================================================================","logger":"task.stdout"}
{"timestamp":"2026-09-10T04:12:27.127612Z","level":"info","event":"Table: bronze.telemetry","logger":"task.stdout"}
{"timestamp":"2026-09-10T04:12:27.127658Z","level":"info","event":"Snapshot ID: 4362926767898002999","logger":"task.stdout"}
{"timestamp":"2026-09-10T04:12:27.127703Z","level":"info","event":"","logger":"task.stdout"}
{"timestamp":"2026-09-10T04:12:27.127746Z","level":"info","event":"Partition spec:","logger":"task.stdout"}
{"timestamp":"2026-09-10T04:12:27.127791Z","level":"info","event":"[","logger":"task.stdout"}
{"timestamp":"2026-09-10T04:12:27.127841Z","level":"info","event":"  1000: season: identity(1)","logger":"task.stdout"}
{"timestamp":"2026-09-10T04:12:27.127885Z","level":"info","event":"  1001: event_slug: identity(3)","logger":"task.stdout"}
{"timestamp":"2026-09-10T04:12:27.127928Z","level":"info","event":"  1002: session_type: identity(4)","logger":"task.stdout"}
{"timestamp":"2026-09-10T04:12:27.127971Z","level":"info","event":"  1003: driver_code: identity(5)","logger":"task.stdout"}
{"timestamp":"2026-09-10T04:12:27.128017Z","level":"info","event":"]","logger":"task.stdout"}
{"timestamp":"2026-09-10T04:12:27.128064Z","level":"info","event":"","logger":"task.stdout"}
{"timestamp":"2026-09-10T04:12:27.128112Z","level":"info","event":"Schema:","logger":"task.stdout"}
{"timestamp":"2026-09-10T04:12:27.128168Z","level":"info","event":"table {","logger":"task.stdout"}
{"timestamp":"2026-09-10T04:12:27.128225Z","level":"info","event":"  1: season: optional int","logger":"task.stdout"}
{"timestamp":"2026-09-10T04:12:27.128279Z","level":"info","event":"  2: event_name: optional string","logger":"task.stdout"}
{"timestamp":"2026-09-10T04:12:27.128334Z","level":"info","event":"  3: event_slug: optional string","logger":"task.stdout"}
{"timestamp":"2026-09-10T04:12:27.128379Z","level":"info","event":"  4: session_type: optional string","logger":"task.stdout"}
{"timestamp":"2026-09-10T04:12:27.128452Z","level":"info","event":"  5: driver_code: optional string","logger":"task.stdout"}
{"timestamp":"2026-09-10T04:12:27.128525Z","level":"info","event":"  6: driver_number: optional string","logger":"task.stdout"}
{"timestamp":"2026-09-10T04:12:27.128601Z","level":"info","event":"  7: team_name: optional string","logger":"task.stdout"}
{"timestamp":"2026-09-10T04:12:27.128677Z","level":"info","event":"  8: lap_number: optional int","logger":"task.stdout"}
{"timestamp":"2026-09-10T04:12:27.128762Z","level":"info","event":"  9: sample_timestamp_utc: optional timestamptz","logger":"task.stdout"}
{"timestamp":"2026-09-10T04:12:27.128863Z","level":"info","event":"  10: session_time_ms: optional long","logger":"task.stdout"}
{"timestamp":"2026-09-10T04:12:27.128942Z","level":"info","event":"  11: sample_time_ms: optional long","logger":"task.stdout"}
{"timestamp":"2026-09-10T04:12:27.129018Z","level":"info","event":"  12: rpm: optional double","logger":"task.stdout"}
{"timestamp":"2026-09-10T04:12:27.129095Z","level":"info","event":"  13: speed_kph: optional double","logger":"task.stdout"}
{"timestamp":"2026-09-10T04:12:27.129174Z","level":"info","event":"  14: gear: optional int","logger":"task.stdout"}
{"timestamp":"2026-09-10T04:12:27.129251Z","level":"info","event":"  15: throttle_pct: optional double","logger":"task.stdout"}
{"timestamp":"2026-09-10T04:12:27.129323Z","level":"info","event":"  16: brake: optional boolean","logger":"task.stdout"}
{"timestamp":"2026-09-10T04:12:27.129396Z","level":"info","event":"  17: drs: optional int","logger":"task.stdout"}
{"timestamp":"2026-09-10T04:12:27.129470Z","level":"info","event":"  18: x: optional double","logger":"task.stdout"}
{"timestamp":"2026-09-10T04:12:27.129543Z","level":"info","event":"  19: y: optional double","logger":"task.stdout"}
{"timestamp":"2026-09-10T04:12:27.129616Z","level":"info","event":"  20: z: optional double","logger":"task.stdout"}
{"timestamp":"2026-09-10T04:12:27.129688Z","level":"info","event":"  21: distance: optional double","logger":"task.stdout"}
{"timestamp":"2026-09-10T04:12:27.129762Z","level":"info","event":"  22: relative_distance: optional double","logger":"task.stdout"}
{"timestamp":"2026-09-10T04:12:27.129859Z","level":"info","event":"  23: driver_ahead: optional string","logger":"task.stdout"}
{"timestamp":"2026-09-10T04:12:27.129936Z","level":"info","event":"  24: distance_to_driver_ahead: optional double","logger":"task.stdout"}
{"timestamp":"2026-09-10T04:12:27.130011Z","level":"info","event":"  25: source: optional string","logger":"task.stdout"}
{"timestamp":"2026-09-10T04:12:27.130083Z","level":"info","event":"  26: status: optional string","logger":"task.stdout"}
{"timestamp":"2026-09-10T04:12:27.130148Z","level":"info","event":"  27: source_system: optional string","logger":"task.stdout"}
{"timestamp":"2026-09-10T04:12:27.130215Z","level":"info","event":"  28: ingested_at: optional timestamptz","logger":"task.stdout"}
{"timestamp":"2026-09-10T04:12:27.130280Z","level":"info","event":"}","logger":"task.stdout"}
{"timestamp":"2026-09-10T04:12:27.130347Z","level":"info","event":"","logger":"task.stdout"}
{"timestamp":"2026-09-10T04:12:27.130413Z","level":"info","event":"======================================================================","logger":"task.stdout"}
{"timestamp":"2026-09-10T04:12:27.130477Z","level":"info","event":"TELEMETRY PROMOTION COMPLETE","logger":"task.stdout"}
{"timestamp":"2026-09-10T04:12:27.130542Z","level":"info","event":"======================================================================","logger":"task.stdout"}
{"timestamp":"2026-09-10T04:12:27.130607Z","level":"info","event":"Table: bronze.telemetry","logger":"task.stdout"}
{"timestamp":"2026-09-10T04:12:29.376070Z","level":"info","event":"","logger":"task.stdout"}
{"timestamp":"2026-09-10T04:12:29.376650Z","level":"info","event":"======================================================================","logger":"task.stdout"}
{"timestamp":"2026-09-10T04:12:29.376827Z","level":"info","event":"RAW TELEMETRY READ","logger":"task.stdout"}
{"timestamp":"2026-09-10T04:12:29.376946Z","level":"info","event":"======================================================================","logger":"task.stdout"}
{"timestamp":"2026-09-10T04:12:29.377042Z","level":"info","event":"s3://f1-raw/season=2026/event=italian-grand-prix/session=R/telemetry/driver=ALO/telemetry.parquet","logger":"task.stdout"}
{"timestamp":"2026-09-10T04:12:29.377149Z","level":"info","event":"Rows:    17,774","logger":"task.stdout"}
{"timestamp":"2026-09-10T04:12:29.377256Z","level":"info","event":"Columns: 26","logger":"task.stdout"}
{"timestamp":"2026-09-10T04:12:29.377362Z","level":"info","event":"","logger":"task.stdout"}
{"timestamp":"2026-09-10T04:12:29.377457Z","level":"info","event":"======================================================================","logger":"task.stdout"}
{"timestamp":"2026-09-10T04:12:29.377549Z","level":"info","event":"NORMALIZE TELEMETRY","logger":"task.stdout"}
{"timestamp":"2026-09-10T04:12:29.377637Z","level":"info","event":"======================================================================","logger":"task.stdout"}
{"timestamp":"2026-09-10T04:12:29.377746Z","level":"info","event":"Rows:    17,774","logger":"task.stdout"}
{"timestamp":"2026-09-10T04:12:29.377991Z","level":"info","event":"Columns: 28","logger":"task.stdout"}
{"timestamp":"2026-09-10T04:12:29.378423Z","level":"info","event":"","logger":"task.stdout"}
{"timestamp":"2026-09-10T04:12:29.378727Z","level":"info","event":"season: int32","logger":"task.stdout"}
{"timestamp":"2026-09-10T04:12:29.379038Z","level":"info","event":"event_name: string","logger":"task.stdout"}
{"timestamp":"2026-09-10T04:12:29.379288Z","level":"info","event":"event_slug: string","logger":"task.stdout"}
{"timestamp":"2026-09-10T04:12:29.379526Z","level":"info","event":"session_type: string","logger":"task.stdout"}
{"timestamp":"2026-09-10T04:12:29.379759Z","level":"info","event":"driver_code: string","logger":"task.stdout"}
{"timestamp":"2026-09-10T04:12:29.380006Z","level":"info","event":"driver_number: string","logger":"task.stdout"}
{"timestamp":"2026-09-10T04:12:29.380242Z","level":"info","event":"team_name: string","logger":"task.stdout"}
{"timestamp":"2026-09-10T04:12:29.380509Z","level":"info","event":"lap_number: int32","logger":"task.stdout"}
{"timestamp":"2026-09-10T04:12:29.380775Z","level":"info","event":"sample_timestamp_utc: timestamp[us, tz=UTC]","logger":"task.stdout"}
{"timestamp":"2026-09-10T04:12:29.381063Z","level":"info","event":"session_time_ms: int64","logger":"task.stdout"}
{"timestamp":"2026-09-10T04:12:29.381317Z","level":"info","event":"sample_time_ms: int64","logger":"task.stdout"}
{"timestamp":"2026-09-10T04:12:29.381581Z","level":"info","event":"rpm: double","logger":"task.stdout"}
{"timestamp":"2026-09-10T04:12:29.381859Z","level":"info","event":"speed_kph: double","logger":"task.stdout"}
{"timestamp":"2026-09-10T04:12:29.382100Z","level":"info","event":"gear: int32","logger":"task.stdout"}
{"timestamp":"2026-09-10T04:12:29.382326Z","level":"info","event":"throttle_pct: double","logger":"task.stdout"}
{"timestamp":"2026-09-10T04:12:29.382555Z","level":"info","event":"brake: bool","logger":"task.stdout"}
{"timestamp":"2026-09-10T04:12:29.382791Z","level":"info","event":"drs: int32","logger":"task.stdout"}
{"timestamp":"2026-09-10T04:12:29.383053Z","level":"info","event":"x: double","logger":"task.stdout"}
{"timestamp":"2026-09-10T04:12:29.383305Z","level":"info","event":"y: double","logger":"task.stdout"}
{"timestamp":"2026-09-10T04:12:29.383565Z","level":"info","event":"z: double","logger":"task.stdout"}
{"timestamp":"2026-09-10T04:12:29.383849Z","level":"info","event":"distance: double","logger":"task.stdout"}
{"timestamp":"2026-09-10T04:12:29.384128Z","level":"info","event":"relative_distance: double","logger":"task.stdout"}
{"timestamp":"2026-09-10T04:12:29.384388Z","level":"info","event":"driver_ahead: string","logger":"task.stdout"}
{"timestamp":"2026-09-10T04:12:29.384647Z","level":"info","event":"distance_to_driver_ahead: double","logger":"task.stdout"}
{"timestamp":"2026-09-10T04:12:29.384954Z","level":"info","event":"source: string","logger":"task.stdout"}
{"timestamp":"2026-09-10T04:12:29.385233Z","level":"info","event":"status: string","logger":"task.stdout"}
{"timestamp":"2026-09-10T04:12:29.385507Z","level":"info","event":"source_system: string","logger":"task.stdout"}
{"timestamp":"2026-09-10T04:12:29.385756Z","level":"info","event":"ingested_at: timestamp[us, tz=UTC]","logger":"task.stdout"}
{"timestamp":"2026-09-10T04:12:29.386058Z","level":"info","event":"-- schema metadata --","logger":"task.stdout"}
{"timestamp":"2026-09-10T04:12:29.386369Z","level":"info","event":"pandas: '{\"index_columns\": [], \"column_indexes\": [], \"columns\": [{\"name\":' + 3466","logger":"task.stdout"}
{"timestamp":"2026-09-10T04:12:29.386671Z","level":"info","event":"","logger":"task.stdout"}
{"timestamp":"2026-09-10T04:12:29.386954Z","level":"info","event":"======================================================================","logger":"task.stdout"}
{"timestamp":"2026-09-10T04:12:29.387210Z","level":"info","event":"ICEBERG WRITE","logger":"task.stdout"}
{"timestamp":"2026-09-10T04:12:29.387461Z","level":"info","event":"======================================================================","logger":"task.stdout"}
{"timestamp":"2026-09-10T04:12:29.387710Z","level":"info","event":"Writing 17,774 telemetry rows...","logger":"task.stdout"}
{"timestamp":"2026-09-10T04:12:29.387975Z","level":"info","event":"Iceberg commit successful.","logger":"task.stdout"}
{"timestamp":"2026-09-10T04:12:29.388221Z","level":"info","event":"","logger":"task.stdout"}
{"timestamp":"2026-09-10T04:12:29.388451Z","level":"info","event":"======================================================================","logger":"task.stdout"}
{"timestamp":"2026-09-10T04:12:29.388696Z","level":"info","event":"ICEBERG VALIDATION","logger":"task.stdout"}
{"timestamp":"2026-09-10T04:12:29.388967Z","level":"info","event":"======================================================================","logger":"task.stdout"}
{"timestamp":"2026-09-10T04:12:29.389219Z","level":"info","event":"Table: bronze.telemetry","logger":"task.stdout"}
{"timestamp":"2026-09-10T04:12:29.389488Z","level":"info","event":"Snapshot ID: 4081059643660924672","logger":"task.stdout"}
{"timestamp":"2026-09-10T04:12:29.389773Z","level":"info","event":"","logger":"task.stdout"}
{"timestamp":"2026-09-10T04:12:29.390067Z","level":"info","event":"Partition spec:","logger":"task.stdout"}
{"timestamp":"2026-09-10T04:12:29.390339Z","level":"info","event":"[","logger":"task.stdout"}
{"timestamp":"2026-09-10T04:12:29.390597Z","level":"info","event":"  1000: season: identity(1)","logger":"task.stdout"}
{"timestamp":"2026-09-10T04:12:29.390864Z","level":"info","event":"  1001: event_slug: identity(3)","logger":"task.stdout"}
{"timestamp":"2026-09-10T04:12:29.391116Z","level":"info","event":"  1002: session_type: identity(4)","logger":"task.stdout"}
{"timestamp":"2026-09-10T04:12:29.391367Z","level":"info","event":"  1003: driver_code: identity(5)","logger":"task.stdout"}
{"timestamp":"2026-09-10T04:12:29.391620Z","level":"info","event":"]","logger":"task.stdout"}
{"timestamp":"2026-09-10T04:12:29.391891Z","level":"info","event":"","logger":"task.stdout"}
{"timestamp":"2026-09-10T04:12:29.392151Z","level":"info","event":"Schema:","logger":"task.stdout"}
{"timestamp":"2026-09-10T04:12:29.392400Z","level":"info","event":"table {","logger":"task.stdout"}
{"timestamp":"2026-09-10T04:12:29.392647Z","level":"info","event":"  1: season: optional int","logger":"task.stdout"}
{"timestamp":"2026-09-10T04:12:29.392913Z","level":"info","event":"  2: event_name: optional string","logger":"task.stdout"}
{"timestamp":"2026-09-10T04:12:29.393147Z","level":"info","event":"  3: event_slug: optional string","logger":"task.stdout"}
{"timestamp":"2026-09-10T04:12:29.393368Z","level":"info","event":"  4: session_type: optional string","logger":"task.stdout"}
{"timestamp":"2026-09-10T04:12:29.393583Z","level":"info","event":"  5: driver_code: optional string","logger":"task.stdout"}
{"timestamp":"2026-09-10T04:12:29.393860Z","level":"info","event":"  6: driver_number: optional string","logger":"task.stdout"}
{"timestamp":"2026-09-10T04:12:29.394122Z","level":"info","event":"  7: team_name: optional string","logger":"task.stdout"}
{"timestamp":"2026-09-10T04:12:29.394355Z","level":"info","event":"  8: lap_number: optional int","logger":"task.stdout"}
{"timestamp":"2026-09-10T04:12:29.394573Z","level":"info","event":"  9: sample_timestamp_utc: optional timestamptz","logger":"task.stdout"}
{"timestamp":"2026-09-10T04:12:29.394808Z","level":"info","event":"  10: session_time_ms: optional long","logger":"task.stdout"}
{"timestamp":"2026-09-10T04:12:29.395049Z","level":"info","event":"  11: sample_time_ms: optional long","logger":"task.stdout"}
{"timestamp":"2026-09-10T04:12:29.395257Z","level":"info","event":"  12: rpm: optional double","logger":"task.stdout"}
{"timestamp":"2026-09-10T04:12:29.395452Z","level":"info","event":"  13: speed_kph: optional double","logger":"task.stdout"}
{"timestamp":"2026-09-10T04:12:29.395656Z","level":"info","event":"  14: gear: optional int","logger":"task.stdout"}
{"timestamp":"2026-09-10T04:12:29.395917Z","level":"info","event":"  15: throttle_pct: optional double","logger":"task.stdout"}
{"timestamp":"2026-09-10T04:12:29.396194Z","level":"info","event":"  16: brake: optional boolean","logger":"task.stdout"}
{"timestamp":"2026-09-10T04:12:29.396480Z","level":"info","event":"  17: drs: optional int","logger":"task.stdout"}
{"timestamp":"2026-09-10T04:12:29.396759Z","level":"info","event":"  18: x: optional double","logger":"task.stdout"}
{"timestamp":"2026-09-10T04:12:29.397042Z","level":"info","event":"  19: y: optional double","logger":"task.stdout"}
{"timestamp":"2026-09-10T04:12:29.397334Z","level":"info","event":"  20: z: optional double","logger":"task.stdout"}
{"timestamp":"2026-09-10T04:12:29.397599Z","level":"info","event":"  21: distance: optional double","logger":"task.stdout"}
{"timestamp":"2026-09-10T04:12:29.397860Z","level":"info","event":"  22: relative_distance: optional double","logger":"task.stdout"}
{"timestamp":"2026-09-10T04:12:29.398115Z","level":"info","event":"  23: driver_ahead: optional string","logger":"task.stdout"}
{"timestamp":"2026-09-10T04:12:29.398335Z","level":"info","event":"  24: distance_to_driver_ahead: optional double","logger":"task.stdout"}
{"timestamp":"2026-09-10T04:12:29.398496Z","level":"info","event":"  25: source: optional string","logger":"task.stdout"}
{"timestamp":"2026-09-10T04:12:29.398657Z","level":"info","event":"  26: status: optional string","logger":"task.stdout"}
{"timestamp":"2026-09-10T04:12:29.398817Z","level":"info","event":"  27: source_system: optional string","logger":"task.stdout"}
{"timestamp":"2026-09-10T04:12:29.398988Z","level":"info","event":"  28: ingested_at: optional timestamptz","logger":"task.stdout"}
{"timestamp":"2026-09-10T04:12:29.399147Z","level":"info","event":"}","logger":"task.stdout"}
{"timestamp":"2026-09-10T04:12:29.399299Z","level":"info","event":"","logger":"task.stdout"}
{"timestamp":"2026-09-10T04:12:29.399450Z","level":"info","event":"======================================================================","logger":"task.stdout"}
{"timestamp":"2026-09-10T04:12:29.399596Z","level":"info","event":"TELEMETRY PROMOTION COMPLETE","logger":"task.stdout"}
{"timestamp":"2026-09-10T04:12:29.399742Z","level":"info","event":"======================================================================","logger":"task.stdout"}
{"timestamp":"2026-09-10T04:12:29.399902Z","level":"info","event":"Table: bronze.telemetry","logger":"task.stdout"}
{"timestamp":"2026-09-10T04:12:31.518108Z","level":"info","event":"","logger":"task.stdout"}
{"timestamp":"2026-09-10T04:12:31.518667Z","level":"info","event":"======================================================================","logger":"task.stdout"}
{"timestamp":"2026-09-10T04:12:31.518874Z","level":"info","event":"RAW TELEMETRY READ","logger":"task.stdout"}
{"timestamp":"2026-09-10T04:12:31.519042Z","level":"info","event":"======================================================================","logger":"task.stdout"}
{"timestamp":"2026-09-10T04:12:31.519204Z","level":"info","event":"s3://f1-raw/season=2026/event=italian-grand-prix/session=R/telemetry/driver=LEC/telemetry.parquet","logger":"task.stdout"}
{"timestamp":"2026-09-10T04:12:31.519368Z","level":"info","event":"Rows:    7,034","logger":"task.stdout"}
{"timestamp":"2026-09-10T04:12:31.519630Z","level":"info","event":"Columns: 26","logger":"task.stdout"}
{"timestamp":"2026-09-10T04:12:31.519947Z","level":"info","event":"","logger":"task.stdout"}
{"timestamp":"2026-09-10T04:12:31.520301Z","level":"info","event":"======================================================================","logger":"task.stdout"}
{"timestamp":"2026-09-10T04:12:31.520634Z","level":"info","event":"NORMALIZE TELEMETRY","logger":"task.stdout"}
{"timestamp":"2026-09-10T04:12:31.520985Z","level":"info","event":"======================================================================","logger":"task.stdout"}
{"timestamp":"2026-09-10T04:12:31.521306Z","level":"info","event":"Rows:    7,034","logger":"task.stdout"}
{"timestamp":"2026-09-10T04:12:31.521625Z","level":"info","event":"Columns: 28","logger":"task.stdout"}
{"timestamp":"2026-09-10T04:12:31.521927Z","level":"info","event":"","logger":"task.stdout"}
{"timestamp":"2026-09-10T04:12:31.522189Z","level":"info","event":"season: int32","logger":"task.stdout"}
{"timestamp":"2026-09-10T04:12:31.522471Z","level":"info","event":"event_name: string","logger":"task.stdout"}
{"timestamp":"2026-09-10T04:12:31.522809Z","level":"info","event":"event_slug: string","logger":"task.stdout"}
{"timestamp":"2026-09-10T04:12:31.523202Z","level":"info","event":"session_type: string","logger":"task.stdout"}
{"timestamp":"2026-09-10T04:12:31.523610Z","level":"info","event":"driver_code: string","logger":"task.stdout"}
{"timestamp":"2026-09-10T04:12:31.523985Z","level":"info","event":"driver_number: string","logger":"task.stdout"}
{"timestamp":"2026-09-10T04:12:31.524334Z","level":"info","event":"team_name: string","logger":"task.stdout"}
{"timestamp":"2026-09-10T04:12:31.524691Z","level":"info","event":"lap_number: int32","logger":"task.stdout"}
{"timestamp":"2026-09-10T04:12:31.525047Z","level":"info","event":"sample_timestamp_utc: timestamp[us, tz=UTC]","logger":"task.stdout"}
{"timestamp":"2026-09-10T04:12:31.525375Z","level":"info","event":"session_time_ms: int64","logger":"task.stdout"}
{"timestamp":"2026-09-10T04:12:31.525665Z","level":"info","event":"sample_time_ms: int64","logger":"task.stdout"}
{"timestamp":"2026-09-10T04:12:31.525979Z","level":"info","event":"rpm: double","logger":"task.stdout"}
{"timestamp":"2026-09-10T04:12:31.526282Z","level":"info","event":"speed_kph: double","logger":"task.stdout"}
{"timestamp":"2026-09-10T04:12:31.526584Z","level":"info","event":"gear: int32","logger":"task.stdout"}
{"timestamp":"2026-09-10T04:12:31.526903Z","level":"info","event":"throttle_pct: double","logger":"task.stdout"}
{"timestamp":"2026-09-10T04:12:31.527233Z","level":"info","event":"brake: bool","logger":"task.stdout"}
{"timestamp":"2026-09-10T04:12:31.527562Z","level":"info","event":"drs: int32","logger":"task.stdout"}
{"timestamp":"2026-09-10T04:12:31.527879Z","level":"info","event":"x: double","logger":"task.stdout"}
{"timestamp":"2026-09-10T04:12:31.528178Z","level":"info","event":"y: double","logger":"task.stdout"}
{"timestamp":"2026-09-10T04:12:31.528446Z","level":"info","event":"z: double","logger":"task.stdout"}
{"timestamp":"2026-09-10T04:12:31.528717Z","level":"info","event":"distance: double","logger":"task.stdout"}
{"timestamp":"2026-09-10T04:12:31.529013Z","level":"info","event":"relative_distance: double","logger":"task.stdout"}
{"timestamp":"2026-09-10T04:12:31.529305Z","level":"info","event":"driver_ahead: string","logger":"task.stdout"}
{"timestamp":"2026-09-10T04:12:31.529598Z","level":"info","event":"distance_to_driver_ahead: double","logger":"task.stdout"}
{"timestamp":"2026-09-10T04:12:31.529903Z","level":"info","event":"source: string","logger":"task.stdout"}
{"timestamp":"2026-09-10T04:12:31.530180Z","level":"info","event":"status: string","logger":"task.stdout"}
{"timestamp":"2026-09-10T04:12:31.530458Z","level":"info","event":"source_system: string","logger":"task.stdout"}
{"timestamp":"2026-09-10T04:12:31.530742Z","level":"info","event":"ingested_at: timestamp[us, tz=UTC]","logger":"task.stdout"}
{"timestamp":"2026-09-10T04:12:31.531046Z","level":"info","event":"-- schema metadata --","logger":"task.stdout"}
{"timestamp":"2026-09-10T04:12:31.531345Z","level":"info","event":"pandas: '{\"index_columns\": [], \"column_indexes\": [], \"columns\": [{\"name\":' + 3466","logger":"task.stdout"}
{"timestamp":"2026-09-10T04:12:31.531660Z","level":"info","event":"","logger":"task.stdout"}
{"timestamp":"2026-09-10T04:12:31.531996Z","level":"info","event":"======================================================================","logger":"task.stdout"}
{"timestamp":"2026-09-10T04:12:31.532279Z","level":"info","event":"ICEBERG WRITE","logger":"task.stdout"}
{"timestamp":"2026-09-10T04:12:31.532551Z","level":"info","event":"======================================================================","logger":"task.stdout"}
{"timestamp":"2026-09-10T04:12:31.532842Z","level":"info","event":"Writing 7,034 telemetry rows...","logger":"task.stdout"}
{"timestamp":"2026-09-10T04:12:31.533133Z","level":"info","event":"Iceberg commit successful.","logger":"task.stdout"}
{"timestamp":"2026-09-10T04:12:31.533404Z","level":"info","event":"","logger":"task.stdout"}
{"timestamp":"2026-09-10T04:12:31.533671Z","level":"info","event":"======================================================================","logger":"task.stdout"}
{"timestamp":"2026-09-10T04:12:31.533958Z","level":"info","event":"ICEBERG VALIDATION","logger":"task.stdout"}
{"timestamp":"2026-09-10T04:12:31.534236Z","level":"info","event":"======================================================================","logger":"task.stdout"}
{"timestamp":"2026-09-10T04:12:31.534512Z","level":"info","event":"Table: bronze.telemetry","logger":"task.stdout"}
{"timestamp":"2026-09-10T04:12:31.534781Z","level":"info","event":"Snapshot ID: 3346188445600168837","logger":"task.stdout"}
{"timestamp":"2026-09-10T04:12:31.535075Z","level":"info","event":"","logger":"task.stdout"}
{"timestamp":"2026-09-10T04:12:31.535251Z","level":"info","event":"Partition spec:","logger":"task.stdout"}
{"timestamp":"2026-09-10T04:12:31.535414Z","level":"info","event":"[","logger":"task.stdout"}
{"timestamp":"2026-09-10T04:12:31.535582Z","level":"info","event":"  1000: season: identity(1)","logger":"task.stdout"}
{"timestamp":"2026-09-10T04:12:31.535744Z","level":"info","event":"  1001: event_slug: identity(3)","logger":"task.stdout"}
{"timestamp":"2026-09-10T04:12:31.535922Z","level":"info","event":"  1002: session_type: identity(4)","logger":"task.stdout"}
{"timestamp":"2026-09-10T04:12:31.536089Z","level":"info","event":"  1003: driver_code: identity(5)","logger":"task.stdout"}
{"timestamp":"2026-09-10T04:12:31.536255Z","level":"info","event":"]","logger":"task.stdout"}
{"timestamp":"2026-09-10T04:12:31.536426Z","level":"info","event":"","logger":"task.stdout"}
{"timestamp":"2026-09-10T04:12:31.536689Z","level":"info","event":"Schema:","logger":"task.stdout"}
{"timestamp":"2026-09-10T04:12:31.536988Z","level":"info","event":"table {","logger":"task.stdout"}
{"timestamp":"2026-09-10T04:12:31.537279Z","level":"info","event":"  1: season: optional int","logger":"task.stdout"}
{"timestamp":"2026-09-10T04:12:31.537574Z","level":"info","event":"  2: event_name: optional string","logger":"task.stdout"}
{"timestamp":"2026-09-10T04:12:31.537892Z","level":"info","event":"  3: event_slug: optional string","logger":"task.stdout"}
{"timestamp":"2026-09-10T04:12:31.538191Z","level":"info","event":"  4: session_type: optional string","logger":"task.stdout"}
{"timestamp":"2026-09-10T04:12:31.538493Z","level":"info","event":"  5: driver_code: optional string","logger":"task.stdout"}
{"timestamp":"2026-09-10T04:12:31.538800Z","level":"info","event":"  6: driver_number: optional string","logger":"task.stdout"}
{"timestamp":"2026-09-10T04:12:31.539145Z","level":"info","event":"  7: team_name: optional string","logger":"task.stdout"}
{"timestamp":"2026-09-10T04:12:31.539480Z","level":"info","event":"  8: lap_number: optional int","logger":"task.stdout"}
{"timestamp":"2026-09-10T04:12:31.539819Z","level":"info","event":"  9: sample_timestamp_utc: optional timestamptz","logger":"task.stdout"}
{"timestamp":"2026-09-10T04:12:31.540185Z","level":"info","event":"  10: session_time_ms: optional long","logger":"task.stdout"}
{"timestamp":"2026-09-10T04:12:31.540603Z","level":"info","event":"  11: sample_time_ms: optional long","logger":"task.stdout"}
{"timestamp":"2026-09-10T04:12:31.541008Z","level":"info","event":"  12: rpm: optional double","logger":"task.stdout"}
{"timestamp":"2026-09-10T04:12:31.541350Z","level":"info","event":"  13: speed_kph: optional double","logger":"task.stdout"}
{"timestamp":"2026-09-10T04:12:31.541710Z","level":"info","event":"  14: gear: optional int","logger":"task.stdout"}
{"timestamp":"2026-09-10T04:12:31.542101Z","level":"info","event":"  15: throttle_pct: optional double","logger":"task.stdout"}
{"timestamp":"2026-09-10T04:12:31.542435Z","level":"info","event":"  16: brake: optional boolean","logger":"task.stdout"}
{"timestamp":"2026-09-10T04:12:31.542743Z","level":"info","event":"  17: drs: optional int","logger":"task.stdout"}
{"timestamp":"2026-09-10T04:12:31.543071Z","level":"info","event":"  18: x: optional double","logger":"task.stdout"}
{"timestamp":"2026-09-10T04:12:31.543378Z","level":"info","event":"  19: y: optional double","logger":"task.stdout"}
{"timestamp":"2026-09-10T04:12:31.543686Z","level":"info","event":"  20: z: optional double","logger":"task.stdout"}
{"timestamp":"2026-09-10T04:12:31.544011Z","level":"info","event":"  21: distance: optional double","logger":"task.stdout"}
{"timestamp":"2026-09-10T04:12:31.544311Z","level":"info","event":"  22: relative_distance: optional double","logger":"task.stdout"}
{"timestamp":"2026-09-10T04:12:31.544609Z","level":"info","event":"  23: driver_ahead: optional string","logger":"task.stdout"}
{"timestamp":"2026-09-10T04:12:31.544923Z","level":"info","event":"  24: distance_to_driver_ahead: optional double","logger":"task.stdout"}
{"timestamp":"2026-09-10T04:12:31.545221Z","level":"info","event":"  25: source: optional string","logger":"task.stdout"}
{"timestamp":"2026-09-10T04:12:31.545409Z","level":"info","event":"  26: status: optional string","logger":"task.stdout"}
{"timestamp":"2026-09-10T04:12:31.545572Z","level":"info","event":"  27: source_system: optional string","logger":"task.stdout"}
{"timestamp":"2026-09-10T04:12:31.545743Z","level":"info","event":"  28: ingested_at: optional timestamptz","logger":"task.stdout"}
{"timestamp":"2026-09-10T04:12:31.545916Z","level":"info","event":"}","logger":"task.stdout"}
{"timestamp":"2026-09-10T04:12:31.546072Z","level":"info","event":"","logger":"task.stdout"}
{"timestamp":"2026-09-10T04:12:31.546223Z","level":"info","event":"======================================================================","logger":"task.stdout"}
{"timestamp":"2026-09-10T04:12:31.546357Z","level":"info","event":"TELEMETRY PROMOTION COMPLETE","logger":"task.stdout"}
{"timestamp":"2026-09-10T04:12:31.546491Z","level":"info","event":"======================================================================","logger":"task.stdout"}
{"timestamp":"2026-09-10T04:12:31.546624Z","level":"info","event":"Table: bronze.telemetry","logger":"task.stdout"}
{"timestamp":"2026-09-10T04:12:31.864364Z","level":"info","event":"","logger":"task.stdout"}
{"timestamp":"2026-09-10T04:12:31.864805Z","level":"info","event":"======================================================================","logger":"task.stdout"}
{"timestamp":"2026-09-10T04:12:31.865110Z","level":"info","event":"READ TELEMETRY MANIFEST","logger":"task.stdout"}
{"timestamp":"2026-09-10T04:12:31.865396Z","level":"info","event":"======================================================================","logger":"task.stdout"}
{"timestamp":"2026-09-10T04:12:31.865667Z","level":"info","event":"driver  rows  size_mb","logger":"task.stdout"}
{"timestamp":"2026-09-10T04:12:31.865952Z","level":"info","event":"   ANT 36453     2.68","logger":"task.stdout"}
{"timestamp":"2026-09-10T04:12:31.866221Z","level":"info","event":"   RUS 36230     2.46","logger":"task.stdout"}
{"timestamp":"2026-09-10T04:12:31.866479Z","level":"info","event":"   VER 36368     2.70","logger":"task.stdout"}
{"timestamp":"2026-09-10T04:12:31.866775Z","level":"info","event":"   NOR 36488     2.73","logger":"task.stdout"}
{"timestamp":"2026-09-10T04:12:31.867119Z","level":"info","event":"   PIA 36465     2.72","logger":"task.stdout"}
{"timestamp":"2026-09-10T04:12:31.867434Z","level":"info","event":"   HAM 36557     2.77","logger":"task.stdout"}
{"timestamp":"2026-09-10T04:12:31.867744Z","level":"info","event":"   GAS 36432     2.70","logger":"task.stdout"}
{"timestamp":"2026-09-10T04:12:31.868102Z","level":"info","event":"   LIN 36688     2.75","logger":"task.stdout"}
{"timestamp":"2026-09-10T04:12:31.868429Z","level":"info","event":"   COL 36614     2.72","logger":"task.stdout"}
{"timestamp":"2026-09-10T04:12:31.868758Z","level":"info","event":"   TSU 36938     2.76","logger":"task.stdout"}
{"timestamp":"2026-09-10T04:12:31.869119Z","level":"info","event":"   BOR 36915     2.76","logger":"task.stdout"}
{"timestamp":"2026-09-10T04:12:31.869441Z","level":"info","event":"   HUL 36948     2.78","logger":"task.stdout"}
{"timestamp":"2026-09-10T04:12:31.870797Z","level":"info","event":"   SAI 37096     2.77","logger":"task.stdout"}
{"timestamp":"2026-09-10T04:12:31.871335Z","level":"info","event":"   LAW 37095     2.78","logger":"task.stdout"}
{"timestamp":"2026-09-10T04:12:31.873124Z","level":"info","event":"   BEA 36986     2.77","logger":"task.stdout"}
{"timestamp":"2026-09-10T04:12:31.873643Z","level":"info","event":"   OCO 36476     2.74","logger":"task.stdout"}
{"timestamp":"2026-09-10T04:12:31.874119Z","level":"info","event":"   ALB 36746     2.74","logger":"task.stdout"}
{"timestamp":"2026-09-10T04:12:31.874473Z","level":"info","event":"   PER 37077     2.79","logger":"task.stdout"}
{"timestamp":"2026-09-10T04:12:31.874933Z","level":"info","event":"   BOT 36704     2.77","logger":"task.stdout"}
{"timestamp":"2026-09-10T04:12:31.875906Z","level":"info","event":"   STR 20934     1.54","logger":"task.stdout"}
{"timestamp":"2026-09-10T04:12:31.876548Z","level":"info","event":"   ALO 17774     1.33","logger":"task.stdout"}
{"timestamp":"2026-09-10T04:12:31.877288Z","level":"info","event":"   LEC  7034     0.32","logger":"task.stdout"}
{"timestamp":"2026-09-10T04:12:31.877713Z","level":"info","event":"","logger":"task.stdout"}
{"timestamp":"2026-09-10T04:12:31.879134Z","level":"info","event":"======================================================================","logger":"task.stdout"}
{"timestamp":"2026-09-10T04:12:31.879477Z","level":"info","event":"PROMOTING DRIVERS","logger":"task.stdout"}
{"timestamp":"2026-09-10T04:12:31.879785Z","level":"info","event":"======================================================================","logger":"task.stdout"}
{"timestamp":"2026-09-10T04:12:31.880144Z","level":"info","event":"","logger":"task.stdout"}
{"timestamp":"2026-09-10T04:12:31.880468Z","level":"info","event":"[1/22] ANT","logger":"task.stdout"}
{"timestamp":"2026-09-10T04:12:31.880799Z","level":"info","event":"","logger":"task.stdout"}
{"timestamp":"2026-09-10T04:12:31.881158Z","level":"info","event":"[2/22] RUS","logger":"task.stdout"}
{"timestamp":"2026-09-10T04:12:31.881477Z","level":"info","event":"","logger":"task.stdout"}
{"timestamp":"2026-09-10T04:12:31.881784Z","level":"info","event":"[3/22] VER","logger":"task.stdout"}
{"timestamp":"2026-09-10T04:12:31.882125Z","level":"info","event":"","logger":"task.stdout"}
{"timestamp":"2026-09-10T04:12:31.882420Z","level":"info","event":"[4/22] NOR","logger":"task.stdout"}
{"timestamp":"2026-09-10T04:12:31.882701Z","level":"info","event":"","logger":"task.stdout"}
{"timestamp":"2026-09-10T04:12:31.882997Z","level":"info","event":"[5/22] PIA","logger":"task.stdout"}
{"timestamp":"2026-09-10T04:12:31.883280Z","level":"info","event":"","logger":"task.stdout"}
{"timestamp":"2026-09-10T04:12:31.883556Z","level":"info","event":"[6/22] HAM","logger":"task.stdout"}
{"timestamp":"2026-09-10T04:12:31.883855Z","level":"info","event":"","logger":"task.stdout"}
{"timestamp":"2026-09-10T04:12:31.884138Z","level":"info","event":"[7/22] GAS","logger":"task.stdout"}
{"timestamp":"2026-09-10T04:12:31.884415Z","level":"info","event":"","logger":"task.stdout"}
{"timestamp":"2026-09-10T04:12:31.884684Z","level":"info","event":"[8/22] LIN","logger":"task.stdout"}
{"timestamp":"2026-09-10T04:12:31.885005Z","level":"info","event":"","logger":"task.stdout"}
{"timestamp":"2026-09-10T04:12:31.885266Z","level":"info","event":"[9/22] COL","logger":"task.stdout"}
{"timestamp":"2026-09-10T04:12:31.885423Z","level":"info","event":"","logger":"task.stdout"}
{"timestamp":"2026-09-10T04:12:31.885569Z","level":"info","event":"[10/22] TSU","logger":"task.stdout"}
{"timestamp":"2026-09-10T04:12:31.885717Z","level":"info","event":"","logger":"task.stdout"}
{"timestamp":"2026-09-10T04:12:31.886377Z","level":"info","event":"[11/22] BOR","logger":"task.stdout"}
{"timestamp":"2026-09-10T04:12:31.886560Z","level":"info","event":"","logger":"task.stdout"}
{"timestamp":"2026-09-10T04:12:31.886738Z","level":"info","event":"[12/22] HUL","logger":"task.stdout"}
{"timestamp":"2026-09-10T04:12:31.886934Z","level":"info","event":"","logger":"task.stdout"}
{"timestamp":"2026-09-10T04:12:31.887111Z","level":"info","event":"[13/22] SAI","logger":"task.stdout"}
{"timestamp":"2026-09-10T04:12:31.887299Z","level":"info","event":"","logger":"task.stdout"}
{"timestamp":"2026-09-10T04:12:31.887588Z","level":"info","event":"[14/22] LAW","logger":"task.stdout"}
{"timestamp":"2026-09-10T04:12:31.887902Z","level":"info","event":"","logger":"task.stdout"}
{"timestamp":"2026-09-10T04:12:31.889717Z","level":"info","event":"[15/22] BEA","logger":"task.stdout"}
{"timestamp":"2026-09-10T04:12:31.890165Z","level":"info","event":"","logger":"task.stdout"}
{"timestamp":"2026-09-10T04:12:31.890314Z","level":"info","event":"[16/22] OCO","logger":"task.stdout"}
{"timestamp":"2026-09-10T04:12:31.890425Z","level":"info","event":"","logger":"task.stdout"}
{"timestamp":"2026-09-10T04:12:31.890519Z","level":"info","event":"[17/22] ALB","logger":"task.stdout"}
{"timestamp":"2026-09-10T04:12:31.890607Z","level":"info","event":"","logger":"task.stdout"}
{"timestamp":"2026-09-10T04:12:31.890697Z","level":"info","event":"[18/22] PER","logger":"task.stdout"}
{"timestamp":"2026-09-10T04:12:31.890811Z","level":"info","event":"","logger":"task.stdout"}
{"timestamp":"2026-09-10T04:12:31.890914Z","level":"info","event":"[19/22] BOT","logger":"task.stdout"}
{"timestamp":"2026-09-10T04:12:31.891010Z","level":"info","event":"","logger":"task.stdout"}
{"timestamp":"2026-09-10T04:12:31.891114Z","level":"info","event":"[20/22] STR","logger":"task.stdout"}
{"timestamp":"2026-09-10T04:12:31.891263Z","level":"info","event":"","logger":"task.stdout"}
{"timestamp":"2026-09-10T04:12:31.891408Z","level":"info","event":"[21/22] ALO","logger":"task.stdout"}
{"timestamp":"2026-09-10T04:12:31.891554Z","level":"info","event":"","logger":"task.stdout"}
{"timestamp":"2026-09-10T04:12:31.891692Z","level":"info","event":"[22/22] LEC","logger":"task.stdout"}
{"timestamp":"2026-09-10T04:12:31.891852Z","level":"info","event":"","logger":"task.stdout"}
{"timestamp":"2026-09-10T04:12:31.891995Z","level":"info","event":"======================================================================","logger":"task.stdout"}
{"timestamp":"2026-09-10T04:12:31.892148Z","level":"info","event":"PROMOTION SUMMARY","logger":"task.stdout"}
{"timestamp":"2026-09-10T04:12:31.892255Z","level":"info","event":"======================================================================","logger":"task.stdout"}
{"timestamp":"2026-09-10T04:12:31.892350Z","level":"info","event":"Successful: 22/22","logger":"task.stdout"}
{"timestamp":"2026-09-10T04:12:31.892445Z","level":"info","event":"","logger":"task.stdout"}
{"timestamp":"2026-09-10T04:12:31.892541Z","level":"info","event":"FULL-RACE ICEBERG PROMOTION COMPLETE","logger":"task.stdout"}
{"timestamp":"2026-09-10T04:12:32.025933Z","level":"info","event":"Done. Returned value was: None","ti_id":"01a0897d-89dd-78e5-8566-10d08e232e75","task_id":"promote_telemetry","run_id":"manual__2026-09-10T04:05:00.977350+00:00","dag_id":"f1_lakehouse_pipeline","map_index":-1,"try_number":1,"logger":"airflow.task.operators.airflow.providers.standard.decorators.python._PythonDecoratedOperator","filename":"python.py","lineno":233}
{"timestamp":"2026-09-10T04:12:32.026198Z","level":"info","event":"::group::Post Execute","ti_id":"01a0897d-89dd-78e5-8566-10d08e232e75","task_id":"promote_telemetry","run_id":"manual__2026-09-10T04:05:00.977350+00:00","dag_id":"f1_lakehouse_pipeline","map_index":-1,"try_number":1,"logger":"task","filename":"task_runner.py","lineno":1580}
{"timestamp":"2026-09-10T04:12:32.059200Z","level":"info","event":"::endgroup::","ti_id":"01a0897d-89dd-78e5-8566-10d08e232e75","task_id":"promote_telemetry","run_id":"manual__2026-09-10T04:05:00.977350+00:00","dag_id":"f1_lakehouse_pipeline","map_index":-1,"try_number":1,"logger":"task","filename":"task_runner.py","lineno":2379}
